Id,Name,Company,Title,Seniority,Industry,NumberOfEmployees,LeadSource,Email_Opens_14d,Email_Clicks_14d,Web_Visits_14d,Pricing_Page_Visits,Form_Fills,Previous_Touches,Campaign_Responses,Days_Since_Last_Activity,Days_Since_Created,Has_Phone,Free_Email_Domain,Requested_Demo,Converted
00Q000000000000,Sneha Mehta,NovaIndustries,Director of Sales,Director,Manufacturing,379,Event,2,1,3,1,0,0,2,30,18,0,0,0,0
00Q000000000001,Riya Sharma,SummitSystems,Director of Sales,Director,Technology,246,Paid Ad,1,0,1,0,0,0,0,6,23,1,0,0,0
00Q000000000002,Rohan Das,CobaltDynamics,Sales Manager,Manager,Technology,73,Paid Ad,5,4,1,1,0,2,1,4,90,0,0,0,1
00Q000000000003,Ananya Reddy,ZenSystems,VP Marketing,VP,Retail,468,Cold Outbound,1,0,5,1,0,1,1,6,101,1,0,0,0
00Q000000000004,Neha Singh,QuantaIndustries,Head of Ops,Director,Technology,64,Partner,0,0,1,0,0,1,1,21,55,1,0,0,0
00Q000000000005,Vikram Kapoor,LumenLabs,VP Sales,VP,Other,144,Web,2,3,0,0,0,1,0,4,101,0,0,0,1
00Q000000000006,Aarav Patel,CobaltLabs,Head of Ops,Director,Finance,62,Paid Ad,2,2,5,1,1,6,0,2,57,1,0,0,1
00Q000000000007,Pooja Rao,QuantaDynamics,Ops Manager,Manager,Technology,198,Web,4,2,2,1,0,0,2,90,59,0,0,0,0
00Q000000000008,Vikram Kapoor,BlueHealth,Engineer,Individual,Other,56,Web,5,2,5,2,0,0,1,2,106,1,0,0,1
00Q000000000009,Divya Singh,NovaNetworks,Ops Manager,Manager,Manufacturing,1177,Paid Ad,0,0,2,0,1,1,1,38,110,0,0,0,0
00Q000000000010,Aarav Singh,HelixHealth,Coordinator,Individual,Education,2050,Paid Ad,6,0,2,1,1,1,1,9,77,0,0,1,0
00Q000000000011,Arjun Nair,ZenNetworks,Sales Manager,Manager,Healthcare,369,Web,4,1,3,0,0,0,3,6,69,1,0,0,0
00Q000000000012,Dev Rao,PioneerNetworks,Coordinator,Individual,Finance,1004,Referral,1,1,4,0,0,1,0,10,102,1,0,1,1
00Q000000000013,Isha Singh,HelixHealth,Analyst,Individual,Retail,9,Paid Ad,3,1,5,3,2,0,0,27,65,0,0,0,0
00Q000000000014,Arjun Nair,SummitIndustries,COO,C-Level,Healthcare,11,Web,5,3,3,0,0,0,4,8,53,1,0,0,1
00Q000000000015,Neha Nair,CobaltPartners,Director of IT,Director,Manufacturing,61,Cold Outbound,3,0,3,0,0,1,1,18,27,1,0,0,0
00Q000000000016,Arjun Das,OrbitGroup,Sales Manager,Manager,Finance,105,Event,3,3,3,1,0,0,1,35,114,1,0,0,1
00Q000000000017,Kavya Iyer,PioneerLabs,Ops Manager,Manager,Finance,73,Paid Ad,2,1,2,0,0,0,2,30,10,0,0,0,0
00Q000000000018,Isha Bose,NovaSystems,Sales Manager,Manager,Technology,8,Web,10,1,6,1,0,3,0,1,2,0,0,0,1
00Q000000000019,Karan Verma,HelixIndustries,VP Sales,VP,Education,559,Cold Outbound,2,0,0,0,0,0,1,1,56,1,0,0,1
00Q000000000020,Rohan Patel,ApexSolutions,Director of IT,Director,Finance,2518,Cold Outbound,2,0,2,0,0,0,0,11,8,1,0,0,0
00Q000000000021,Riya Reddy,LumenIndustries,Head of Ops,Director,Other,679,Web,1,2,4,0,1,0,0,5,65,0,0,0,0
00Q000000000022,Vikram Nair,BlueDynamics,IT Manager,Manager,Finance,506,Paid Ad,4,2,3,0,0,3,2,6,74,1,0,0,0
00Q000000000023,Karan Singh,VertexNetworks,Sales Manager,Manager,Healthcare,139,Partner,2,1,5,0,0,0,0,12,67,1,1,0,0
00Q000000000024,Neha Mehta,SummitNetworks,Director of IT,Director,Finance,28,Web,0,1,2,1,0,1,2,49,111,1,0,0,1
00Q000000000025,Rohan Kapoor,HelixSolutions,CEO,C-Level,Retail,110,Paid Ad,2,1,0,0,0,2,2,7,92,1,0,1,1
00Q000000000026,Karan Singh,BlueHealth,IT Manager,Manager,Education,2341,Cold Outbound,2,1,3,0,0,0,1,6,63,0,0,0,0
00Q000000000027,Priya Patel,PioneerDynamics,Ops Manager,Manager,Healthcare,58,Event,3,0,4,0,0,0,2,2,64,1,0,0,1
00Q000000000028,Sanjay Khan,SummitSolutions,Sales Manager,Manager,Finance,50,Cold Outbound,1,2,1,0,1,1,1,7,71,1,0,0,0
00Q000000000029,Amit Verma,CobaltSolutions,Sales Manager,Manager,Retail,523,Web,4,1,4,0,0,1,0,2,103,1,0,1,1
00Q000000000030,Rohan Khan,ZenSolutions,CTO,C-Level,Technology,578,Cold Outbound,7,3,11,4,0,1,2,6,56,1,0,1,1
00Q000000000031,Sneha Malhotra,VertexLabs,Director of IT,Director,Manufacturing,27,Cold Outbound,2,0,3,0,1,2,1,7,20,1,1,0,0
00Q000000000032,Priya Sharma,HelixSolutions,Ops Manager,Manager,Retail,67,Web,2,0,0,0,0,0,1,7,5,1,0,0,0
00Q000000000033,Divya Khan,SummitSystems,IT Manager,Manager,Finance,46,Event,3,0,2,1,0,2,1,23,86,1,0,0,0
00Q000000000034,Karan Nair,BlueNetworks,Ops Manager,Manager,Retail,110,Paid Ad,4,1,4,0,2,2,1,7,40,1,0,0,0
00Q000000000035,Nikhil Khan,PioneerSolutions,Analyst,Individual,Retail,520,Cold Outbound,4,2,5,2,1,0,0,12,60,1,0,0,0
00Q000000000036,Meera Reddy,CobaltGroup,IT Manager,Manager,Technology,29,Web,3,1,0,0,0,0,0,5,103,1,1,0,0
00Q000000000037,Arjun Gupta,OrbitDynamics,VP Marketing,VP,Finance,510,Referral,2,0,2,0,0,0,0,23,108,1,1,0,0
00Q000000000038,Priya Gupta,HelixWorks,Head of Ops,Director,Healthcare,115,Partner,1,1,2,0,0,2,0,4,71,1,0,0,0
00Q000000000039,Aarav Joshi,ZenIndustries,Engineer,Individual,Retail,3259,Event,1,2,1,1,0,4,0,15,53,1,0,1,1
00Q000000000040,Isha Khan,ZenNetworks,Director of IT,Director,Manufacturing,160,Paid Ad,5,3,2,0,1,0,1,3,37,1,0,0,1
00Q000000000041,Sanjay Singh,ApexLabs,Director of IT,Director,Healthcare,86,Paid Ad,1,2,2,0,1,1,0,2,89,1,0,0,0
00Q000000000042,Isha Mehta,QuantaHealth,Coordinator,Individual,Finance,235,Cold Outbound,2,0,3,0,2,0,0,12,79,1,0,0,1
00Q000000000043,Aarav Singh,QuantaNetworks,Director of IT,Director,Technology,59,Web,3,3,2,0,0,2,1,35,52,0,0,0,0
00Q000000000044,Ananya Nair,NovaIndustries,Head of Ops,Director,Technology,6,Cold Outbound,3,0,3,2,0,3,0,8,69,1,0,0,0
00Q000000000045,Nikhil Kapoor,CobaltSolutions,VP Marketing,VP,Finance,69,Paid Ad,2,0,1,0,0,1,2,8,100,1,0,0,0
00Q000000000046,Aarav Gupta,VertexSystems,Analyst,Individual,Technology,67,Cold Outbound,4,3,3,0,0,1,1,1,37,1,0,0,1
00Q000000000047,Kavya Das,BlueHealth,Engineer,Individual,Technology,9,Web,6,2,2,0,0,0,2,85,88,0,0,0,0
00Q000000000048,Sanjay Kapoor,BlueGroup,Ops Manager,Manager,Manufacturing,89,Paid Ad,4,1,3,0,0,0,4,2,58,0,0,0,0
00Q000000000049,Vikram Verma,VertexPartners,Analyst,Individual,Manufacturing,4,Cold Outbound,2,0,1,1,0,1,1,11,85,0,0,0,0
00Q000000000050,Isha Iyer,PioneerNetworks,Sales Manager,Manager,Technology,59,Partner,1,1,1,0,1,2,2,10,74,1,0,0,0
00Q000000000051,Nikhil Mehta,HelixPartners,Director of Sales,Director,Manufacturing,143,Web,4,2,4,0,0,1,1,6,50,1,0,0,1
00Q000000000052,Sanjay Verma,SummitSystems,Coordinator,Individual,Technology,115,Event,4,1,1,0,0,1,2,24,3,0,0,0,0
00Q000000000053,Ananya Khan,PioneerWorks,Ops Manager,Manager,Finance,53,Web,2,0,3,0,0,2,0,20,3,1,1,0,0
00Q000000000054,Sanjay Rao,SummitNetworks,CFO,C-Level,Other,87,Web,1,0,1,1,0,1,0,1,8,1,0,0,0
00Q000000000055,Ananya Das,LumenSystems,IT Manager,Manager,Manufacturing,30,Paid Ad,2,1,0,0,1,0,0,50,100,0,0,0,0
00Q000000000056,Pooja Patel,QuantaLabs,Sales Manager,Manager,Technology,101,Cold Outbound,4,0,3,1,0,1,0,4,57,1,0,0,0
00Q000000000057,Dev Verma,ZenIndustries,Ops Manager,Manager,Finance,108,Paid Ad,7,3,3,1,0,2,1,3,74,1,0,1,1
00Q000000000058,Nikhil Malhotra,HelixIndustries,Coordinator,Individual,Retail,25,Web,3,2,3,0,1,1,0,5,41,0,0,0,0
00Q000000000059,Sanjay Singh,ApexHealth,Analyst,Individual,Technology,148,Web,7,1,4,1,2,2,2,2,72,0,0,0,0
00Q000000000060,Neha Singh,LumenSystems,Director of Sales,Director,Other,147,Referral,1,1,1,0,0,1,0,50,5,1,0,0,0
00Q000000000061,Priya Gupta,NovaSystems,Ops Manager,Manager,Healthcare,77,Web,4,0,2,0,0,3,0,7,27,1,0,0,0
00Q000000000062,Rohan Joshi,ApexWorks,Coordinator,Individual,Technology,3757,Cold Outbound,2,0,2,0,1,2,1,18,115,1,0,0,1
00Q000000000063,Priya Rao,CobaltSolutions,Engineer,Individual,Manufacturing,80,Web,4,3,2,0,0,0,1,16,36,1,0,0,0
00Q000000000064,Karan Singh,QuantaDynamics,VP Marketing,VP,Retail,65,Web,7,1,1,1,0,1,0,26,86,0,0,0,0
00Q000000000065,Karan Nair,HelixLabs,Engineer,Individual,Healthcare,52,Paid Ad,4,2,3,0,1,0,0,2,103,0,1,0,0
00Q000000000066,Dev Gupta,OrbitDynamics,Director of IT,Director,Other,23,Web,1,1,4,1,0,3,0,5,59,1,0,0,1
00Q000000000067,Isha Singh,LumenGroup,Sales Manager,Manager,Other,278,Event,2,1,2,0,1,1,0,15,117,1,1,0,1
00Q000000000068,Sanjay Mehta,HelixLabs,Ops Manager,Manager,Technology,35,Event,4,1,7,1,0,2,3,16,68,0,0,1,1
00Q000000000069,Kavya Sharma,NovaGroup,Analyst,Individual,Technology,42,Web,3,4,3,0,0,4,0,4,38,1,0,0,0
00Q000000000070,Vikram Singh,ZenWorks,Engineer,Individual,Finance,44,Paid Ad,1,0,2,1,0,0,0,5,72,1,1,0,0
00Q000000000071,Pooja Verma,NovaIndustries,IT Manager,Manager,Manufacturing,22,Event,1,0,0,0,0,2,0,24,115,1,0,0,0
00Q000000000072,Sneha Verma,SummitDynamics,Head of Ops,Director,Manufacturing,7,Paid Ad,1,1,1,0,0,1,0,13,67,0,0,0,0
00Q000000000073,Ananya Sharma,OrbitDynamics,Engineer,Individual,Finance,49,Web,4,0,0,0,0,1,2,4,53,1,0,0,0
00Q000000000074,Pooja Rao,VertexWorks,Ops Manager,Manager,Other,368,Referral,3,0,1,0,0,2,1,2,59,0,1,0,0
00Q000000000075,Meera Rao,HelixDynamics,Sales Manager,Manager,Finance,133,Paid Ad,2,1,3,1,0,1,2,2,9,1,1,0,0
00Q000000000076,Nikhil Gupta,HelixDynamics,Engineer,Individual,Education,1033,Web,3,0,1,0,0,2,1,17,54,1,0,0,0
00Q000000000077,Aarav Mehta,VertexDynamics,Sales Manager,Manager,Education,306,Web,1,2,6,0,1,1,1,22,80,1,0,0,0
00Q000000000078,Isha Singh,ApexWorks,Analyst,Individual,Technology,218,Referral,4,1,3,0,0,5,0,18,114,1,0,0,1
00Q000000000079,Nikhil Sharma,ZenWorks,Ops Manager,Manager,Technology,1675,Web,1,0,2,0,2,2,2,4,41,1,0,0,0
00Q000000000080,Divya Nair,ZenLabs,Analyst,Individual,Technology,85,Web,3,3,4,0,1,1,0,20,103,1,0,0,0
00Q000000000081,Riya Patel,ApexSystems,Sales Manager,Manager,Other,109,Cold Outbound,2,0,0,0,0,0,0,35,3,1,1,0,0
00Q000000000082,Nikhil Mehta,LumenWorks,Ops Manager,Manager,Finance,97,Event,4,0,2,0,0,0,0,14,20,1,0,0,0
00Q000000000083,Isha Gupta,SummitLabs,IT Manager,Manager,Education,1007,Paid Ad,2,0,1,0,0,2,1,11,35,1,0,0,0
00Q000000000084,Dev Das,SummitSolutions,Sales Manager,Manager,Healthcare,99,Web,0,0,1,1,0,1,1,23,91,1,0,0,0
00Q000000000085,Nikhil Joshi,HelixGroup,VP Sales,VP,Healthcare,37,Web,3,0,6,1,0,1,0,1,20,1,1,0,1
00Q000000000086,Priya Mehta,NovaDynamics,Sales Manager,Manager,Other,240,Partner,1,0,3,0,0,0,1,2,63,0,1,0,0
00Q000000000087,Amit Singh,ZenPartners,VP Sales,VP,Healthcare,29,Paid Ad,5,1,3,1,0,1,1,8,85,1,0,0,1
00Q000000000088,Divya Iyer,NovaNetworks,Coordinator,Individual,Retail,221,Cold Outbound,6,0,3,0,0,1,0,6,83,1,0,0,1
00Q000000000089,Meera Khan,NovaDynamics,IT Manager,Manager,Healthcare,185,Web,1,0,1,0,0,1,1,0,102,0,0,0,1
00Q000000000090,Arjun Gupta,ApexSystems,Analyst,Individual,Technology,74,Web,5,1,2,0,1,3,0,8,61,1,0,0,0
00Q000000000091,Nikhil Patel,CobaltSystems,Sales Manager,Manager,Technology,232,Paid Ad,1,0,3,1,1,1,1,22,111,1,0,0,0
00Q000000000092,Pooja Reddy,SummitGroup,Director of IT,Director,Technology,10,Referral,0,0,1,0,0,0,0,35,56,0,0,0,0
00Q000000000093,Karan Joshi,BlueSolutions,VP Sales,VP,Retail,127,Web,3,0,1,0,0,1,0,12,69,1,0,0,0
00Q000000000094,Aarav Sharma,CobaltLabs,Sales Manager,Manager,Finance,49,Referral,0,1,0,0,0,0,0,10,51,1,0,0,0
00Q000000000095,Amit Singh,PioneerGroup,Head of Ops,Director,Healthcare,7283,Web,1,0,0,0,0,2,0,44,41,1,0,0,0
00Q000000000096,Dev Khan,VertexIndustries,Coordinator,Individual,Technology,125,Cold Outbound,3,1,2,1,0,1,0,41,82,1,0,0,0
00Q000000000097,Amit Bose,VertexGroup,Engineer,Individual,Manufacturing,40,Cold Outbound,0,0,2,0,0,0,0,15,62,1,1,0,0
00Q000000000098,Kavya Kapoor,ApexSolutions,Head of Ops,Director,Education,12,Paid Ad,4,1,1,1,0,3,1,14,82,1,0,0,1
00Q000000000099,Karan Bose,NovaLabs,Engineer,Individual,Manufacturing,704,Event,0,0,1,0,1,0,0,23,36,1,1,0,0
00Q000000000100,Aarav Verma,VertexSolutions,Coordinator,Individual,Other,58,Partner,4,0,2,1,0,0,0,68,82,1,1,0,0
00Q000000000101,Dev Das,PioneerIndustries,CTO,C-Level,Technology,30,Paid Ad,2,2,6,2,1,6,0,0,52,1,0,1,1
00Q000000000102,Riya Khan,QuantaWorks,CFO,C-Level,Technology,164,Partner,3,1,1,0,0,0,1,22,20,1,0,0,0
00Q000000000103,Kavya Kapoor,HelixSystems,Director of Sales,Director,Manufacturing,263,Event,3,0,7,0,0,1,0,5,118,0,0,1,1
00Q000000000104,Meera Khan,OrbitNetworks,Sales Manager,Manager,Finance,257,Cold Outbound,1,1,1,0,0,2,1,13,9,1,0,0,0
00Q000000000105,Isha Kapoor,QuantaGroup,VP Sales,VP,Retail,102,Referral,4,1,2,0,0,2,0,19,105,0,0,0,0
00Q000000000106,Rahul Joshi,ApexIndustries,Analyst,Individual,Education,126,Paid Ad,0,0,3,0,1,1,1,12,97,0,0,0,0
00Q000000000107,Rohan Das,PioneerPartners,Sales Manager,Manager,Technology,140,Partner,2,2,3,0,1,0,0,12,40,1,0,0,0
00Q000000000108,Rahul Reddy,PioneerNetworks,Ops Manager,Manager,Other,164,Cold Outbound,1,1,2,1,1,0,2,5,62,0,1,0,0
00Q000000000109,Neha Reddy,QuantaWorks,VP Sales,VP,Technology,188,Cold Outbound,2,0,0,0,0,0,0,26,4,1,0,0,0
00Q000000000110,Isha Verma,VertexWorks,VP Sales,VP,Retail,513,Event,2,3,5,0,0,2,3,11,82,1,0,1,1
00Q000000000111,Neha Bose,QuantaIndustries,Director of Sales,Director,Healthcare,108,Paid Ad,4,2,4,0,1,1,0,3,26,0,1,0,0
00Q000000000112,Neha Verma,LumenIndustries,Analyst,Individual,Retail,29,Referral,1,2,1,1,1,2,1,17,98,1,0,0,1
00Q000000000113,Ananya Bose,BlueDynamics,Ops Manager,Manager,Technology,80,Paid Ad,1,0,1,0,0,1,0,29,87,1,0,0,0
00Q000000000114,Nikhil Verma,ApexGroup,Engineer,Individual,Other,308,Web,1,2,5,1,1,0,0,11,84,1,1,0,0
00Q000000000115,Rahul Malhotra,PioneerHealth,VP Engineering,VP,Other,6,Event,1,0,2,0,0,0,1,32,7,0,0,0,0
00Q000000000116,Vikram Reddy,OrbitSystems,Engineer,Individual,Manufacturing,6,Cold Outbound,3,1,6,1,0,1,1,7,48,0,0,0,0
00Q000000000117,Pooja Bose,BlueWorks,Coordinator,Individual,Manufacturing,394,Partner,1,1,5,0,0,3,0,3,49,0,0,0,0
00Q000000000118,Kavya Joshi,OrbitSystems,Director of IT,Director,Manufacturing,972,Event,3,1,4,1,0,2,0,5,105,1,0,0,1
00Q000000000119,Rahul Gupta,LumenGroup,IT Manager,Manager,Manufacturing,14,Web,1,0,2,0,1,1,0,9,49,0,0,0,0
00Q000000000120,Divya Verma,PioneerIndustries,VP Marketing,VP,Manufacturing,115,Event,3,0,1,0,0,0,1,3,37,1,0,0,0
00Q000000000121,Riya Das,PioneerPartners,Analyst,Individual,Manufacturing,54,Web,3,1,4,0,1,3,2,15,72,0,0,0,0
00Q000000000122,Meera Joshi,NovaSystems,VP Marketing,VP,Education,67,Web,1,0,2,1,0,0,1,50,117,1,0,0,0
00Q000000000123,Riya Nair,ApexLabs,Analyst,Individual,Manufacturing,157,Cold Outbound,5,3,3,0,0,0,2,5,56,1,0,0,0
00Q000000000124,Rahul Joshi,OrbitDynamics,Analyst,Individual,Technology,14,Event,1,1,7,0,0,2,1,3,79,0,0,0,0
00Q000000000125,Riya Iyer,BlueSolutions,IT Manager,Manager,Other,18,Web,3,0,2,1,0,1,3,1,15,1,0,0,0
00Q000000000126,Vikram Kapoor,SummitPartners,Analyst,Individual,Technology,63,Paid Ad,3,4,7,0,0,0,0,7,53,0,0,0,0
00Q000000000127,Meera Mehta,SummitGroup,Ops Manager,Manager,Technology,79,Web,1,0,3,1,0,0,0,32,5,1,0,0,0
00Q000000000128,Karan Verma,PioneerHealth,Coordinator,Individual,Other,18,Event,1,0,2,0,0,0,0,8,34,1,0,0,0
00Q000000000129,Neha Khan,LumenIndustries,Coordinator,Individual,Technology,325,Web,2,2,2,0,1,2,1,11,40,1,0,0,0
00Q000000000130,Sanjay Mehta,SummitWorks,Director of IT,Director,Technology,53,Web,1,0,1,0,1,2,1,2,91,1,0,0,1
00Q000000000131,Dev Malhotra,ApexWorks,Coordinator,Individual,Manufacturing,52,Paid Ad,2,0,2,0,1,1,0,18,70,0,0,0,0
00Q000000000132,Riya Mehta,VertexIndustries,Director of IT,Director,Education,152,Paid Ad,7,1,7,0,2,1,0,2,52,1,0,0,1
00Q000000000133,Arjun Malhotra,BluePartners,Director of Sales,Director,Technology,81,Event,0,0,2,0,2,3,1,16,109,1,0,0,0
00Q000000000134,Isha Kapoor,ApexWorks,Analyst,Individual,Healthcare,349,Cold Outbound,0,0,3,0,0,1,0,17,29,1,1,0,0
00Q000000000135,Sanjay Iyer,SummitHealth,Director of Sales,Director,Technology,24,Cold Outbound,5,0,2,0,0,1,1,10,81,1,0,0,0
00Q000000000136,Vikram Khan,OrbitSystems,Coordinator,Individual,Healthcare,12,Partner,2,0,3,1,0,1,0,23,19,0,0,0,1
00Q000000000137,Rahul Patel,CobaltSystems,Ops Manager,Manager,Finance,62,Cold Outbound,9,3,7,0,2,3,0,2,105,1,0,1,1
00Q000000000138,Isha Reddy,ZenGroup,Analyst,Individual,Technology,108,Cold Outbound,12,1,8,2,2,4,2,22,43,0,0,0,1
00Q000000000139,Priya Khan,ZenSystems,VP Marketing,VP,Other,15,Cold Outbound,15,6,8,1,2,2,4,4,28,1,0,0,1
00Q000000000140,Nikhil Gupta,VertexPartners,Ops Manager,Manager,Manufacturing,12,Referral,3,0,2,0,1,0,0,7,57,1,0,1,1
00Q000000000141,Neha Sharma,SummitGroup,IT Manager,Manager,Education,130,Web,3,1,0,0,0,0,0,7,25,1,0,0,0
00Q000000000142,Divya Verma,ApexIndustries,CFO,C-Level,Other,31,Paid Ad,0,1,0,0,0,1,0,44,93,1,0,0,0
00Q000000000143,Nikhil Iyer,BlueIndustries,IT Manager,Manager,Other,11,Cold Outbound,3,2,2,2,0,3,1,5,76,1,1,0,0
00Q000000000144,Meera Sharma,NovaLabs,VP Marketing,VP,Retail,423,Cold Outbound,3,0,2,0,1,2,1,35,92,0,0,0,0
00Q000000000145,Arjun Nair,SummitIndustries,Director of Sales,Director,Finance,38,Paid Ad,0,0,3,0,0,3,0,35,7,0,0,0,0
00Q000000000146,Meera Reddy,ApexLabs,CFO,C-Level,Education,558,Cold Outbound,1,0,1,0,0,0,1,5,36,1,1,0,0
00Q000000000147,Ananya Reddy,PioneerDynamics,VP Marketing,VP,Manufacturing,103,Paid Ad,4,0,2,0,1,2,1,14,114,1,1,0,0
00Q000000000148,Meera Joshi,HelixPartners,COO,C-Level,Finance,154,Paid Ad,4,0,0,0,0,2,0,1,77,0,1,0,0
00Q000000000149,Rahul Nair,QuantaGroup,Coordinator,Individual,Healthcare,72,Web,1,0,3,0,0,0,0,22,99,1,0,0,0
00Q000000000150,Sneha Rao,SummitHealth,Director of Sales,Director,Finance,2,Event,3,0,1,0,0,1,2,13,29,1,1,0,0
00Q000000000151,Divya Singh,QuantaSystems,VP Sales,VP,Healthcare,18,Web,1,1,3,0,0,2,0,11,71,0,0,0,0
00Q000000000152,Vikram Reddy,QuantaSolutions,Head of Ops,Director,Education,82,Web,1,1,1,0,0,1,1,2,22,1,0,0,0
00Q000000000153,Rohan Gupta,SummitIndustries,Engineer,Individual,Healthcare,171,Paid Ad,2,0,2,0,0,1,0,18,62,1,0,0,0
00Q000000000154,Riya Patel,PioneerPartners,CEO,C-Level,Finance,6,Web,4,2,3,2,0,3,1,9,21,1,0,0,1
00Q000000000155,Nikhil Nair,HelixDynamics,Engineer,Individual,Technology,91,Cold Outbound,5,0,1,1,0,3,2,1,45,0,0,0,1
00Q000000000156,Sanjay Iyer,NovaNetworks,IT Manager,Manager,Education,18,Event,4,3,4,0,1,2,1,11,83,0,0,0,1
00Q000000000157,Isha Reddy,CobaltSystems,IT Manager,Manager,Healthcare,141,Paid Ad,5,0,0,0,0,0,1,23,36,1,1,0,0
00Q000000000158,Nikhil Gupta,CobaltPartners,Analyst,Individual,Healthcare,96,Web,1,0,1,0,0,0,0,43,69,0,1,0,0
00Q000000000159,Rohan Bose,NovaSystems,Director of Sales,Director,Retail,303,Cold Outbound,0,0,1,0,1,1,0,10,36,0,0,0,0
00Q000000000160,Kavya Mehta,BlueSystems,Analyst,Individual,Education,492,Event,2,0,1,0,0,3,0,4,4,0,1,0,0
00Q000000000161,Riya Malhotra,PioneerHealth,Director of Sales,Director,Manufacturing,198,Paid Ad,4,0,1,0,0,1,1,29,54,1,0,0,0
00Q000000000162,Kavya Iyer,BlueWorks,VP Engineering,VP,Manufacturing,361,Paid Ad,1,2,8,0,1,2,2,1,90,1,0,0,1
00Q000000000163,Nikhil Singh,ZenLabs,IT Manager,Manager,Technology,58,Paid Ad,1,1,1,0,0,1,0,5,45,1,0,0,0
00Q000000000164,Isha Sharma,BlueDynamics,Director of Sales,Director,Other,6868,Paid Ad,4,2,2,1,1,3,1,13,41,1,0,0,1
00Q000000000165,Isha Rao,LumenIndustries,Coordinator,Individual,Manufacturing,15,Partner,3,2,1,1,0,0,1,37,62,1,1,0,0
00Q000000000166,Dev Iyer,LumenSystems,VP Marketing,VP,Retail,45,Partner,5,2,5,1,0,1,2,11,57,1,0,0,1
00Q000000000167,Vikram Rao,OrbitHealth,COO,C-Level,Technology,384,Referral,4,1,4,0,0,0,0,6,40,1,0,0,1
00Q000000000168,Meera Sharma,CobaltLabs,Analyst,Individual,Manufacturing,307,Cold Outbound,3,1,3,0,0,3,1,17,98,1,0,0,0
00Q000000000169,Isha Iyer,ApexLabs,Director of Sales,Director,Finance,206,Referral,4,0,4,0,1,3,0,26,114,1,0,1,1
00Q000000000170,Meera Rao,ZenSolutions,Ops Manager,Manager,Healthcare,273,Web,1,0,2,0,0,2,0,18,69,1,1,0,0
00Q000000000171,Amit Kapoor,QuantaNetworks,Sales Manager,Manager,Retail,4,Referral,3,2,3,0,1,0,0,1,36,1,0,0,1
00Q000000000172,Pooja Malhotra,CobaltNetworks,Director of IT,Director,Education,1079,Referral,1,2,2,0,0,0,0,6,54,1,0,0,0
00Q000000000173,Ananya Joshi,LumenLabs,IT Manager,Manager,Finance,73,Referral,1,0,2,0,0,1,0,33,32,1,0,0,0
00Q000000000174,Divya Iyer,NovaSolutions,Director of Sales,Director,Education,644,Cold Outbound,5,0,3,0,0,1,0,7,69,1,0,0,0
00Q000000000175,Nikhil Malhotra,QuantaPartners,Analyst,Individual,Technology,4,Paid Ad,1,1,1,1,0,3,0,19,84,0,0,0,0
00Q000000000176,Vikram Gupta,VertexGroup,Ops Manager,Manager,Manufacturing,146,Cold Outbound,5,5,8,2,1,1,2,7,1,1,1,1,1
00Q000000000177,Divya Sharma,ApexPartners,VP Marketing,VP,Technology,42,Web,4,2,1,0,0,0,3,11,12,0,0,0,0
00Q000000000178,Dev Patel,ApexSystems,Engineer,Individual,Finance,234,Paid Ad,0,1,2,0,0,1,1,28,86,1,0,0,1
00Q000000000179,Pooja Joshi,NovaIndustries,Sales Manager,Manager,Other,160,Web,5,2,1,0,0,2,0,6,93,1,0,0,0
00Q000000000180,Divya Verma,VertexHealth,Coordinator,Individual,Technology,172,Event,3,1,5,1,0,0,0,11,104,0,1,0,1
00Q000000000181,Nikhil Verma,NovaNetworks,VP Sales,VP,Other,20,Event,2,1,4,1,0,1,0,7,115,1,0,0,1
00Q000000000182,Dev Sharma,HelixSolutions,Sales Manager,Manager,Finance,91,Paid Ad,2,2,1,1,0,0,0,14,86,0,0,1,0
00Q000000000183,Riya Das,QuantaGroup,IT Manager,Manager,Retail,75,Partner,4,2,7,0,1,1,1,14,49,1,1,0,0
00Q000000000184,Rohan Iyer,NovaPartners,Engineer,Individual,Technology,209,Web,3,0,2,0,0,0,0,3,48,0,0,1,0
00Q000000000185,Nikhil Reddy,BlueSolutions,Sales Manager,Manager,Retail,438,Web,3,3,7,1,0,4,0,6,40,1,0,0,1
00Q000000000186,Isha Sharma,BluePartners,CTO,C-Level,Other,124,Event,6,1,5,1,1,1,1,3,57,0,0,0,1
00Q000000000187,Riya Khan,CobaltWorks,Sales Manager,Manager,Manufacturing,14,Web,5,1,0,0,0,3,1,9,86,1,0,0,0
00Q000000000188,Pooja Verma,PioneerDynamics,Sales Manager,Manager,Finance,116,Paid Ad,2,1,0,0,0,0,1,9,14,0,0,0,0
00Q000000000189,Kavya Das,QuantaHealth,Head of Ops,Director,Education,4997,Event,2,3,7,1,2,4,2,2,28,1,0,1,1
00Q000000000190,Amit Sharma,SummitHealth,Ops Manager,Manager,Retail,1174,Cold Outbound,5,2,6,2,1,0,0,11,107,0,0,0,0
00Q000000000191,Arjun Nair,BlueWorks,IT Manager,Manager,Technology,2,Cold Outbound,5,0,0,0,0,3,2,9,32,1,1,0,0
00Q000000000192,Rahul Iyer,LumenNetworks,IT Manager,Manager,Retail,109,Referral,0,0,3,0,0,1,0,90,114,1,0,0,0
00Q000000000193,Isha Iyer,OrbitPartners,Analyst,Individual,Retail,402,Cold Outbound,7,3,4,0,2,2,2,5,117,1,0,0,0
00Q000000000194,Kavya Malhotra,ZenSystems,Director of Sales,Director,Retail,75,Partner,0,1,1,1,0,0,3,8,98,1,0,0,0
00Q000000000195,Rahul Reddy,PioneerGroup,VP Marketing,VP,Finance,49,Web,0,1,1,0,0,2,0,25,59,1,0,0,0
00Q000000000196,Divya Verma,LumenSystems,VP Sales,VP,Healthcare,66,Cold Outbound,1,0,3,0,1,1,1,11,116,0,0,0,1
00Q000000000197,Ananya Singh,NovaHealth,VP Sales,VP,Other,227,Event,1,0,1,0,1,1,0,25,33,0,0,0,0
00Q000000000198,Nikhil Mehta,CobaltWorks,IT Manager,Manager,Manufacturing,17,Paid Ad,3,2,0,0,0,1,1,6,85,0,0,0,0
00Q000000000199,Sneha Kapoor,SummitGroup,Engineer,Individual,Manufacturing,591,Paid Ad,3,1,1,0,0,0,0,7,27,1,0,0,0
00Q000000000200,Kavya Das,QuantaSolutions,Director of Sales,Director,Other,91,Cold Outbound,4,0,2,1,0,2,1,10,69,1,0,0,0
00Q000000000201,Divya Sharma,LumenPartners,CTO,C-Level,Technology,24,Partner,5,2,4,1,2,0,1,4,88,1,0,1,1
00Q000000000202,Karan Sharma,CobaltIndustries,Head of Ops,Director,Healthcare,537,Cold Outbound,1,0,2,2,0,2,1,25,73,1,0,0,1
00Q000000000203,Aarav Sharma,SummitGroup,Ops Manager,Manager,Retail,9,Referral,4,1,3,0,0,3,0,2,88,1,1,0,0
00Q000000000204,Isha Sharma,CobaltNetworks,Director of IT,Director,Retail,43,Cold Outbound,2,1,1,0,0,0,1,42,87,0,0,0,0
00Q000000000205,Rahul Iyer,HelixPartners,Director of Sales,Director,Other,42,Paid Ad,0,1,1,1,0,0,1,57,18,1,1,0,0
00Q000000000206,Aarav Verma,BlueSolutions,VP Engineering,VP,Retail,2479,Partner,1,1,1,1,1,0,0,27,13,1,0,0,1
00Q000000000207,Sneha Joshi,PioneerGroup,Director of IT,Director,Finance,35,Cold Outbound,1,0,0,0,0,2,0,33,61,1,0,0,0
00Q000000000208,Kavya Das,SummitHealth,Ops Manager,Manager,Healthcare,3,Web,2,0,2,0,1,1,0,13,25,0,0,0,0
00Q000000000209,Meera Khan,LumenSolutions,Engineer,Individual,Technology,41,Referral,3,1,1,0,0,1,1,3,117,0,0,0,0
00Q000000000210,Sanjay Bose,QuantaNetworks,Sales Manager,Manager,Other,197,Cold Outbound,5,3,4,0,1,2,2,0,12,1,0,0,1
00Q000000000211,Meera Nair,HelixNetworks,Sales Manager,Manager,Technology,322,Cold Outbound,2,0,0,0,0,0,1,22,83,1,0,0,0
00Q000000000212,Sanjay Nair,ZenIndustries,CFO,C-Level,Manufacturing,3025,Partner,4,1,1,0,0,0,0,8,52,1,0,0,1
00Q000000000213,Vikram Patel,OrbitSystems,IT Manager,Manager,Healthcare,820,Event,3,2,0,0,0,1,1,3,97,1,0,1,1
00Q000000000214,Nikhil Rao,HelixNetworks,Sales Manager,Manager,Technology,131,Web,1,1,1,0,0,0,3,47,108,1,1,0,0
00Q000000000215,Sanjay Nair,SummitLabs,Ops Manager,Manager,Finance,26,Paid Ad,3,1,3,0,1,0,2,4,68,0,1,0,1
00Q000000000216,Pooja Reddy,NovaPartners,Director of Sales,Director,Manufacturing,1136,Event,1,1,8,2,2,2,3,8,83,1,0,0,1
00Q000000000217,Riya Gupta,CobaltPartners,Sales Manager,Manager,Technology,57,Cold Outbound,7,2,6,2,3,1,1,6,14,1,1,1,1
00Q000000000218,Priya Reddy,NovaDynamics,Analyst,Individual,Other,37,Paid Ad,2,0,4,1,2,0,0,18,35,1,0,0,0
00Q000000000219,Meera Reddy,PioneerWorks,VP Marketing,VP,Other,53,Event,1,0,1,1,0,3,0,18,12,1,0,0,1
00Q000000000220,Riya Das,PioneerLabs,Ops Manager,Manager,Technology,15,Event,2,0,2,2,1,1,0,4,25,1,0,0,0
00Q000000000221,Meera Khan,BlueDynamics,Ops Manager,Manager,Education,49,Cold Outbound,2,1,1,0,0,2,0,2,79,1,0,0,0
00Q000000000222,Nikhil Sharma,PioneerLabs,Coordinator,Individual,Finance,70,Paid Ad,1,2,6,0,0,4,0,7,100,1,1,0,0
00Q000000000223,Sanjay Patel,QuantaSolutions,Sales Manager,Manager,Technology,297,Web,0,0,1,0,0,0,0,9,90,0,1,0,0
00Q000000000224,Arjun Sharma,SummitDynamics,Director of IT,Director,Finance,55,Event,3,1,1,1,0,1,0,17,88,1,0,0,0
00Q000000000225,Sneha Mehta,ZenSolutions,VP Engineering,VP,Education,14,Event,0,1,5,0,0,2,0,4,100,1,0,0,1
00Q000000000226,Neha Iyer,PioneerSolutions,Analyst,Individual,Retail,8,Referral,4,5,10,2,0,3,4,4,113,1,0,0,1
00Q000000000227,Riya Gupta,QuantaWorks,CFO,C-Level,Technology,136,Paid Ad,5,4,10,0,0,2,1,11,91,1,0,1,1
00Q000000000228,Kavya Sharma,HelixPartners,Director of IT,Director,Retail,110,Web,1,0,0,0,0,1,3,3,109,0,0,0,0
00Q000000000229,Isha Reddy,CobaltPartners,Coordinator,Individual,Retail,43,Event,1,0,2,0,0,0,0,14,119,1,0,0,0
00Q000000000230,Rahul Reddy,VertexNetworks,Coordinator,Individual,Retail,49,Event,0,0,3,0,0,1,1,17,110,1,0,0,0
00Q000000000231,Rohan Rao,OrbitPartners,Engineer,Individual,Manufacturing,178,Event,0,0,1,0,0,0,0,6,38,1,0,0,0
00Q000000000232,Amit Verma,QuantaPartners,VP Engineering,VP,Education,800,Paid Ad,1,0,1,1,0,0,1,1,6,1,0,0,1
00Q000000000233,Nikhil Iyer,NovaIndustries,Engineer,Individual,Retail,30,Paid Ad,4,5,4,2,2,3,2,0,84,1,0,0,0
00Q000000000234,Nikhil Kapoor,LumenPartners,Sales Manager,Manager,Technology,113,Web,2,0,1,0,0,0,0,8,89,1,0,0,0
00Q000000000235,Vikram Mehta,OrbitLabs,Director of Sales,Director,Education,418,Referral,0,0,0,0,0,0,1,13,5,0,0,0,0
00Q000000000236,Priya Kapoor,LumenDynamics,VP Marketing,VP,Finance,31,Partner,1,0,0,0,0,0,0,28,95,0,0,0,0
00Q000000000237,Karan Reddy,HelixNetworks,Director of IT,Director,Retail,97,Cold Outbound,2,0,1,1,1,0,1,5,22,1,0,0,0
00Q000000000238,Neha Verma,ZenDynamics,Head of Ops,Director,Retail,93,Web,1,1,0,0,0,0,0,38,49,1,0,0,0
00Q000000000239,Rohan Mehta,CobaltWorks,Coordinator,Individual,Finance,13,Web,1,0,0,0,0,1,0,28,15,1,0,0,0
00Q000000000240,Riya Joshi,ApexNetworks,VP Engineering,VP,Technology,128,Cold Outbound,2,2,2,0,1,2,1,8,54,1,0,0,0
00Q000000000241,Arjun Sharma,VertexLabs,Coordinator,Individual,Retail,104,Web,3,1,3,1,0,0,0,7,36,1,1,0,1
00Q000000000242,Kavya Verma,NovaNetworks,Coordinator,Individual,Education,228,Cold Outbound,4,0,0,0,0,1,0,14,66,0,0,0,0
00Q000000000243,Neha Singh,ApexSystems,CEO,C-Level,Education,16,Cold Outbound,0,0,0,0,0,0,0,16,55,1,0,0,0
00Q000000000244,Ananya Gupta,LumenHealth,Analyst,Individual,Manufacturing,100,Web,11,2,5,5,0,2,3,6,90,0,0,1,1
00Q000000000245,Riya Patel,QuantaDynamics,Engineer,Individual,Technology,790,Web,2,2,2,0,0,0,1,61,38,1,1,0,0
00Q000000000246,Neha Khan,ZenWorks,Director of IT,Director,Finance,2244,Cold Outbound,3,0,1,0,0,0,0,5,4,1,0,0,0
00Q000000000247,Ananya Reddy,PioneerSolutions,IT Manager,Manager,Retail,678,Web,2,1,5,2,0,2,2,3,80,1,0,1,1
00Q000000000248,Isha Khan,BluePartners,Analyst,Individual,Healthcare,17,Paid Ad,6,3,13,1,2,2,3,3,40,0,1,1,1
00Q000000000249,Rahul Mehta,LumenIndustries,Head of Ops,Director,Retail,195,Web,3,1,1,0,0,0,0,6,6,0,1,0,0
00Q000000000250,Arjun Malhotra,NovaHealth,Head of Ops,Director,Finance,48,Paid Ad,5,0,2,0,0,1,1,6,2,1,0,0,1
00Q000000000251,Ananya Nair,PioneerLabs,Director of Sales,Director,Technology,152,Cold Outbound,3,1,3,0,3,1,1,43,107,1,0,0,0
00Q000000000252,Amit Mehta,BlueDynamics,Analyst,Individual,Manufacturing,31,Paid Ad,3,1,9,0,2,1,2,13,38,1,0,1,1
00Q000000000253,Isha Iyer,BluePartners,IT Manager,Manager,Manufacturing,7,Web,5,0,0,0,0,1,1,18,104,1,1,0,0
00Q000000000254,Isha Bose,ZenLabs,VP Sales,VP,Manufacturing,59,Paid Ad,2,0,4,0,0,1,0,8,105,1,0,0,0
00Q000000000255,Nikhil Malhotra,ApexPartners,Engineer,Individual,Finance,294,Paid Ad,4,1,0,0,1,1,0,3,115,1,0,0,0
00Q000000000256,Sanjay Sharma,ZenSystems,Coordinator,Individual,Education,153,Web,3,3,3,0,0,3,0,15,75,1,0,0,0
00Q000000000257,Karan Patel,NovaLabs,Analyst,Individual,Healthcare,182,Partner,2,0,3,2,0,0,0,22,111,1,0,0,1
00Q000000000258,Riya Kapoor,CobaltWorks,IT Manager,Manager,Retail,137,Paid Ad,1,1,1,0,1,1,0,4,106,1,0,0,0
00Q000000000259,Rahul Malhotra,ZenNetworks,Analyst,Individual,Manufacturing,182,Web,0,0,0,0,0,1,2,24,117,1,0,0,0
00Q000000000260,Arjun Verma,BlueDynamics,Director of Sales,Director,Healthcare,220,Cold Outbound,3,0,1,1,0,0,2,2,37,1,0,0,0
00Q000000000261,Rohan Gupta,BlueSystems,CFO,C-Level,Retail,65,Event,3,0,2,0,1,3,1,22,57,1,0,0,0
00Q000000000262,Sanjay Verma,PioneerHealth,Engineer,Individual,Manufacturing,112,Web,2,0,0,0,1,1,1,3,81,0,0,0,0
00Q000000000263,Isha Mehta,LumenHealth,Director of IT,Director,Manufacturing,1359,Web,2,0,1,1,0,1,1,25,109,1,0,0,0
00Q000000000264,Isha Verma,PioneerIndustries,Engineer,Individual,Retail,123,Referral,4,1,4,0,0,0,1,17,61,0,0,0,0
00Q000000000265,Rahul Gupta,SummitPartners,Analyst,Individual,Technology,106,Referral,7,2,1,1,1,0,1,31,33,0,0,0,1
00Q000000000266,Divya Bose,SummitIndustries,Director of IT,Director,Other,116,Referral,5,2,0,0,0,0,0,17,75,1,0,0,1
00Q000000000267,Kavya Malhotra,OrbitWorks,Sales Manager,Manager,Finance,71,Partner,3,0,1,1,0,0,1,44,59,1,0,1,0
00Q000000000268,Neha Bose,SummitLabs,COO,C-Level,Technology,51,Paid Ad,3,3,1,1,1,3,2,4,66,1,0,1,1
00Q000000000269,Amit Sharma,QuantaIndustries,Ops Manager,Manager,Retail,136,Web,1,1,3,0,2,1,0,3,17,1,0,0,0
00Q000000000270,Vikram Patel,VertexHealth,Analyst,Individual,Technology,46,Paid Ad,0,0,3,1,0,2,0,13,34,1,0,0,0
00Q000000000271,Priya Verma,NovaPartners,Sales Manager,Manager,Other,79,Paid Ad,2,1,3,0,0,2,1,2,86,1,0,0,1
00Q000000000272,Ananya Kapoor,VertexLabs,Engineer,Individual,Healthcare,30,Event,0,0,0,0,0,1,1,90,23,0,1,0,0
00Q000000000273,Riya Rao,NovaDynamics,VP Engineering,VP,Finance,116,Cold Outbound,7,1,9,0,0,4,0,14,109,1,0,0,1
00Q000000000274,Nikhil Bose,SummitGroup,Head of Ops,Director,Technology,238,Referral,8,3,8,1,1,1,2,2,8,1,0,0,1
00Q000000000275,Nikhil Joshi,NovaIndustries,IT Manager,Manager,Technology,72,Web,2,1,7,2,0,1,0,3,81,1,0,0,1
00Q000000000276,Sneha Das,ZenSolutions,Ops Manager,Manager,Technology,4,Web,3,1,1,0,0,1,0,11,30,1,1,0,0
00Q000000000277,Nikhil Verma,BlueLabs,Director of Sales,Director,Technology,241,Referral,4,1,1,0,0,1,2,12,55,1,0,0,1
00Q000000000278,Divya Nair,NovaWorks,Head of Ops,Director,Finance,119,Event,7,2,5,2,0,2,1,1,7,0,0,0,1
00Q000000000279,Nikhil Joshi,QuantaPartners,Coordinator,Individual,Finance,22,Web,4,1,1,1,2,1,0,9,114,1,0,0,0
00Q000000000280,Meera Joshi,ZenHealth,Analyst,Individual,Healthcare,317,Paid Ad,1,1,4,0,0,1,1,9,84,1,0,0,1
00Q000000000281,Aarav Iyer,PioneerSystems,Analyst,Individual,Technology,12,Cold Outbound,0,0,0,0,0,1,1,90,22,1,1,0,0
00Q000000000282,Kavya Gupta,ApexGroup,IT Manager,Manager,Technology,477,Partner,5,2,1,0,0,3,1,9,90,1,0,0,1
00Q000000000283,Priya Kapoor,NovaPartners,Sales Manager,Manager,Technology,91,Paid Ad,5,1,4,0,0,3,2,20,118,1,0,0,1
00Q000000000284,Ananya Nair,ZenDynamics,Analyst,Individual,Technology,3,Paid Ad,0,0,2,0,0,1,1,23,72,1,0,0,0
00Q000000000285,Divya Malhotra,NovaDynamics,Sales Manager,Manager,Finance,129,Paid Ad,1,1,1,0,0,1,1,17,13,1,0,0,0
00Q000000000286,Sanjay Kapoor,VertexSolutions,Ops Manager,Manager,Technology,54,Event,4,1,2,0,0,1,1,4,14,1,0,0,0
00Q000000000287,Ananya Singh,OrbitSystems,Analyst,Individual,Finance,43,Event,1,2,3,1,0,1,0,3,42,0,0,0,0
00Q000000000288,Karan Patel,ApexNetworks,VP Sales,VP,Other,32,Referral,1,0,1,0,1,0,1,13,76,0,0,0,1
00Q000000000289,Divya Kapoor,HelixNetworks,Sales Manager,Manager,Finance,82,Web,3,1,0,0,0,1,0,6,19,1,1,0,0
00Q000000000290,Rohan Khan,PioneerHealth,IT Manager,Manager,Technology,48,Paid Ad,4,0,2,0,0,0,0,4,26,1,0,1,1
00Q000000000291,Priya Gupta,HelixSolutions,IT Manager,Manager,Retail,6,Event,3,1,3,2,0,1,0,10,64,0,1,0,1
00Q000000000292,Amit Malhotra,NovaNetworks,IT Manager,Manager,Healthcare,670,Web,9,2,4,4,0,0,3,2,48,0,0,0,1
00Q000000000293,Riya Das,QuantaHealth,VP Engineering,VP,Technology,68,Web,1,0,1,0,0,0,0,86,52,1,0,0,0
00Q000000000294,Riya Bose,QuantaWorks,Sales Manager,Manager,Education,33,Partner,1,0,0,0,0,0,1,6,28,1,0,0,0
00Q000000000295,Meera Nair,ApexPartners,Ops Manager,Manager,Retail,18,Web,2,0,1,0,1,1,0,0,99,1,0,0,0
00Q000000000296,Ananya Joshi,OrbitIndustries,VP Marketing,VP,Other,316,Event,2,2,1,1,3,1,2,20,10,1,0,1,1
00Q000000000297,Amit Joshi,HelixNetworks,VP Marketing,VP,Other,14,Web,2,1,4,0,0,0,1,45,76,1,0,0,0
00Q000000000298,Sanjay Das,PioneerIndustries,VP Sales,VP,Manufacturing,121,Web,1,0,1,1,0,0,0,14,93,1,0,0,0
00Q000000000299,Amit Reddy,BlueHealth,Coordinator,Individual,Retail,41,Partner,3,0,2,0,0,1,0,7,96,0,0,0,0
00Q000000000300,Meera Kapoor,SummitSolutions,Analyst,Individual,Healthcare,45,Web,3,0,6,2,0,1,2,3,60,1,0,1,1
00Q000000000301,Rahul Patel,NovaIndustries,Head of Ops,Director,Other,19,Referral,2,0,1,1,0,4,1,85,24,1,0,0,0
00Q000000000302,Aarav Malhotra,HelixIndustries,Sales Manager,Manager,Manufacturing,39,Cold Outbound,5,0,5,1,1,2,1,5,94,1,0,0,0
00Q000000000303,Ananya Joshi,NovaWorks,Director of Sales,Director,Finance,100,Event,2,1,0,0,1,0,1,3,39,1,1,0,0
00Q000000000304,Rahul Singh,LumenGroup,Director of IT,Director,Technology,141,Paid Ad,5,0,5,0,1,3,0,5,36,1,0,0,0
00Q000000000305,Pooja Nair,OrbitGroup,Coordinator,Individual,Manufacturing,30,Paid Ad,2,0,1,0,0,1,0,27,15,1,1,0,0
00Q000000000306,Arjun Bose,NovaGroup,Coordinator,Individual,Manufacturing,86,Web,3,1,2,0,0,1,0,28,36,1,0,0,0
00Q000000000307,Meera Reddy,VertexGroup,IT Manager,Manager,Education,377,Referral,3,0,7,0,0,1,2,12,23,1,1,0,0
00Q000000000308,Sneha Bose,SummitNetworks,Engineer,Individual,Technology,8,Event,3,1,2,0,0,0,0,5,74,0,0,0,0
00Q000000000309,Sanjay Das,BlueGroup,Director of Sales,Director,Education,98,Web,11,0,3,2,1,1,1,6,22,1,0,0,1
00Q000000000310,Priya Singh,HelixDynamics,Director of IT,Director,Technology,23,Web,2,3,4,0,0,0,0,1,55,1,0,1,1
00Q000000000311,Vikram Rao,NovaHealth,IT Manager,Manager,Manufacturing,20,Paid Ad,6,1,2,0,0,1,1,5,59,0,0,0,0
00Q000000000312,Sanjay Malhotra,CobaltPartners,Head of Ops,Director,Healthcare,147,Web,3,1,5,3,0,0,1,2,48,0,0,0,1
00Q000000000313,Vikram Gupta,LumenWorks,IT Manager,Manager,Finance,43,Web,2,0,3,3,0,3,0,65,61,1,0,0,0
00Q000000000314,Riya Kapoor,ApexSolutions,Director of IT,Director,Healthcare,16,Paid Ad,8,1,5,1,1,1,0,4,70,1,0,0,1
00Q000000000315,Divya Kapoor,ApexWorks,Engineer,Individual,Technology,725,Event,6,0,0,0,0,0,1,19,70,1,0,0,1
00Q000000000316,Vikram Reddy,SummitSystems,Director of Sales,Director,Technology,395,Paid Ad,2,1,2,1,0,2,1,29,8,1,0,0,1
00Q000000000317,Rahul Rao,ApexSystems,Head of Ops,Director,Education,5,Web,2,1,0,0,0,0,0,26,29,1,0,0,0
00Q000000000318,Rohan Mehta,BluePartners,Analyst,Individual,Technology,10,Paid Ad,6,0,4,0,0,3,2,3,8,0,0,0,0
00Q000000000319,Amit Nair,OrbitNetworks,Ops Manager,Manager,Retail,242,Cold Outbound,2,0,0,0,0,1,0,90,77,1,1,0,0
00Q000000000320,Aarav Patel,NovaNetworks,VP Sales,VP,Retail,64,Paid Ad,3,4,5,1,0,0,2,4,78,1,0,0,0
00Q000000000321,Rohan Nair,QuantaGroup,Coordinator,Individual,Technology,944,Cold Outbound,1,0,1,0,0,1,1,7,94,1,0,0,0
00Q000000000322,Karan Iyer,SummitLabs,Head of Ops,Director,Other,250,Event,7,2,2,1,0,2,1,30,74,0,0,1,1
00Q000000000323,Priya Joshi,HelixNetworks,COO,C-Level,Education,155,Web,4,5,7,0,0,3,1,11,82,1,0,1,0
00Q000000000324,Vikram Gupta,ApexLabs,VP Sales,VP,Education,21,Referral,5,4,7,1,0,3,2,5,13,0,0,0,1
00Q000000000325,Sanjay Das,CobaltPartners,IT Manager,Manager,Education,207,Event,3,0,7,0,0,2,2,7,30,0,0,1,1
00Q000000000326,Divya Das,ApexDynamics,Head of Ops,Director,Manufacturing,14,Cold Outbound,0,0,0,0,0,0,0,3,16,1,0,0,0
00Q000000000327,Isha Joshi,BluePartners,CFO,C-Level,Other,704,Referral,4,0,1,1,0,0,0,1,36,1,0,0,1
00Q000000000328,Priya Reddy,QuantaGroup,IT Manager,Manager,Technology,187,Referral,0,0,0,0,0,1,0,22,87,0,1,0,0
00Q000000000329,Nikhil Sharma,NovaDynamics,Analyst,Individual,Technology,28,Cold Outbound,1,0,1,0,0,2,2,8,37,0,0,0,0
00Q000000000330,Meera Gupta,NovaGroup,Coordinator,Individual,Retail,332,Web,6,3,5,0,1,5,0,2,54,1,0,0,1
00Q000000000331,Pooja Reddy,OrbitGroup,Director of Sales,Director,Finance,2870,Paid Ad,4,2,0,0,0,1,3,11,17,1,0,0,1
00Q000000000332,Rohan Kapoor,BlueDynamics,IT Manager,Manager,Manufacturing,71,Referral,3,1,2,0,0,1,0,3,50,1,1,0,0
00Q000000000333,Kavya Nair,BlueGroup,Coordinator,Individual,Healthcare,227,Cold Outbound,2,1,0,0,0,3,0,13,98,0,0,0,0
00Q000000000334,Pooja Kapoor,ZenSystems,Sales Manager,Manager,Finance,52,Web,1,1,3,0,0,3,1,4,51,0,1,0,0
00Q000000000335,Rohan Joshi,QuantaWorks,Head of Ops,Director,Other,113,Paid Ad,2,1,0,0,0,2,1,28,113,1,0,0,0
00Q000000000336,Neha Singh,PioneerHealth,IT Manager,Manager,Technology,10,Paid Ad,2,0,0,0,0,2,0,8,111,1,0,0,0
00Q000000000337,Rahul Rao,LumenNetworks,VP Marketing,VP,Technology,99,Cold Outbound,2,1,1,0,0,1,2,20,12,1,0,0,0
00Q000000000338,Karan Das,SummitLabs,Director of Sales,Director,Retail,106,Cold Outbound,2,1,2,1,1,3,1,4,5,1,0,0,1
00Q000000000339,Rohan Patel,HelixSystems,CFO,C-Level,Education,1478,Partner,2,2,1,1,0,1,1,3,44,1,0,0,1
00Q000000000340,Rahul Mehta,ZenWorks,VP Engineering,VP,Education,6,Web,0,0,0,0,0,0,1,20,38,1,0,0,0
00Q000000000341,Isha Sharma,ZenPartners,Engineer,Individual,Technology,65,Event,3,1,1,1,2,3,1,20,96,1,0,0,1
00Q000000000342,Rahul Reddy,PioneerSolutions,Director of Sales,Director,Other,686,Cold Outbound,2,0,2,0,1,0,2,3,47,1,0,0,0
00Q000000000343,Pooja Verma,QuantaSolutions,Coordinator,Individual,Manufacturing,69,Paid Ad,2,0,3,1,0,1,2,2,26,1,0,0,0
00Q000000000344,Meera Iyer,ZenIndustries,CTO,C-Level,Education,76,Cold Outbound,6,3,9,2,2,0,3,2,50,1,0,0,1
00Q000000000345,Vikram Reddy,OrbitHealth,Coordinator,Individual,Technology,28,Partner,1,0,0,0,0,3,0,83,52,0,1,0,0
00Q000000000346,Dev Malhotra,HelixLabs,Head of Ops,Director,Finance,24,Referral,2,0,4,0,0,0,0,5,75,1,0,0,0
00Q000000000347,Dev Mehta,CobaltWorks,VP Engineering,VP,Manufacturing,6,Web,3,1,0,0,1,0,0,21,2,1,0,0,0
00Q000000000348,Arjun Singh,HelixLabs,Engineer,Individual,Manufacturing,38,Referral,1,0,1,0,0,2,0,13,104,0,0,0,0
00Q000000000349,Rahul Iyer,LumenLabs,VP Engineering,VP,Technology,22,Paid Ad,3,0,9,1,1,1,0,3,119,1,1,1,1
00Q000000000350,Pooja Reddy,PioneerDynamics,Coordinator,Individual,Manufacturing,118,Event,3,0,1,0,0,3,2,15,39,1,0,0,0
00Q000000000351,Karan Kapoor,ZenIndustries,Sales Manager,Manager,Retail,30,Web,1,1,5,0,0,3,1,6,40,1,1,0,0
00Q000000000352,Karan Nair,NovaNetworks,Sales Manager,Manager,Finance,48,Partner,4,1,2,2,0,2,1,29,105,1,1,0,0
00Q000000000353,Kavya Malhotra,SummitGroup,Sales Manager,Manager,Manufacturing,50,Web,3,4,2,0,0,0,1,3,67,1,1,0,1
00Q000000000354,Arjun Rao,LumenDynamics,Sales Manager,Manager,Finance,92,Event,2,1,5,0,1,2,1,7,70,1,0,0,0
00Q000000000355,Neha Das,QuantaPartners,VP Sales,VP,Education,45,Event,4,3,4,1,0,0,1,3,30,0,0,0,0
00Q000000000356,Dev Sharma,QuantaDynamics,Sales Manager,Manager,Manufacturing,20,Event,3,2,5,2,1,3,0,2,64,0,0,0,0
00Q000000000357,Neha Das,VertexSolutions,Sales Manager,Manager,Manufacturing,113,Web,3,2,5,2,0,2,0,4,25,1,0,0,1
00Q000000000358,Isha Singh,CobaltPartners,VP Engineering,VP,Other,493,Partner,2,1,3,0,0,0,0,9,119,1,0,0,0
00Q000000000359,Riya Patel,LumenGroup,Head of Ops,Director,Retail,120,Cold Outbound,2,1,3,0,0,1,1,6,72,1,0,0,0
00Q000000000360,Isha Patel,PioneerSystems,Coordinator,Individual,Finance,39,Paid Ad,1,1,3,1,2,0,1,2,67,1,0,0,0
00Q000000000361,Dev Khan,VertexSystems,COO,C-Level,Retail,82,Cold Outbound,0,0,1,0,1,2,1,5,70,0,0,1,1
00Q000000000362,Meera Joshi,QuantaLabs,Analyst,Individual,Other,4,Web,1,2,1,1,0,2,2,4,41,1,0,0,0
00Q000000000363,Priya Das,OrbitGroup,IT Manager,Manager,Technology,80,Web,0,0,1,1,0,0,2,51,96,1,0,0,0
00Q000000000364,Rohan Nair,OrbitGroup,IT Manager,Manager,Manufacturing,54,Web,0,0,4,2,0,0,0,14,92,0,0,0,0
00Q000000000365,Nikhil Malhotra,BlueGroup,Director of IT,Director,Technology,24,Paid Ad,3,2,8,2,1,1,2,1,56,1,0,0,1
00Q000000000366,Kavya Bose,PioneerSolutions,Engineer,Individual,Education,32,Web,1,1,1,0,0,0,0,6,66,1,0,0,0
00Q000000000367,Isha Das,SummitLabs,Analyst,Individual,Retail,53,Cold Outbound,4,1,2,0,0,1,0,20,15,1,0,0,0
00Q000000000368,Karan Bose,ZenHealth,Head of Ops,Director,Other,440,Paid Ad,2,1,4,2,1,1,0,5,106,0,0,0,0
00Q000000000369,Riya Bose,VertexSystems,Coordinator,Individual,Retail,511,Partner,2,2,1,1,0,1,0,3,71,1,1,0,0
00Q000000000370,Rahul Patel,PioneerNetworks,IT Manager,Manager,Technology,24,Event,3,0,6,2,1,1,0,3,65,1,0,0,0
00Q000000000371,Nikhil Joshi,OrbitSystems,Director of IT,Director,Manufacturing,45,Paid Ad,3,3,2,2,1,2,2,5,81,1,0,1,1
00Q000000000372,Priya Das,SummitDynamics,Director of Sales,Director,Other,47,Event,7,2,5,0,0,2,1,33,68,1,0,0,0
00Q000000000373,Arjun Singh,ZenPartners,Engineer,Individual,Technology,335,Paid Ad,4,2,1,1,0,2,1,2,1,1,0,0,1
00Q000000000374,Sneha Joshi,LumenLabs,Ops Manager,Manager,Technology,123,Partner,2,1,1,1,0,1,0,21,69,0,1,0,0
00Q000000000375,Aarav Iyer,CobaltHealth,CEO,C-Level,Retail,114,Web,5,2,4,3,3,4,3,5,66,1,0,1,1
00Q000000000376,Priya Rao,VertexNetworks,IT Manager,Manager,Manufacturing,222,Cold Outbound,0,1,3,1,0,1,1,5,108,1,1,0,0
00Q000000000377,Neha Iyer,HelixIndustries,Coordinator,Individual,Technology,40,Paid Ad,0,0,1,1,0,2,0,28,78,1,0,0,0
00Q000000000378,Riya Joshi,ApexLabs,Coordinator,Individual,Finance,769,Partner,4,3,7,0,2,2,2,1,114,0,0,0,1
00Q000000000379,Pooja Khan,OrbitGroup,Sales Manager,Manager,Finance,99,Web,0,0,1,0,0,0,1,19,50,1,0,0,0
00Q000000000380,Neha Malhotra,ZenGroup,COO,C-Level,Retail,27,Web,4,3,2,1,2,1,0,7,68,1,0,0,1
00Q000000000381,Sneha Gupta,LumenIndustries,Sales Manager,Manager,Healthcare,70,Web,5,4,5,0,0,0,0,5,94,1,0,0,1
00Q000000000382,Nikhil Singh,HelixSolutions,Analyst,Individual,Healthcare,631,Paid Ad,1,0,0,0,0,1,2,16,92,1,0,0,0
00Q000000000383,Meera Patel,LumenGroup,IT Manager,Manager,Education,52,Web,0,0,1,1,0,2,1,32,33,1,0,0,0
00Q000000000384,Pooja Reddy,PioneerWorks,Engineer,Individual,Finance,413,Cold Outbound,2,0,1,0,0,1,0,7,33,1,0,0,0
00Q000000000385,Priya Khan,NovaHealth,Analyst,Individual,Retail,38,Cold Outbound,1,2,2,0,0,1,1,1,16,1,0,0,0
00Q000000000386,Isha Sharma,ApexWorks,CFO,C-Level,Finance,31,Web,5,2,1,0,0,1,0,0,61,1,1,0,0
00Q000000000387,Karan Nair,VertexSolutions,Director of Sales,Director,Healthcare,267,Paid Ad,5,1,7,0,0,5,0,5,106,1,0,1,1
00Q000000000388,Meera Malhotra,CobaltHealth,Coordinator,Individual,Manufacturing,26,Web,4,3,1,1,0,1,1,61,93,0,0,1,0
00Q000000000389,Arjun Reddy,NovaSolutions,Sales Manager,Manager,Retail,341,Referral,0,1,1,0,0,1,1,10,30,1,0,0,0
00Q000000000390,Meera Joshi,CobaltLabs,Engineer,Individual,Other,168,Web,1,0,0,0,0,1,0,74,92,1,0,0,0
00Q000000000391,Priya Malhotra,CobaltIndustries,Engineer,Individual,Finance,26,Cold Outbound,4,3,3,0,0,1,1,4,53,0,0,0,0
00Q000000000392,Nikhil Khan,ApexGroup,Ops Manager,Manager,Technology,89,Cold Outbound,1,1,1,0,0,0,1,21,5,1,0,0,0
00Q000000000393,Karan Rao,ApexNetworks,IT Manager,Manager,Healthcare,43,Web,5,1,1,0,1,1,1,4,63,1,0,0,0
00Q000000000394,Sanjay Mehta,CobaltDynamics,Director of IT,Director,Manufacturing,167,Web,2,3,3,0,0,2,0,2,41,1,0,1,0
00Q000000000395,Divya Singh,HelixPartners,VP Engineering,VP,Technology,1688,Event,0,0,0,0,1,3,2,8,49,0,0,0,1
00Q000000000396,Ananya Kapoor,SummitSystems,Analyst,Individual,Other,57,Paid Ad,4,2,5,0,0,2,0,8,115,1,1,0,0
00Q000000000397,Divya Reddy,QuantaWorks,CEO,C-Level,Education,221,Web,8,0,1,0,1,0,1,10,44,1,0,0,1
00Q000000000398,Riya Khan,VertexPartners,Ops Manager,Manager,Healthcare,103,Cold Outbound,3,1,0,0,0,3,1,19,31,1,0,0,0
00Q000000000399,Aarav Nair,VertexGroup,Engineer,Individual,Healthcare,103,Cold Outbound,2,1,0,0,1,2,0,18,69,1,0,0,0
00Q000000000400,Amit Bose,SummitLabs,VP Sales,VP,Technology,77,Event,3,1,2,0,1,1,3,30,66,1,0,0,0
00Q000000000401,Neha Malhotra,SummitWorks,Coordinator,Individual,Manufacturing,27,Cold Outbound,3,2,1,0,1,3,1,26,98,1,0,0,0
00Q000000000402,Kavya Khan,ZenWorks,Sales Manager,Manager,Manufacturing,164,Paid Ad,4,3,1,1,1,2,0,6,35,0,0,0,1
00Q000000000403,Meera Nair,QuantaIndustries,Director of Sales,Director,Other,64,Paid Ad,4,1,1,0,1,0,0,2,39,1,0,0,0
00Q000000000404,Kavya Joshi,CobaltSystems,Analyst,Individual,Manufacturing,25,Partner,5,2,4,1,0,3,1,5,47,1,0,0,0
00Q000000000405,Meera Singh,BlueSystems,VP Sales,VP,Technology,455,Event,2,1,2,1,0,1,1,15,50,1,0,0,1
00Q000000000406,Arjun Sharma,SummitSolutions,Engineer,Individual,Technology,115,Paid Ad,1,0,2,0,0,0,0,10,71,1,0,0,0
00Q000000000407,Pooja Joshi,PioneerLabs,VP Sales,VP,Technology,70,Web,4,1,4,0,0,1,2,32,71,1,0,1,1
00Q000000000408,Ananya Mehta,SummitHealth,Analyst,Individual,Other,742,Paid Ad,0,0,0,0,0,0,0,59,117,0,0,0,0
00Q000000000409,Aarav Joshi,BlueSystems,Engineer,Individual,Education,6,Web,4,0,0,0,0,1,1,25,20,1,0,0,0
00Q000000000410,Meera Rao,LumenLabs,Sales Manager,Manager,Education,671,Web,2,0,4,0,0,1,2,19,20,1,0,0,0
00Q000000000411,Priya Sharma,VertexPartners,VP Engineering,VP,Education,26,Event,0,0,0,0,0,1,1,15,80,1,0,0,0
00Q000000000412,Aarav Kapoor,QuantaHealth,Engineer,Individual,Technology,136,Event,2,0,1,0,0,2,1,22,54,1,0,0,0
00Q000000000413,Kavya Verma,CobaltPartners,VP Marketing,VP,Retail,41,Web,4,2,5,0,0,1,1,6,80,1,0,0,0
00Q000000000414,Aarav Joshi,PioneerSolutions,Engineer,Individual,Retail,24,Web,1,1,3,0,1,2,2,3,24,0,0,0,0
00Q000000000415,Amit Patel,LumenPartners,Sales Manager,Manager,Technology,713,Cold Outbound,3,3,1,0,0,0,1,23,39,0,0,1,1
00Q000000000416,Rohan Malhotra,NovaWorks,IT Manager,Manager,Healthcare,1610,Paid Ad,3,4,1,1,0,1,2,1,33,0,0,0,1
00Q000000000417,Amit Malhotra,BlueGroup,Coordinator,Individual,Retail,71,Referral,2,3,1,1,1,4,2,3,59,1,0,1,1
00Q000000000418,Meera Bose,ApexHealth,COO,C-Level,Other,164,Cold Outbound,2,1,1,0,1,0,2,6,24,1,0,0,0
00Q000000000419,Karan Gupta,PioneerPartners,IT Manager,Manager,Technology,108,Cold Outbound,3,2,6,0,0,5,2,2,61,0,1,0,0
00Q000000000420,Vikram Gupta,OrbitGroup,Director of IT,Director,Other,1333,Web,1,1,5,2,1,4,0,3,96,1,0,0,1
00Q000000000421,Dev Bose,NovaNetworks,IT Manager,Manager,Other,4,Paid Ad,3,2,3,0,0,1,0,14,11,1,0,0,0
00Q000000000422,Priya Patel,PioneerSystems,Ops Manager,Manager,Other,175,Referral,1,0,2,0,0,1,1,7,81,1,1,0,0
00Q000000000423,Sanjay Joshi,OrbitPartners,Head of Ops,Director,Technology,33,Paid Ad,0,1,0,0,0,0,0,23,1,1,0,0,0
00Q000000000424,Rahul Patel,ApexDynamics,VP Engineering,VP,Technology,2,Paid Ad,0,0,1,0,1,0,2,13,118,1,0,0,1
00Q000000000425,Sanjay Verma,PioneerIndustries,Head of Ops,Director,Retail,57,Web,4,0,2,0,1,0,2,10,24,1,0,0,0
00Q000000000426,Karan Reddy,CobaltPartners,Ops Manager,Manager,Finance,1590,Event,6,2,4,1,1,0,2,11,104,1,0,0,1
00Q000000000427,Riya Das,VertexDynamics,Head of Ops,Director,Technology,37,Referral,7,1,4,1,0,4,3,2,116,1,0,1,1
00Q000000000428,Rohan Reddy,ApexDynamics,Head of Ops,Director,Retail,325,Paid Ad,0,0,0,0,0,1,1,2,20,0,0,0,0
00Q000000000429,Meera Gupta,BlueNetworks,Ops Manager,Manager,Technology,600,Web,4,4,4,0,0,3,0,15,60,1,1,0,0
00Q000000000430,Sneha Kapoor,OrbitIndustries,Head of Ops,Director,Healthcare,97,Partner,2,1,0,0,0,0,1,10,30,0,0,0,1
00Q000000000431,Meera Verma,ApexDynamics,Sales Manager,Manager,Other,119,Paid Ad,2,0,4,0,0,2,0,11,72,0,0,0,0
00Q000000000432,Arjun Malhotra,NovaSolutions,Director of IT,Director,Healthcare,7,Web,2,0,8,0,0,0,0,0,21,1,0,1,1
00Q000000000433,Aarav Malhotra,SummitHealth,CTO,C-Level,Other,33,Partner,0,0,0,0,0,3,0,10,20,1,0,0,0
00Q000000000434,Ananya Sharma,ApexHealth,CFO,C-Level,Healthcare,387,Web,6,1,3,0,1,4,2,5,73,0,0,0,1
00Q000000000435,Ananya Gupta,SummitGroup,VP Engineering,VP,Finance,108,Paid Ad,3,0,1,0,0,0,2,12,6,1,0,0,1
00Q000000000436,Rohan Kapoor,LumenGroup,Head of Ops,Director,Technology,172,Event,3,2,5,0,0,1,1,27,88,1,0,0,0
00Q000000000437,Amit Verma,NovaNetworks,Director of IT,Director,Finance,121,Web,2,0,1,1,0,0,0,7,62,0,0,0,1
00Q000000000438,Vikram Sharma,ApexIndustries,Coordinator,Individual,Finance,2665,Web,1,1,0,0,0,3,0,1,38,1,0,0,1
00Q000000000439,Karan Malhotra,PioneerSolutions,IT Manager,Manager,Education,52,Web,1,1,1,0,0,1,0,3,3,1,0,0,0
00Q000000000440,Pooja Khan,VertexHealth,Engineer,Individual,Other,1105,Paid Ad,4,1,3,0,0,0,0,7,71,1,1,0,0
00Q000000000441,Meera Sharma,ZenGroup,Coordinator,Individual,Technology,121,Paid Ad,4,3,6,0,1,0,1,11,114,1,0,0,0
00Q000000000442,Priya Das,VertexLabs,COO,C-Level,Technology,1263,Web,2,1,5,0,0,1,0,10,118,0,0,0,0
00Q000000000443,Rohan Gupta,HelixNetworks,VP Marketing,VP,Retail,15,Web,6,4,4,0,3,2,0,1,92,1,0,1,1
00Q000000000444,Arjun Rao,VertexPartners,Sales Manager,Manager,Healthcare,131,Cold Outbound,2,0,1,0,0,0,2,24,73,1,0,0,0
00Q000000000445,Sanjay Iyer,QuantaGroup,Analyst,Individual,Finance,55,Web,0,0,0,0,0,0,0,3,90,1,0,0,0
00Q000000000446,Neha Singh,HelixWorks,Head of Ops,Director,Finance,122,Referral,6,1,4,1,1,4,1,58,111,1,0,1,1
00Q000000000447,Sanjay Nair,ApexNetworks,IT Manager,Manager,Technology,622,Paid Ad,3,1,6,0,0,1,1,8,70,1,1,0,0
00Q000000000448,Nikhil Das,HelixWorks,VP Sales,VP,Manufacturing,175,Web,5,0,4,1,0,1,3,2,17,1,0,1,1
00Q000000000449,Ananya Singh,VertexSystems,COO,C-Level,Technology,620,Cold Outbound,4,1,5,0,1,1,0,5,84,1,0,0,1
00Q000000000450,Amit Nair,ApexWorks,Ops Manager,Manager,Retail,36,Web,3,1,6,0,1,1,1,3,91,1,0,0,0
00Q000000000451,Amit Sharma,ZenHealth,Coordinator,Individual,Finance,28,Cold Outbound,2,1,3,1,0,1,1,3,62,0,0,0,0
00Q000000000452,Ananya Bose,HelixSystems,Engineer,Individual,Healthcare,101,Referral,5,0,7,1,1,2,2,8,85,1,0,1,1
00Q000000000453,Riya Singh,ApexLabs,Coordinator,Individual,Manufacturing,93,Web,8,3,6,3,0,1,3,11,12,1,0,0,0
00Q000000000454,Rohan Iyer,QuantaSolutions,Sales Manager,Manager,Technology,75,Referral,4,0,1,0,0,1,1,6,32,0,0,0,0
00Q000000000455,Karan Rao,VertexGroup,Analyst,Individual,Other,23,Cold Outbound,4,1,3,1,0,2,0,7,74,0,1,0,0
00Q000000000456,Sanjay Rao,CobaltNetworks,Analyst,Individual,Retail,600,Paid Ad,3,1,5,2,0,0,2,2,11,1,0,0,0
00Q000000000457,Sneha Gupta,ApexSystems,Engineer,Individual,Education,57,Web,2,0,2,1,0,1,1,31,100,1,1,0,0
00Q000000000458,Sanjay Malhotra,SummitNetworks,Coordinator,Individual,Healthcare,844,Cold Outbound,7,0,3,1,0,1,1,4,1,1,0,0,1
00Q000000000459,Rahul Patel,ApexGroup,Director of Sales,Director,Healthcare,101,Web,2,1,0,0,1,0,1,21,60,1,0,1,0
00Q000000000460,Karan Gupta,PioneerNetworks,Engineer,Individual,Technology,263,Web,1,0,1,0,0,0,0,9,74,0,1,0,0
00Q000000000461,Sanjay Verma,SummitNetworks,VP Engineering,VP,Manufacturing,229,Web,1,0,2,0,0,0,0,7,88,1,0,0,0
00Q000000000462,Vikram Das,LumenIndustries,Analyst,Individual,Manufacturing,28,Cold Outbound,0,0,0,0,0,1,0,5,71,0,0,0,0
00Q000000000463,Kavya Malhotra,QuantaDynamics,Analyst,Individual,Healthcare,172,Web,1,1,2,0,0,0,0,86,24,0,0,0,0
00Q000000000464,Sanjay Das,NovaDynamics,Engineer,Individual,Technology,1794,Web,1,1,2,0,0,2,1,20,91,1,1,0,0
00Q000000000465,Amit Khan,BlueDynamics,Director of IT,Director,Finance,145,Cold Outbound,2,0,1,0,0,0,1,10,90,1,0,0,0
00Q000000000466,Sneha Kapoor,CobaltLabs,Engineer,Individual,Technology,384,Paid Ad,5,0,1,0,1,2,0,25,13,0,0,0,1
00Q000000000467,Sneha Sharma,ApexSystems,Sales Manager,Manager,Finance,281,Referral,4,4,7,2,1,3,2,5,53,1,0,0,1
00Q000000000468,Aarav Mehta,LumenNetworks,Coordinator,Individual,Manufacturing,157,Paid Ad,2,3,5,0,0,0,0,4,65,0,1,0,0
00Q000000000469,Dev Gupta,VertexPartners,COO,C-Level,Other,131,Web,0,0,3,1,0,0,0,3,68,1,0,0,1
00Q000000000470,Isha Bose,HelixWorks,Analyst,Individual,Technology,226,Event,2,2,4,0,0,2,2,2,25,1,0,0,1
00Q000000000471,Karan Rao,CobaltPartners,Sales Manager,Manager,Technology,312,Referral,2,0,2,0,0,2,0,21,26,1,0,0,0
00Q000000000472,Ananya Malhotra,QuantaNetworks,VP Marketing,VP,Finance,13,Paid Ad,2,1,5,0,0,0,0,5,33,0,0,0,0
00Q000000000473,Arjun Kapoor,OrbitPartners,Coordinator,Individual,Technology,144,Partner,0,0,5,1,0,1,2,3,96,1,0,0,1
00Q000000000474,Sanjay Singh,ZenPartners,Engineer,Individual,Retail,75,Referral,4,0,3,0,0,0,0,13,20,0,1,0,0
00Q000000000475,Rahul Malhotra,NovaSolutions,VP Engineering,VP,Technology,55,Web,2,1,0,0,0,2,2,7,57,1,0,0,1
00Q000000000476,Sneha Khan,NovaNetworks,Analyst,Individual,Other,695,Referral,3,3,3,3,0,2,2,4,66,1,0,0,1
00Q000000000477,Sneha Gupta,LumenGroup,Coordinator,Individual,Education,33,Partner,2,0,1,1,0,0,0,3,42,1,0,0,0
00Q000000000478,Karan Malhotra,OrbitIndustries,Sales Manager,Manager,Healthcare,12,Partner,4,1,1,0,0,1,1,3,50,1,0,0,0
00Q000000000479,Rahul Gupta,OrbitNetworks,Coordinator,Individual,Other,328,Partner,10,8,12,2,3,2,2,3,14,1,0,1,1
00Q000000000480,Divya Kapoor,LumenLabs,VP Sales,VP,Manufacturing,11,Cold Outbound,1,0,3,0,0,1,1,7,57,1,0,0,0
00Q000000000481,Karan Kapoor,BlueSystems,Head of Ops,Director,Other,5,Cold Outbound,4,2,1,1,0,2,1,3,116,1,0,0,0
00Q000000000482,Sneha Iyer,ZenHealth,IT Manager,Manager,Finance,388,Cold Outbound,3,0,3,0,0,1,2,34,77,1,0,1,0
00Q000000000483,Priya Bose,CobaltIndustries,Coordinator,Individual,Other,126,Paid Ad,2,2,2,1,0,0,2,7,9,0,0,0,0
00Q000000000484,Dev Rao,SummitGroup,Director of Sales,Director,Technology,202,Web,1,1,1,0,0,1,0,12,15,0,0,0,1
00Q000000000485,Isha Malhotra,OrbitIndustries,Director of Sales,Director,Finance,51,Paid Ad,1,1,4,1,0,0,0,2,43,1,0,0,0
00Q000000000486,Meera Gupta,QuantaHealth,Analyst,Individual,Other,12,Web,5,0,1,0,0,4,0,9,90,1,0,0,0
00Q000000000487,Sneha Bose,ZenIndustries,VP Engineering,VP,Finance,16,Web,7,0,1,1,0,2,2,6,23,1,0,0,1
00Q000000000488,Kavya Nair,BlueDynamics,IT Manager,Manager,Technology,66,Referral,1,0,0,0,1,1,0,7,74,1,0,0,1
00Q000000000489,Neha Gupta,BlueIndustries,Director of Sales,Director,Technology,14,Referral,1,0,3,0,0,0,2,46,86,1,0,0,0
00Q000000000490,Sanjay Gupta,BlueWorks,Coordinator,Individual,Technology,157,Paid Ad,3,1,5,1,1,3,1,5,4,1,1,0,0
00Q000000000491,Karan Joshi,BlueSystems,Analyst,Individual,Finance,49,Referral,4,1,0,0,0,0,0,9,25,1,0,0,0
00Q000000000492,Priya Das,QuantaWorks,Director of IT,Director,Healthcare,131,Web,0,1,1,0,0,0,0,16,39,1,0,0,0
00Q000000000493,Nikhil Khan,QuantaHealth,Director of IT,Director,Manufacturing,125,Cold Outbound,4,1,5,1,0,1,1,6,76,0,0,0,0
00Q000000000494,Vikram Joshi,NovaNetworks,Sales Manager,Manager,Education,177,Paid Ad,4,1,1,0,0,1,1,9,79,1,0,0,0
00Q000000000495,Priya Singh,ZenPartners,Engineer,Individual,Technology,210,Web,3,3,4,1,1,0,1,13,75,1,1,0,0
00Q000000000496,Sneha Sharma,NovaIndustries,VP Engineering,VP,Education,59,Web,0,0,1,0,0,2,2,4,48,1,0,0,0
00Q000000000497,Meera Malhotra,LumenSolutions,Engineer,Individual,Manufacturing,131,Web,3,0,1,1,0,1,0,40,68,1,0,0,0
00Q000000000498,Sneha Verma,BlueSystems,Sales Manager,Manager,Retail,141,Cold Outbound,0,0,0,0,0,0,0,24,10,1,0,0,0
00Q000000000499,Sanjay Singh,ZenPartners,Director of Sales,Director,Retail,2,Web,2,0,1,0,0,0,1,57,17,1,0,0,0
00Q000000000500,Aarav Verma,LumenDynamics,Analyst,Individual,Other,262,Cold Outbound,6,1,5,1,0,1,0,9,79,0,0,0,0
00Q000000000501,Arjun Reddy,PioneerPartners,Analyst,Individual,Technology,124,Web,4,0,4,0,1,1,1,1,13,1,1,0,0
00Q000000000502,Kavya Bose,ZenHealth,Coordinator,Individual,Manufacturing,231,Partner,2,0,2,0,0,3,2,5,56,1,1,0,1
00Q000000000503,Riya Khan,ApexSolutions,VP Engineering,VP,Other,14,Web,1,0,2,0,0,0,1,10,70,1,0,0,0
00Q000000000504,Ananya Nair,PioneerSystems,Ops Manager,Manager,Retail,61,Event,0,0,1,0,0,0,0,6,7,0,0,0,0
00Q000000000505,Neha Rao,SummitLabs,Director of IT,Director,Technology,19,Referral,4,3,2,1,0,1,0,9,54,1,0,0,1
00Q000000000506,Vikram Iyer,QuantaLabs,CEO,C-Level,Manufacturing,303,Referral,7,2,6,1,1,3,1,1,16,0,1,1,1
00Q000000000507,Isha Malhotra,LumenLabs,Director of IT,Director,Education,12,Cold Outbound,5,0,2,0,0,4,1,5,41,1,0,0,0
00Q000000000508,Riya Verma,SummitSystems,IT Manager,Manager,Finance,24,Paid Ad,0,1,1,0,0,0,0,4,80,1,0,0,0
00Q000000000509,Aarav Kapoor,OrbitSystems,IT Manager,Manager,Manufacturing,221,Web,2,2,1,1,0,1,2,6,27,0,0,0,0
00Q000000000510,Vikram Sharma,NovaWorks,Sales Manager,Manager,Education,38,Partner,0,1,0,0,0,0,1,44,2,1,0,0,0
00Q000000000511,Divya Reddy,BlueDynamics,IT Manager,Manager,Manufacturing,24,Web,1,1,3,1,0,2,0,4,34,1,1,0,0
00Q000000000512,Kavya Singh,ZenPartners,CFO,C-Level,Technology,387,Cold Outbound,3,1,2,1,0,0,0,10,24,1,0,0,1
00Q000000000513,Sneha Kapoor,VertexSolutions,Director of Sales,Director,Manufacturing,412,Event,4,0,1,1,0,1,4,4,39,1,0,0,1
00Q000000000514,Aarav Bose,NovaHealth,IT Manager,Manager,Manufacturing,293,Web,5,2,5,0,0,1,0,10,13,1,0,1,1
00Q000000000515,Isha Gupta,PioneerSystems,Ops Manager,Manager,Healthcare,355,Web,0,0,3,0,0,0,1,4,64,0,0,0,0
00Q000000000516,Vikram Malhotra,NovaLabs,VP Marketing,VP,Retail,70,Web,3,2,5,0,1,4,0,10,26,1,0,1,1
00Q000000000517,Kavya Joshi,VertexGroup,Engineer,Individual,Healthcare,73,Cold Outbound,0,0,3,0,0,3,0,1,51,1,1,0,0
00Q000000000518,Amit Malhotra,BlueIndustries,VP Sales,VP,Education,37,Referral,2,3,3,2,0,2,0,1,91,1,0,0,1
00Q000000000519,Meera Gupta,CobaltSolutions,Engineer,Individual,Education,127,Web,5,1,5,2,2,0,1,7,61,0,0,0,1
00Q000000000520,Arjun Mehta,PioneerNetworks,Head of Ops,Director,Education,45,Partner,0,1,1,0,1,0,0,38,40,1,0,0,0
00Q000000000521,Pooja Verma,BlueWorks,VP Marketing,VP,Manufacturing,51,Web,1,2,1,0,0,0,1,28,45,0,0,0,0
00Q000000000522,Neha Iyer,SummitSystems,Sales Manager,Manager,Technology,244,Web,0,1,6,1,3,0,2,6,85,1,0,0,1
00Q000000000523,Aarav Verma,BlueGroup,Engineer,Individual,Retail,588,Paid Ad,3,1,2,0,0,2,1,5,111,1,0,0,1
00Q000000000524,Isha Mehta,QuantaSystems,VP Sales,VP,Technology,180,Web,4,1,2,2,2,3,0,1,66,1,0,1,1
00Q000000000525,Pooja Iyer,SummitPartners,Sales Manager,Manager,Manufacturing,1467,Cold Outbound,2,0,0,0,0,1,0,8,7,1,0,0,0
00Q000000000526,Rahul Khan,SummitGroup,IT Manager,Manager,Technology,34,Paid Ad,8,2,3,0,0,2,1,1,25,0,0,0,0
00Q000000000527,Rahul Mehta,HelixHealth,Ops Manager,Manager,Manufacturing,6,Web,2,0,2,1,0,2,0,5,10,1,0,0,1
00Q000000000528,Neha Reddy,ApexWorks,IT Manager,Manager,Retail,290,Event,0,1,2,0,1,0,3,11,38,1,1,0,0
00Q000000000529,Isha Sharma,LumenLabs,Head of Ops,Director,Healthcare,31,Web,7,2,8,0,1,2,2,2,59,1,0,0,1
00Q000000000530,Riya Nair,BlueIndustries,Coordinator,Individual,Healthcare,65,Paid Ad,5,2,4,0,0,3,1,6,63,0,0,0,0
00Q000000000531,Arjun Nair,LumenNetworks,Ops Manager,Manager,Technology,6,Paid Ad,1,1,3,0,0,1,2,9,39,1,0,0,0
00Q000000000532,Vikram Verma,OrbitDynamics,VP Engineering,VP,Finance,25,Partner,0,0,1,0,0,1,0,15,102,0,0,0,0
00Q000000000533,Karan Khan,PioneerDynamics,Analyst,Individual,Healthcare,10,Event,2,1,3,0,0,0,2,5,91,1,0,0,1
00Q000000000534,Rohan Verma,BlueWorks,Sales Manager,Manager,Education,51,Partner,1,0,0,0,0,0,0,44,7,0,0,0,0
00Q000000000535,Pooja Patel,VertexDynamics,Head of Ops,Director,Other,55,Web,1,0,4,1,0,2,0,14,51,1,0,0,0
00Q000000000536,Isha Reddy,SummitDynamics,VP Sales,VP,Other,113,Cold Outbound,1,0,5,1,0,2,0,31,28,1,0,0,0
00Q000000000537,Isha Malhotra,SummitSystems,Ops Manager,Manager,Technology,638,Web,2,3,4,2,0,1,2,8,43,0,0,0,1
00Q000000000538,Aarav Patel,QuantaPartners,VP Marketing,VP,Finance,274,Cold Outbound,1,0,2,0,0,0,0,82,17,0,0,0,0
00Q000000000539,Rohan Kapoor,PioneerDynamics,Coordinator,Individual,Healthcare,8,Event,0,1,1,0,0,0,0,13,104,1,0,0,0
00Q000000000540,Karan Patel,SummitWorks,IT Manager,Manager,Retail,247,Web,0,0,1,0,1,0,1,25,119,1,0,0,0
00Q000000000541,Ananya Reddy,BlueHealth,CFO,C-Level,Retail,117,Referral,0,1,0,0,1,0,0,2,62,1,0,0,0
00Q000000000542,Vikram Joshi,PioneerNetworks,VP Engineering,VP,Education,85,Cold Outbound,4,2,1,1,0,0,2,11,15,1,0,0,0
00Q000000000543,Vikram Singh,BlueSolutions,Ops Manager,Manager,Healthcare,96,Cold Outbound,4,2,1,0,1,2,2,16,114,1,0,0,0
00Q000000000544,Pooja Iyer,QuantaSolutions,IT Manager,Manager,Manufacturing,135,Paid Ad,3,1,3,1,0,1,0,13,27,1,0,0,0
00Q000000000545,Aarav Malhotra,VertexHealth,Sales Manager,Manager,Other,35,Referral,2,2,3,1,0,0,0,19,10,1,0,0,0
00Q000000000546,Kavya Joshi,BlueNetworks,Coordinator,Individual,Finance,75,Paid Ad,1,1,1,1,1,1,1,10,115,0,0,0,0
00Q000000000547,Karan Reddy,PioneerSystems,VP Sales,VP,Education,587,Web,1,1,0,0,1,0,2,11,41,0,0,0,0
00Q000000000548,Rohan Singh,ZenDynamics,VP Engineering,VP,Retail,34,Paid Ad,2,2,4,0,0,2,1,22,17,1,0,0,1
00Q000000000549,Priya Bose,ApexLabs,Ops Manager,Manager,Technology,21,Web,2,2,2,0,1,1,1,2,29,1,0,0,1
00Q000000000550,Sanjay Nair,BlueLabs,Coordinator,Individual,Other,90,Cold Outbound,3,0,5,1,1,1,2,15,20,1,0,0,0
00Q000000000551,Karan Mehta,BlueNetworks,Sales Manager,Manager,Education,18,Paid Ad,5,1,3,0,0,0,0,7,60,1,0,0,1
00Q000000000552,Pooja Bose,BlueIndustries,Engineer,Individual,Retail,7,Event,2,1,4,1,0,0,2,11,14,1,0,0,0
00Q000000000553,Rahul Bose,BlueDynamics,Head of Ops,Director,Technology,59,Paid Ad,2,2,6,1,2,2,4,2,16,1,0,0,1
00Q000000000554,Nikhil Rao,LumenLabs,IT Manager,Manager,Technology,873,Referral,1,0,5,1,0,1,0,15,7,0,0,0,1
00Q000000000555,Vikram Iyer,OrbitSystems,Analyst,Individual,Retail,93,Web,4,1,1,0,1,1,2,4,115,0,0,0,0
00Q000000000556,Kavya Mehta,OrbitDynamics,Director of Sales,Director,Technology,130,Web,1,1,3,2,0,1,0,8,51,0,0,0,1
00Q000000000557,Pooja Reddy,VertexIndustries,CTO,C-Level,Technology,4,Web,1,0,0,0,0,1,0,15,69,1,0,0,0
00Q000000000558,Arjun Kapoor,VertexDynamics,Engineer,Individual,Healthcare,191,Web,1,1,0,0,0,1,0,6,86,0,1,0,0
00Q000000000559,Meera Mehta,ApexNetworks,IT Manager,Manager,Technology,114,Paid Ad,3,0,0,0,0,3,0,31,2,1,1,0,0
00Q000000000560,Arjun Sharma,PioneerPartners,IT Manager,Manager,Retail,36,Paid Ad,2,0,1,1,1,0,0,22,99,1,0,0,0
00Q000000000561,Vikram Verma,NovaSolutions,Coordinator,Individual,Manufacturing,130,Event,1,1,1,1,1,1,0,4,27,0,1,0,0
00Q000000000562,Nikhil Gupta,CobaltSolutions,Sales Manager,Manager,Technology,128,Cold Outbound,1,0,2,0,0,1,0,16,118,0,1,0,0
00Q000000000563,Kavya Reddy,LumenSystems,Director of IT,Director,Manufacturing,20,Cold Outbound,1,1,2,0,0,0,0,7,26,0,0,0,0
00Q000000000564,Dev Sharma,QuantaLabs,Engineer,Individual,Technology,163,Web,2,3,4,2,0,0,3,25,106,1,0,0,1
00Q000000000565,Aarav Sharma,PioneerWorks,Coordinator,Individual,Technology,599,Event,0,1,3,1,0,2,3,0,4,0,0,0,0
00Q000000000566,Kavya Khan,CobaltWorks,VP Sales,VP,Healthcare,70,Cold Outbound,2,0,4,0,1,3,1,19,104,0,0,0,0
00Q000000000567,Rahul Patel,ApexIndustries,IT Manager,Manager,Healthcare,27,Web,0,0,0,0,0,0,1,24,80,0,0,0,0
00Q000000000568,Nikhil Das,HelixGroup,Director of Sales,Director,Finance,76,Referral,3,1,5,0,0,2,4,4,97,0,0,0,1
00Q000000000569,Riya Rao,CobaltLabs,Director of Sales,Director,Manufacturing,358,Cold Outbound,4,2,5,0,1,1,0,12,4,1,1,0,0
00Q000000000570,Kavya Mehta,HelixSystems,VP Marketing,VP,Healthcare,15,Partner,0,0,1,0,0,0,2,8,10,1,0,0,0
00Q000000000571,Meera Sharma,HelixWorks,Director of IT,Director,Manufacturing,236,Cold Outbound,3,1,0,0,0,0,1,5,65,1,0,0,0
00Q000000000572,Sneha Reddy,QuantaGroup,VP Marketing,VP,Finance,35,Cold Outbound,3,0,2,0,0,0,1,19,25,1,0,0,0
00Q000000000573,Riya Kapoor,HelixGroup,Head of Ops,Director,Retail,143,Web,1,1,3,0,0,1,1,46,48,1,0,0,0
00Q000000000574,Sneha Rao,ApexLabs,Sales Manager,Manager,Manufacturing,42,Paid Ad,3,0,2,0,0,0,0,3,89,1,0,0,0
00Q000000000575,Nikhil Khan,CobaltDynamics,IT Manager,Manager,Technology,42,Partner,0,1,1,0,0,1,0,37,10,0,1,0,0
00Q000000000576,Sneha Sharma,LumenDynamics,IT Manager,Manager,Retail,977,Web,6,0,9,1,0,3,1,12,41,1,0,1,1
00Q000000000577,Arjun Reddy,SummitPartners,Ops Manager,Manager,Education,12,Web,9,2,4,0,0,0,1,1,87,1,0,0,1
00Q000000000578,Arjun Joshi,PioneerPartners,Coordinator,Individual,Technology,206,Web,2,0,3,1,0,3,1,5,101,1,1,0,0
00Q000000000579,Sanjay Malhotra,NovaDynamics,Sales Manager,Manager,Manufacturing,1335,Partner,1,1,3,1,0,2,0,3,23,1,0,0,1
00Q000000000580,Arjun Rao,PioneerWorks,IT Manager,Manager,Education,278,Paid Ad,0,0,3,0,0,0,1,22,80,0,0,0,0
00Q000000000581,Divya Das,CobaltIndustries,Analyst,Individual,Technology,13,Cold Outbound,2,1,0,0,0,0,0,6,98,1,0,0,0
00Q000000000582,Meera Iyer,PioneerIndustries,Analyst,Individual,Other,14,Referral,0,0,1,0,0,2,0,9,12,1,1,0,0
00Q000000000583,Karan Nair,BlueIndustries,Director of IT,Director,Healthcare,32,Paid Ad,2,2,2,1,0,0,1,29,3,1,0,0,1
00Q000000000584,Ananya Das,SummitPartners,Sales Manager,Manager,Retail,126,Web,3,1,4,1,1,2,0,10,92,1,1,1,1
00Q000000000585,Priya Joshi,BlueLabs,VP Marketing,VP,Other,139,Cold Outbound,5,2,6,1,2,2,2,2,98,1,0,0,1
00Q000000000586,Meera Nair,QuantaPartners,Ops Manager,Manager,Other,14,Paid Ad,0,0,0,0,1,1,0,30,49,0,0,0,0
00Q000000000587,Pooja Joshi,OrbitGroup,VP Marketing,VP,Manufacturing,26,Partner,0,0,0,0,0,1,0,27,12,1,0,0,0
00Q000000000588,Divya Singh,BlueWorks,Head of Ops,Director,Retail,29,Referral,0,1,6,0,0,0,0,19,64,0,0,0,0
00Q000000000589,Amit Reddy,ZenGroup,Analyst,Individual,Finance,75,Web,4,4,5,0,2,3,0,11,107,1,0,0,1
00Q000000000590,Arjun Nair,SummitSolutions,CTO,C-Level,Finance,1952,Web,2,1,1,1,0,0,0,4,20,1,0,0,0
00Q000000000591,Sneha Rao,BlueIndustries,Coordinator,Individual,Education,24,Partner,6,2,4,1,2,3,1,17,35,1,0,0,1
00Q000000000592,Dev Singh,VertexGroup,Sales Manager,Manager,Healthcare,22,Web,5,2,8,0,0,2,1,3,58,1,0,1,1
00Q000000000593,Sneha Nair,VertexSystems,Head of Ops,Director,Education,18,Cold Outbound,2,0,0,0,0,1,1,11,102,1,0,0,0
00Q000000000594,Karan Bose,HelixLabs,Ops Manager,Manager,Technology,258,Web,4,0,2,0,0,0,0,13,37,1,0,0,0
00Q000000000595,Sanjay Iyer,OrbitPartners,IT Manager,Manager,Technology,93,Paid Ad,1,0,0,0,0,2,0,10,34,1,0,0,0
00Q000000000596,Arjun Iyer,ApexHealth,IT Manager,Manager,Technology,25,Web,1,0,3,3,0,1,1,2,21,1,0,0,0
00Q000000000597,Riya Joshi,VertexSolutions,Engineer,Individual,Manufacturing,57,Web,7,1,3,0,2,4,0,10,111,1,0,0,0
00Q000000000598,Kavya Joshi,CobaltWorks,Engineer,Individual,Technology,30,Paid Ad,2,1,0,0,0,0,0,9,63,0,0,0,0
00Q000000000599,Nikhil Joshi,HelixGroup,Analyst,Individual,Finance,155,Referral,1,0,3,0,0,0,0,19,56,0,0,0,0
00Q000000000600,Arjun Joshi,OrbitNetworks,Coordinator,Individual,Other,5577,Event,3,0,1,1,0,3,0,2,2,1,0,0,1
00Q000000000601,Priya Mehta,PioneerGroup,Head of Ops,Director,Education,227,Paid Ad,9,1,1,0,0,0,1,5,36,0,0,0,0
00Q000000000602,Karan Rao,HelixHealth,Sales Manager,Manager,Retail,86,Referral,6,4,8,2,1,2,2,4,6,1,0,1,1
00Q000000000603,Rohan Kapoor,PioneerIndustries,Sales Manager,Manager,Technology,36,Paid Ad,5,1,1,0,2,0,0,15,9,1,1,0,0
00Q000000000604,Riya Verma,PioneerDynamics,Director of IT,Director,Finance,13,Paid Ad,3,1,1,0,1,0,0,23,43,1,0,0,0
00Q000000000605,Dev Khan,PioneerHealth,Analyst,Individual,Retail,299,Web,1,0,3,0,0,2,3,4,49,0,0,0,0
00Q000000000606,Nikhil Kapoor,LumenDynamics,Engineer,Individual,Technology,275,Referral,1,1,2,2,0,2,0,14,14,1,0,0,0
00Q000000000607,Riya Reddy,CobaltWorks,Director of Sales,Director,Healthcare,49,Web,2,0,3,1,0,2,0,4,37,0,0,0,1
00Q000000000608,Aarav Joshi,QuantaIndustries,VP Engineering,VP,Other,614,Web,0,0,0,0,0,1,0,10,112,0,0,0,1
00Q000000000609,Neha Joshi,NovaHealth,Ops Manager,Manager,Technology,102,Web,1,0,2,1,0,2,1,6,42,0,1,0,0
00Q000000000610,Sanjay Patel,SummitWorks,Analyst,Individual,Other,318,Paid Ad,5,1,1,0,0,0,1,8,32,0,0,0,0
00Q000000000611,Isha Rao,ApexHealth,Head of Ops,Director,Technology,155,Web,0,1,7,1,0,0,1,11,118,1,0,0,0
00Q000000000612,Riya Das,QuantaNetworks,VP Marketing,VP,Technology,76,Cold Outbound,0,0,0,0,0,0,0,7,115,1,0,0,0
00Q000000000613,Amit Khan,CobaltHealth,IT Manager,Manager,Technology,23,Partner,5,1,3,0,0,0,1,11,17,0,0,0,0
00Q000000000614,Vikram Mehta,OrbitSolutions,Engineer,Individual,Other,79,Web,2,0,2,0,1,0,3,12,77,1,0,0,0
00Q000000000615,Ananya Iyer,NovaNetworks,Coordinator,Individual,Manufacturing,351,Paid Ad,1,0,1,0,0,2,2,4,45,1,0,0,0
00Q000000000616,Vikram Malhotra,BluePartners,Sales Manager,Manager,Retail,46,Web,3,1,4,3,0,1,0,15,111,1,0,0,0
00Q000000000617,Dev Singh,CobaltPartners,VP Marketing,VP,Finance,192,Web,2,2,4,0,1,3,0,11,17,1,0,1,1
00Q000000000618,Vikram Reddy,LumenNetworks,Head of Ops,Director,Education,19,Cold Outbound,0,0,0,0,0,1,0,13,72,0,1,0,0
00Q000000000619,Priya Bose,HelixWorks,Ops Manager,Manager,Manufacturing,320,Event,4,4,6,0,1,1,1,3,102,1,0,0,1
00Q000000000620,Neha Iyer,ApexGroup,Head of Ops,Director,Manufacturing,159,Web,1,0,6,1,0,0,0,2,109,0,0,0,0
00Q000000000621,Nikhil Gupta,LumenIndustries,VP Engineering,VP,Retail,16,Cold Outbound,5,2,3,2,0,0,0,12,30,1,0,0,1
00Q000000000622,Ananya Singh,NovaIndustries,Ops Manager,Manager,Retail,71,Cold Outbound,2,3,0,0,1,0,1,89,49,0,0,1,0
00Q000000000623,Meera Malhotra,QuantaIndustries,VP Sales,VP,Retail,402,Paid Ad,0,1,0,0,0,0,0,1,101,1,0,0,0
00Q000000000624,Amit Joshi,ZenSystems,Ops Manager,Manager,Technology,15,Paid Ad,5,0,5,1,0,2,1,17,34,1,0,1,1
00Q000000000625,Divya Verma,SummitGroup,Ops Manager,Manager,Education,19,Partner,1,1,1,0,0,1,0,4,21,1,0,0,0
00Q000000000626,Divya Iyer,CobaltNetworks,Ops Manager,Manager,Finance,89,Paid Ad,1,1,0,0,0,1,0,17,84,1,0,0,0
00Q000000000627,Priya Nair,CobaltSolutions,IT Manager,Manager,Other,2440,Event,2,1,6,1,0,2,1,2,89,1,0,0,1
00Q000000000628,Amit Khan,LumenNetworks,CFO,C-Level,Healthcare,36,Cold Outbound,4,0,1,0,0,1,1,22,8,0,0,0,0
00Q000000000629,Divya Khan,HelixSystems,Ops Manager,Manager,Technology,209,Paid Ad,1,0,0,0,0,0,0,61,86,1,0,0,0
00Q000000000630,Aarav Iyer,CobaltIndustries,IT Manager,Manager,Finance,146,Web,6,2,5,2,2,2,4,5,117,1,0,0,1
00Q000000000631,Vikram Mehta,LumenNetworks,Ops Manager,Manager,Manufacturing,41,Web,8,0,9,3,1,3,3,5,34,1,0,1,1
00Q000000000632,Neha Mehta,VertexSolutions,Sales Manager,Manager,Healthcare,126,Referral,1,0,3,0,0,1,0,12,92,1,1,0,0
00Q000000000633,Pooja Malhotra,BlueDynamics,IT Manager,Manager,Education,50,Web,0,0,0,0,0,3,0,9,93,1,0,0,0
00Q000000000634,Rohan Das,NovaSolutions,Head of Ops,Director,Retail,58,Web,3,2,0,0,0,0,0,8,104,0,0,0,0
00Q000000000635,Ananya Malhotra,VertexLabs,IT Manager,Manager,Technology,8,Event,1,0,2,2,0,2,0,15,110,0,0,0,0
00Q000000000636,Sneha Malhotra,CobaltPartners,Ops Manager,Manager,Manufacturing,95,Cold Outbound,3,0,1,0,2,1,0,30,42,1,0,0,1
00Q000000000637,Priya Patel,NovaNetworks,Director of Sales,Director,Education,383,Web,4,1,0,0,0,1,1,7,7,1,0,0,0
00Q000000000638,Isha Bose,HelixNetworks,Engineer,Individual,Other,108,Web,1,1,4,0,1,0,1,11,36,1,0,0,0
00Q000000000639,Karan Sharma,BlueLabs,Director of IT,Director,Healthcare,510,Cold Outbound,5,1,4,0,1,2,0,5,9,1,1,0,1
00Q000000000640,Pooja Mehta,ZenNetworks,IT Manager,Manager,Other,237,Event,2,0,2,0,1,2,0,26,108,1,1,0,1
00Q000000000641,Rohan Bose,SummitNetworks,IT Manager,Manager,Technology,90,Partner,2,1,7,1,0,1,1,13,68,1,0,0,1
00Q000000000642,Rohan Rao,ZenNetworks,Director of Sales,Director,Retail,38,Paid Ad,8,4,6,0,0,1,2,3,79,1,0,0,1
00Q000000000643,Nikhil Iyer,CobaltSolutions,Head of Ops,Director,Education,47,Paid Ad,5,2,3,0,0,1,3,12,9,1,0,0,0
00Q000000000644,Riya Sharma,SummitIndustries,VP Marketing,VP,Healthcare,10,Web,5,3,2,0,1,3,1,2,6,0,0,0,0
00Q000000000645,Ananya Malhotra,LumenLabs,Ops Manager,Manager,Technology,66,Referral,0,1,0,0,0,0,0,15,17,1,0,0,0
00Q000000000646,Karan Das,SummitGroup,Sales Manager,Manager,Retail,123,Paid Ad,3,1,2,0,2,1,0,10,49,0,0,0,0
00Q000000000647,Amit Das,ZenPartners,Head of Ops,Director,Finance,1303,Web,1,0,1,0,0,0,0,42,51,1,0,0,0
00Q000000000648,Dev Rao,BlueLabs,Ops Manager,Manager,Technology,219,Web,2,0,5,0,0,2,1,1,14,1,0,0,0
00Q000000000649,Arjun Verma,ZenSolutions,Director of Sales,Director,Technology,27,Event,0,1,0,0,0,0,1,9,58,0,0,0,0
00Q000000000650,Kavya Singh,CobaltPartners,Ops Manager,Manager,Retail,11,Paid Ad,7,5,9,2,0,1,0,1,118,0,0,0,0
00Q000000000651,Riya Gupta,LumenLabs,Head of Ops,Director,Technology,72,Event,3,1,2,0,0,1,1,3,99,0,0,0,1
00Q000000000652,Vikram Singh,CobaltLabs,Coordinator,Individual,Healthcare,336,Paid Ad,9,2,4,1,2,1,3,0,107,1,0,1,1
00Q000000000653,Rohan Bose,HelixLabs,Ops Manager,Manager,Other,71,Paid Ad,2,1,2,0,0,1,0,16,11,1,0,0,0
00Q000000000654,Rahul Singh,BlueGroup,Analyst,Individual,Retail,224,Web,3,1,1,0,0,0,2,4,54,0,0,0,0
00Q000000000655,Vikram Rao,QuantaLabs,Sales Manager,Manager,Manufacturing,75,Cold Outbound,2,2,3,0,0,0,2,8,70,1,0,0,0
00Q000000000656,Arjun Kapoor,PioneerHealth,Head of Ops,Director,Manufacturing,291,Cold Outbound,1,1,1,0,0,0,0,13,53,0,0,0,1
00Q000000000657,Rahul Verma,NovaDynamics,Ops Manager,Manager,Technology,9,Web,5,0,2,0,1,0,0,12,13,1,1,0,0
00Q000000000658,Pooja Patel,HelixSystems,Ops Manager,Manager,Healthcare,1103,Event,5,0,4,2,1,2,1,10,46,1,0,0,1
00Q000000000659,Karan Kapoor,OrbitHealth,VP Sales,VP,Technology,18,Referral,1,0,1,0,0,1,0,32,34,1,0,0,0
00Q000000000660,Kavya Mehta,ApexHealth,Director of Sales,Director,Technology,327,Cold Outbound,0,0,2,0,0,1,0,15,45,1,0,0,0
00Q000000000661,Priya Kapoor,NovaLabs,Ops Manager,Manager,Technology,66,Event,4,0,1,1,1,0,0,6,93,1,0,0,0
00Q000000000662,Sneha Rao,ZenSolutions,CEO,C-Level,Manufacturing,83,Event,0,0,1,0,2,2,1,4,40,0,0,0,0
00Q000000000663,Isha Iyer,ZenPartners,Sales Manager,Manager,Technology,69,Cold Outbound,3,1,3,1,0,0,0,15,85,0,0,0,1
00Q000000000664,Aarav Kapoor,PioneerLabs,Director of IT,Director,Technology,145,Paid Ad,2,1,0,0,0,3,0,4,103,1,0,1,1
00Q000000000665,Sneha Nair,LumenNetworks,Analyst,Individual,Education,197,Web,1,0,0,0,0,0,0,19,43,1,1,0,0
00Q000000000666,Karan Nair,HelixPartners,Analyst,Individual,Technology,486,Paid Ad,2,0,1,0,0,1,0,90,119,1,0,0,0
00Q000000000667,Aarav Khan,CobaltNetworks,Sales Manager,Manager,Retail,822,Partner,6,2,2,0,0,0,0,1,113,1,1,0,0
00Q000000000668,Rohan Iyer,ZenIndustries,Engineer,Individual,Healthcare,163,Referral,1,0,1,0,0,1,0,3,3,1,0,0,0
00Q000000000669,Ananya Patel,LumenLabs,Sales Manager,Manager,Manufacturing,1300,Paid Ad,2,0,0,0,1,1,0,24,44,0,0,0,0
00Q000000000670,Priya Das,HelixHealth,Analyst,Individual,Technology,114,Paid Ad,4,1,3,1,0,0,1,2,74,1,1,0,0
00Q000000000671,Nikhil Das,ApexDynamics,Director of IT,Director,Technology,500,Event,1,1,2,0,0,1,2,24,64,0,0,0,1
00Q000000000672,Divya Das,HelixPartners,Engineer,Individual,Education,189,Cold Outbound,2,1,0,0,0,2,0,4,90,0,0,0,0
00Q000000000673,Sanjay Sharma,PioneerHealth,Coordinator,Individual,Healthcare,43,Event,1,0,1,1,0,0,0,13,105,1,0,0,0
00Q000000000674,Rohan Patel,BluePartners,CFO,C-Level,Technology,130,Paid Ad,3,1,0,0,0,0,1,9,90,1,0,1,1
00Q000000000675,Vikram Iyer,HelixLabs,Director of Sales,Director,Finance,211,Partner,7,1,4,0,1,4,1,2,65,0,0,1,0
00Q000000000676,Sanjay Verma,ApexHealth,CEO,C-Level,Manufacturing,94,Web,9,3,10,2,1,5,1,4,19,1,0,1,1
00Q000000000677,Rahul Iyer,OrbitWorks,IT Manager,Manager,Technology,184,Web,3,0,3,2,2,1,0,26,28,1,1,0,1
00Q000000000678,Amit Iyer,VertexWorks,Engineer,Individual,Manufacturing,364,Cold Outbound,5,0,4,0,2,2,0,12,14,1,0,0,0
00Q000000000679,Pooja Verma,OrbitIndustries,Sales Manager,Manager,Manufacturing,96,Paid Ad,2,0,3,0,0,1,0,6,5,1,0,1,0
00Q000000000680,Riya Mehta,OrbitSystems,Ops Manager,Manager,Manufacturing,2,Event,5,1,5,0,0,0,0,12,65,1,0,0,1
00Q000000000681,Ananya Iyer,NovaPartners,Engineer,Individual,Education,1233,Web,2,3,2,1,0,0,1,0,58,1,0,0,1
00Q000000000682,Arjun Das,ApexNetworks,VP Marketing,VP,Healthcare,63,Web,3,0,1,0,1,3,2,3,59,1,0,0,1
00Q000000000683,Amit Iyer,ApexSystems,Director of Sales,Director,Other,28,Web,1,0,0,0,0,1,0,2,28,1,0,0,0
00Q000000000684,Arjun Khan,SummitSystems,Director of IT,Director,Healthcare,18,Event,2,1,1,0,1,1,3,12,23,1,0,0,0
00Q000000000685,Divya Nair,QuantaIndustries,IT Manager,Manager,Healthcare,60,Paid Ad,1,0,2,0,1,2,0,11,2,1,0,0,0
00Q000000000686,Rohan Sharma,SummitNetworks,Head of Ops,Director,Retail,42,Web,7,2,2,2,0,0,0,3,71,1,1,0,0
00Q000000000687,Vikram Rao,LumenGroup,Engineer,Individual,Manufacturing,32,Paid Ad,9,2,6,2,0,4,2,13,69,0,0,0,1
00Q000000000688,Vikram Sharma,PioneerNetworks,CFO,C-Level,Technology,35,Cold Outbound,1,1,1,0,0,0,0,1,112,1,0,0,0
00Q000000000689,Rahul Malhotra,VertexNetworks,IT Manager,Manager,Other,220,Cold Outbound,2,1,2,0,0,0,0,44,19,0,0,0,0
00Q000000000690,Priya Sharma,ApexIndustries,Engineer,Individual,Other,2091,Cold Outbound,2,0,3,2,0,1,0,19,52,1,1,0,0
00Q000000000691,Priya Rao,BlueHealth,Analyst,Individual,Finance,340,Event,2,0,0,0,1,4,0,10,73,0,0,0,1
00Q000000000692,Karan Reddy,LumenHealth,Head of Ops,Director,Manufacturing,535,Paid Ad,4,0,3,0,0,0,4,3,107,1,0,0,1
00Q000000000693,Divya Iyer,PioneerGroup,CEO,C-Level,Retail,56,Event,2,0,0,0,0,0,1,15,107,0,0,0,0
00Q000000000694,Nikhil Kapoor,SummitSystems,VP Engineering,VP,Other,116,Web,1,0,0,0,0,1,0,15,109,0,0,0,0
00Q000000000695,Sneha Patel,SummitSolutions,Director of Sales,Director,Manufacturing,188,Cold Outbound,3,0,1,0,0,0,1,6,29,1,0,0,0
00Q000000000696,Ananya Gupta,HelixSystems,CEO,C-Level,Technology,36,Paid Ad,0,0,1,0,0,0,0,17,76,1,0,0,0
00Q000000000697,Arjun Singh,HelixNetworks,Director of IT,Director,Retail,52,Paid Ad,4,0,0,0,0,1,0,16,115,1,0,0,0
00Q000000000698,Divya Patel,BlueDynamics,Sales Manager,Manager,Technology,358,Web,0,0,1,0,1,0,0,20,51,1,1,0,0
00Q000000000699,Rohan Verma,HelixSystems,Director of IT,Director,Retail,510,Web,4,0,2,1,0,0,1,31,42,1,0,0,1
00Q000000000700,Pooja Kapoor,HelixSolutions,Engineer,Individual,Manufacturing,110,Cold Outbound,5,0,4,2,0,0,1,22,76,0,0,0,0
00Q000000000701,Priya Gupta,LumenSystems,Engineer,Individual,Retail,16,Web,2,0,0,0,1,2,0,8,4,0,0,0,0
00Q000000000702,Ananya Sharma,NovaGroup,Ops Manager,Manager,Technology,63,Web,1,0,2,0,0,2,0,3,21,1,0,0,0
00Q000000000703,Nikhil Bose,PioneerDynamics,Coordinator,Individual,Healthcare,11,Paid Ad,1,0,0,0,0,2,1,8,43,1,0,0,0
00Q000000000704,Priya Kapoor,ApexPartners,COO,C-Level,Manufacturing,111,Paid Ad,4,1,3,1,0,1,2,20,48,1,0,0,1
00Q000000000705,Rahul Patel,BlueHealth,COO,C-Level,Finance,145,Web,1,1,1,0,0,0,0,11,87,0,0,0,0
00Q000000000706,Rohan Bose,ZenNetworks,Sales Manager,Manager,Technology,66,Web,1,0,1,0,0,0,1,51,56,0,1,0,0
00Q000000000707,Riya Iyer,BlueSolutions,Director of Sales,Director,Technology,142,Partner,2,2,5,0,0,1,0,2,43,1,0,0,1
00Q000000000708,Ananya Khan,SummitWorks,Ops Manager,Manager,Education,185,Cold Outbound,2,2,3,0,0,2,0,14,58,0,0,1,0
00Q000000000709,Amit Sharma,ApexSolutions,Coordinator,Individual,Healthcare,146,Event,8,3,1,1,0,0,2,10,27,1,0,0,1
00Q000000000710,Rohan Verma,ZenGroup,Ops Manager,Manager,Retail,16,Partner,3,1,1,0,0,2,1,42,3,0,0,0,0
00Q000000000711,Pooja Iyer,OrbitHealth,Coordinator,Individual,Manufacturing,68,Referral,6,1,4,2,0,0,1,7,23,0,1,0,0
00Q000000000712,Amit Iyer,QuantaHealth,IT Manager,Manager,Education,183,Paid Ad,1,1,0,0,0,0,0,19,6,1,0,0,0
00Q000000000713,Sneha Singh,QuantaGroup,Coordinator,Individual,Manufacturing,1062,Paid Ad,6,2,2,0,0,2,1,16,25,1,0,0,0
00Q000000000714,Riya Iyer,NovaSystems,Coordinator,Individual,Technology,66,Cold Outbound,5,0,0,0,0,0,0,3,8,1,0,0,0
00Q000000000715,Nikhil Sharma,ZenIndustries,Coordinator,Individual,Technology,227,Partner,2,0,2,0,1,1,0,8,94,1,1,0,0
00Q000000000716,Arjun Iyer,SummitDynamics,VP Marketing,VP,Technology,371,Referral,4,0,3,0,0,0,1,20,46,1,0,0,0
00Q000000000717,Dev Bose,NovaGroup,Coordinator,Individual,Education,74,Web,4,0,5,2,1,1,0,8,19,1,1,0,0
00Q000000000718,Nikhil Rao,CobaltHealth,IT Manager,Manager,Retail,557,Partner,2,1,1,1,0,1,2,7,60,1,0,0,0
00Q000000000719,Priya Iyer,NovaHealth,IT Manager,Manager,Retail,603,Web,1,0,0,0,0,1,0,18,77,0,0,0,0
00Q000000000720,Rahul Sharma,CobaltPartners,IT Manager,Manager,Retail,788,Paid Ad,1,1,0,0,0,2,1,10,109,1,1,0,0
00Q000000000721,Dev Verma,BlueGroup,Sales Manager,Manager,Education,197,Event,2,2,6,0,2,1,2,14,72,1,1,0,0
00Q000000000722,Sanjay Reddy,OrbitNetworks,Coordinator,Individual,Other,3429,Web,0,0,1,0,0,0,0,12,52,1,1,0,0
00Q000000000723,Kavya Khan,NovaWorks,Head of Ops,Director,Retail,39,Paid Ad,1,0,0,0,0,0,1,19,69,0,0,0,0
00Q000000000724,Isha Malhotra,HelixLabs,Ops Manager,Manager,Finance,2406,Event,3,1,1,0,0,1,0,8,50,1,0,0,1
00Q000000000725,Ananya Singh,SummitSystems,Director of Sales,Director,Technology,314,Cold Outbound,4,0,3,1,0,1,1,3,72,1,0,0,0
00Q000000000726,Priya Mehta,CobaltSystems,Ops Manager,Manager,Manufacturing,742,Web,0,0,6,0,0,1,1,25,34,1,0,0,0
00Q000000000727,Neha Patel,BlueDynamics,Sales Manager,Manager,Retail,61,Web,1,1,5,1,0,4,1,16,30,1,0,0,0
00Q000000000728,Neha Malhotra,LumenDynamics,Ops Manager,Manager,Manufacturing,353,Web,1,0,3,0,0,0,0,14,65,1,0,0,0
00Q000000000729,Rahul Khan,BlueIndustries,Analyst,Individual,Finance,845,Web,1,2,0,0,0,1,0,8,64,1,0,0,0
00Q000000000730,Aarav Reddy,LumenDynamics,IT Manager,Manager,Retail,19,Paid Ad,5,0,1,1,0,2,1,25,85,1,0,0,0
00Q000000000731,Sneha Gupta,VertexPartners,Analyst,Individual,Healthcare,77,Referral,3,1,0,0,0,0,2,45,25,1,1,0,0
00Q000000000732,Dev Rao,BlueIndustries,IT Manager,Manager,Finance,4,Web,2,0,1,0,0,1,1,2,46,0,0,0,0
00Q000000000733,Riya Khan,OrbitNetworks,Head of Ops,Director,Education,76,Cold Outbound,0,1,0,0,1,1,0,5,16,1,0,0,0
00Q000000000734,Nikhil Khan,NovaNetworks,Coordinator,Individual,Manufacturing,29,Web,1,0,2,1,0,0,0,4,107,0,0,0,0
00Q000000000735,Kavya Verma,BlueHealth,Coordinator,Individual,Finance,71,Referral,4,2,3,0,0,1,1,6,85,0,0,0,1
00Q000000000736,Karan Kapoor,QuantaGroup,Director of Sales,Director,Finance,7986,Cold Outbound,2,1,4,1,0,2,0,4,9,0,0,0,0
00Q000000000737,Amit Gupta,BlueDynamics,Ops Manager,Manager,Manufacturing,1308,Paid Ad,4,0,5,1,2,2,3,5,56,1,0,0,1
00Q000000000738,Riya Singh,BlueSystems,VP Marketing,VP,Healthcare,11,Referral,0,0,0,0,0,0,0,28,6,1,0,0,0
00Q000000000739,Meera Iyer,ZenWorks,COO,C-Level,Technology,228,Cold Outbound,3,0,0,0,0,0,0,14,59,1,0,0,0
00Q000000000740,Isha Rao,ApexSolutions,CEO,C-Level,Manufacturing,329,Event,3,4,3,1,0,2,1,4,89,0,0,0,1
00Q000000000741,Riya Nair,BluePartners,Sales Manager,Manager,Retail,59,Web,7,2,3,1,0,3,0,5,1,1,0,0,0
00Q000000000742,Neha Singh,ApexNetworks,Coordinator,Individual,Technology,129,Web,3,0,0,0,0,0,0,15,36,1,0,0,0
00Q000000000743,Karan Iyer,QuantaDynamics,Director of Sales,Director,Manufacturing,150,Cold Outbound,2,0,1,0,0,0,0,18,103,1,0,0,0
00Q000000000744,Kavya Verma,CobaltIndustries,Director of Sales,Director,Manufacturing,13,Referral,2,1,2,1,0,1,2,11,18,1,0,1,1
00Q000000000745,Dev Gupta,OrbitIndustries,Director of Sales,Director,Finance,21,Partner,3,3,3,0,0,2,3,6,4,1,0,0,1
00Q000000000746,Meera Nair,VertexDynamics,IT Manager,Manager,Finance,128,Web,5,2,2,1,0,3,3,2,98,1,0,0,1
00Q000000000747,Karan Malhotra,CobaltPartners,Engineer,Individual,Finance,115,Web,2,0,0,0,0,2,0,9,23,0,1,0,0
00Q000000000748,Pooja Sharma,VertexIndustries,Coordinator,Individual,Healthcare,34,Cold Outbound,1,0,0,0,0,1,2,2,22,0,0,0,0
00Q000000000749,Riya Nair,SummitIndustries,Analyst,Individual,Education,30,Cold Outbound,2,0,2,0,0,2,1,20,75,1,0,0,0
00Q000000000750,Amit Nair,OrbitLabs,Engineer,Individual,Healthcare,86,Web,3,0,1,1,0,2,1,20,97,0,0,0,0
00Q000000000751,Aarav Sharma,CobaltSolutions,CEO,C-Level,Other,375,Web,2,0,1,0,0,0,0,3,55,1,0,0,0
00Q000000000752,Sanjay Patel,LumenLabs,Coordinator,Individual,Finance,88,Paid Ad,1,2,0,0,0,0,0,29,76,0,1,0,0
00Q000000000753,Ananya Sharma,PioneerHealth,Director of IT,Director,Retail,1134,Paid Ad,3,3,8,0,3,4,4,16,61,0,0,1,1
00Q000000000754,Meera Bose,NovaPartners,CTO,C-Level,Manufacturing,35,Event,11,2,7,0,0,5,4,2,73,1,0,0,1
00Q000000000755,Priya Mehta,SummitPartners,Ops Manager,Manager,Retail,132,Web,6,2,6,1,0,0,0,7,93,0,1,0,1
00Q000000000756,Kavya Malhotra,LumenDynamics,Sales Manager,Manager,Other,58,Cold Outbound,0,1,0,0,0,0,0,8,14,1,1,0,0
00Q000000000757,Aarav Mehta,VertexIndustries,Director of Sales,Director,Manufacturing,240,Web,2,2,3,0,0,1,0,5,67,0,0,0,0
00Q000000000758,Vikram Nair,BlueWorks,Ops Manager,Manager,Healthcare,30,Web,4,0,5,0,0,2,1,4,106,0,1,0,0
00Q000000000759,Priya Gupta,ZenGroup,Ops Manager,Manager,Other,1792,Referral,2,3,3,0,0,2,1,2,72,1,0,0,1
00Q000000000760,Riya Mehta,QuantaIndustries,VP Sales,VP,Other,7,Web,3,2,4,1,2,2,3,20,12,1,0,1,1
00Q000000000761,Nikhil Das,ApexSystems,Director of IT,Director,Other,1304,Paid Ad,2,1,0,0,1,2,2,6,93,0,0,0,0
00Q000000000762,Riya Iyer,BlueNetworks,VP Marketing,VP,Technology,113,Referral,5,0,1,1,0,1,0,7,9,1,0,0,1
00Q000000000763,Meera Bose,ZenPartners,CEO,C-Level,Technology,227,Paid Ad,2,1,1,0,0,0,2,13,102,1,0,1,1
00Q000000000764,Vikram Patel,CobaltWorks,Sales Manager,Manager,Healthcare,736,Referral,3,1,2,0,1,1,1,12,96,0,0,0,1
00Q000000000765,Neha Malhotra,ApexGroup,Head of Ops,Director,Retail,360,Web,0,0,0,0,0,1,2,10,93,0,1,0,0
00Q000000000766,Divya Malhotra,BlueLabs,Director of Sales,Director,Technology,33,Cold Outbound,3,3,1,1,1,0,0,5,31,1,0,0,0
00Q000000000767,Aarav Bose,OrbitIndustries,Director of IT,Director,Finance,244,Event,0,0,1,1,0,0,0,8,17,1,0,0,0
00Q000000000768,Kavya Malhotra,SummitDynamics,Head of Ops,Director,Manufacturing,1637,Referral,1,1,0,0,0,1,1,36,96,1,0,0,0
00Q000000000769,Divya Das,PioneerGroup,Director of Sales,Director,Technology,26,Web,7,5,4,0,0,1,1,3,32,1,0,1,1
00Q000000000770,Pooja Das,LumenSolutions,VP Marketing,VP,Retail,2386,Paid Ad,8,2,7,3,1,0,0,2,65,1,0,0,1
00Q000000000771,Sneha Khan,QuantaSolutions,Sales Manager,Manager,Technology,177,Partner,4,1,4,0,1,4,3,3,53,0,0,0,1
00Q000000000772,Meera Khan,VertexDynamics,Director of Sales,Director,Education,51,Paid Ad,1,2,2,0,0,0,1,8,30,1,0,0,0
00Q000000000773,Amit Patel,ApexPartners,Engineer,Individual,Finance,26,Partner,3,1,3,0,1,3,1,7,112,1,0,0,0
00Q000000000774,Sanjay Kapoor,OrbitNetworks,Ops Manager,Manager,Manufacturing,71,Web,1,0,1,0,0,0,2,90,26,1,0,0,0
00Q000000000775,Vikram Patel,LumenPartners,Head of Ops,Director,Manufacturing,5,Cold Outbound,2,2,1,0,0,0,2,2,47,0,1,0,0
00Q000000000776,Amit Gupta,ZenDynamics,Head of Ops,Director,Finance,53,Web,1,0,2,0,0,1,2,4,96,1,0,1,0
00Q000000000777,Divya Joshi,PioneerWorks,Ops Manager,Manager,Healthcare,67,Web,5,1,4,0,0,0,1,32,28,1,0,0,0
00Q000000000778,Pooja Rao,CobaltSolutions,Ops Manager,Manager,Education,19,Event,2,1,2,0,0,2,0,1,43,0,0,0,0
00Q000000000779,Nikhil Bose,QuantaHealth,Ops Manager,Manager,Manufacturing,305,Web,2,0,0,0,0,0,0,34,118,0,0,0,0
00Q000000000780,Priya Joshi,BlueWorks,Coordinator,Individual,Technology,71,Event,0,0,3,0,1,2,1,4,43,1,0,0,0
00Q000000000781,Kavya Verma,VertexHealth,Analyst,Individual,Retail,38,Web,1,0,2,0,1,1,0,8,99,0,1,0,0
00Q000000000782,Dev Bose,OrbitWorks,VP Engineering,VP,Technology,61,Partner,4,1,3,1,4,4,2,4,92,0,0,1,1
00Q000000000783,Priya Iyer,HelixGroup,Ops Manager,Manager,Healthcare,169,Partner,2,0,2,1,0,1,2,24,81,0,1,0,0
00Q000000000784,Arjun Sharma,HelixPartners,CEO,C-Level,Healthcare,111,Paid Ad,2,1,2,0,1,0,1,6,31,0,0,1,0
00Q000000000785,Nikhil Bose,BlueLabs,Engineer,Individual,Healthcare,34,Event,1,0,2,0,1,0,0,17,31,0,0,0,0
00Q000000000786,Sneha Sharma,VertexPartners,Director of IT,Director,Technology,120,Referral,5,1,1,0,0,1,0,5,94,1,0,0,0
00Q000000000787,Amit Sharma,LumenPartners,IT Manager,Manager,Finance,92,Cold Outbound,2,1,4,0,0,3,1,4,88,1,1,0,1
00Q000000000788,Vikram Nair,ApexDynamics,Director of Sales,Director,Technology,18,Event,1,1,0,0,1,1,2,7,68,0,0,0,1
00Q000000000789,Amit Mehta,NovaSolutions,Director of Sales,Director,Healthcare,64,Event,1,1,1,0,0,0,2,6,107,1,0,0,1
00Q000000000790,Kavya Iyer,QuantaLabs,Director of IT,Director,Manufacturing,237,Web,0,1,2,0,0,0,1,3,12,1,0,0,0
00Q000000000791,Ananya Gupta,HelixGroup,VP Sales,VP,Retail,234,Web,2,2,2,0,0,0,0,10,113,1,0,0,0
00Q000000000792,Riya Bose,ApexHealth,IT Manager,Manager,Technology,70,Referral,5,1,2,2,2,1,1,24,68,1,0,0,1
00Q000000000793,Dev Singh,CobaltLabs,Engineer,Individual,Technology,274,Paid Ad,5,0,0,0,2,1,1,15,87,0,1,0,0
00Q000000000794,Riya Das,BlueWorks,Analyst,Individual,Retail,22,Cold Outbound,2,0,0,0,0,0,0,16,20,0,1,0,0
00Q000000000795,Isha Joshi,VertexDynamics,Director of IT,Director,Manufacturing,23,Cold Outbound,3,1,3,0,0,0,0,13,69,1,0,0,0
00Q000000000796,Neha Verma,QuantaDynamics,Sales Manager,Manager,Education,68,Event,4,1,5,0,0,2,2,4,44,1,0,0,0
00Q000000000797,Isha Singh,OrbitWorks,Ops Manager,Manager,Technology,940,Event,4,0,2,1,1,0,1,6,118,1,1,1,1
00Q000000000798,Sneha Reddy,ApexPartners,IT Manager,Manager,Technology,127,Partner,6,1,4,0,0,0,1,8,40,1,0,0,0
00Q000000000799,Neha Kapoor,PioneerPartners,IT Manager,Manager,Finance,65,Referral,3,0,3,0,0,0,2,2,95,1,0,0,0
00Q000000000800,Pooja Malhotra,VertexIndustries,Head of Ops,Director,Manufacturing,1008,Paid Ad,1,2,0,0,0,3,0,18,112,1,0,0,1
00Q000000000801,Riya Joshi,OrbitDynamics,Director of Sales,Director,Healthcare,64,Paid Ad,1,0,1,0,1,1,0,19,34,1,0,0,0
00Q000000000802,Divya Nair,OrbitWorks,Director of IT,Director,Technology,2841,Web,2,0,2,0,0,2,2,4,106,1,0,0,1
00Q000000000803,Aarav Rao,ApexGroup,Head of Ops,Director,Technology,46,Web,4,2,3,0,1,0,0,4,103,1,0,0,1
00Q000000000804,Vikram Sharma,BlueNetworks,VP Marketing,VP,Retail,21,Referral,1,2,1,1,0,1,2,13,81,0,0,0,1
00Q000000000805,Riya Rao,QuantaNetworks,Sales Manager,Manager,Finance,77,Paid Ad,2,2,4,2,3,4,0,17,93,0,0,0,1
00Q000000000806,Amit Joshi,QuantaSolutions,COO,C-Level,Retail,68,Web,4,3,5,1,1,1,2,6,21,1,0,0,1
00Q000000000807,Priya Rao,CobaltNetworks,Coordinator,Individual,Finance,29,Web,0,1,1,0,0,1,1,24,88,1,1,0,0
00Q000000000808,Pooja Khan,BlueIndustries,Head of Ops,Director,Finance,4929,Web,4,0,1,0,0,2,0,38,69,1,0,0,0
00Q000000000809,Divya Sharma,OrbitPartners,Director of IT,Director,Technology,160,Partner,1,0,4,0,2,0,2,10,76,1,0,0,1
00Q000000000810,Isha Malhotra,ApexLabs,Ops Manager,Manager,Other,199,Cold Outbound,2,0,2,1,0,1,0,3,81,0,1,0,0
00Q000000000811,Rahul Khan,SummitLabs,Engineer,Individual,Technology,49,Cold Outbound,2,0,0,0,0,0,0,7,112,0,1,0,0
00Q000000000812,Riya Das,BlueSolutions,Sales Manager,Manager,Technology,41,Cold Outbound,3,3,1,0,0,1,0,2,64,0,0,0,0
00Q000000000813,Karan Gupta,SummitIndustries,IT Manager,Manager,Education,463,Web,2,1,1,0,0,0,1,33,51,0,0,0,1
00Q000000000814,Sneha Verma,LumenLabs,VP Sales,VP,Technology,8,Web,2,0,4,0,0,0,0,70,100,1,0,0,0
00Q000000000815,Priya Reddy,BlueWorks,Ops Manager,Manager,Finance,17,Event,2,3,3,1,0,1,2,11,97,1,1,0,0
00Q000000000816,Sanjay Iyer,ZenDynamics,Analyst,Individual,Finance,68,Paid Ad,2,0,2,0,0,5,2,4,88,1,0,1,1
00Q000000000817,Sneha Mehta,VertexPartners,IT Manager,Manager,Retail,754,Paid Ad,3,1,5,0,1,1,1,18,108,1,1,0,0
00Q000000000818,Meera Nair,QuantaPartners,Sales Manager,Manager,Healthcare,56,Web,6,0,4,1,0,1,1,3,22,0,0,0,1
00Q000000000819,Sanjay Joshi,CobaltLabs,Coordinator,Individual,Education,185,Cold Outbound,1,1,1,0,1,1,0,74,78,1,0,0,0
00Q000000000820,Isha Patel,ZenSolutions,Ops Manager,Manager,Retail,103,Referral,5,1,6,0,0,0,0,5,97,0,0,0,0
00Q000000000821,Divya Reddy,SummitHealth,Ops Manager,Manager,Manufacturing,695,Paid Ad,4,2,6,1,3,4,2,6,27,0,0,1,1
00Q000000000822,Meera Iyer,ZenWorks,Engineer,Individual,Finance,9,Cold Outbound,4,0,0,0,0,1,0,30,88,0,0,0,0
00Q000000000823,Karan Gupta,NovaGroup,IT Manager,Manager,Education,300,Paid Ad,1,1,0,0,0,2,0,22,104,1,0,0,0
00Q000000000824,Ananya Singh,BlueHealth,Sales Manager,Manager,Education,73,Partner,1,0,0,0,0,0,1,3,110,0,1,0,0
00Q000000000825,Rahul Gupta,HelixIndustries,Head of Ops,Director,Education,398,Partner,5,0,8,1,0,0,0,13,108,0,0,0,0
00Q000000000826,Neha Reddy,ZenSystems,Ops Manager,Manager,Technology,29,Partner,0,0,2,0,0,1,0,4,29,0,0,0,0
00Q000000000827,Priya Rao,OrbitLabs,Engineer,Individual,Retail,103,Partner,3,0,0,0,1,5,0,11,83,1,0,0,0
00Q000000000828,Pooja Reddy,NovaIndustries,CEO,C-Level,Retail,85,Event,3,1,5,2,0,2,4,1,17,1,0,0,1
00Q000000000829,Isha Patel,ZenPartners,IT Manager,Manager,Other,22,Referral,1,1,1,0,1,0,1,28,118,1,1,0,0
00Q000000000830,Neha Bose,CobaltWorks,Analyst,Individual,Finance,14,Partner,6,0,1,0,0,3,2,13,69,1,0,0,1
00Q000000000831,Karan Das,PioneerPartners,VP Engineering,VP,Education,41,Paid Ad,3,4,3,2,2,1,1,13,41,0,0,0,1
00Q000000000832,Neha Nair,SummitDynamics,Analyst,Individual,Retail,120,Paid Ad,1,2,1,0,0,1,0,28,2,1,0,0,0
00Q000000000833,Aarav Malhotra,ApexIndustries,Director of Sales,Director,Education,31,Event,3,0,3,0,1,0,0,40,45,1,0,0,0
00Q000000000834,Dev Patel,CobaltIndustries,Director of IT,Director,Retail,60,Web,2,2,0,0,0,1,0,20,14,0,0,0,1
00Q000000000835,Divya Reddy,ZenDynamics,CEO,C-Level,Education,5,Event,1,2,1,1,0,2,1,9,116,1,0,0,0
00Q000000000836,Rohan Malhotra,CobaltNetworks,CFO,C-Level,Finance,57,Cold Outbound,3,1,1,0,2,1,0,11,44,1,0,0,1
00Q000000000837,Isha Das,PioneerDynamics,Coordinator,Individual,Technology,461,Referral,3,4,5,1,1,2,3,10,111,1,0,0,1
00Q000000000838,Divya Sharma,ApexSolutions,Director of Sales,Director,Finance,286,Web,8,2,8,0,0,4,3,1,37,1,0,1,1
00Q000000000839,Aarav Mehta,QuantaGroup,Ops Manager,Manager,Education,87,Web,2,1,2,0,2,0,0,1,54,1,1,0,0
00Q000000000840,Divya Sharma,NovaLabs,Head of Ops,Director,Technology,143,Event,4,1,8,0,0,0,1,6,41,1,0,0,0
00Q000000000841,Sanjay Sharma,CobaltGroup,Ops Manager,Manager,Manufacturing,28,Referral,1,0,3,0,0,1,1,61,10,0,0,0,0
00Q000000000842,Divya Bose,PioneerPartners,Coordinator,Individual,Other,1137,Paid Ad,2,2,7,2,2,2,2,13,82,1,0,1,1
00Q000000000843,Priya Malhotra,LumenSystems,Engineer,Individual,Other,2211,Web,2,1,5,0,0,1,0,7,6,1,0,0,0
00Q000000000844,Vikram Mehta,BlueWorks,Coordinator,Individual,Retail,127,Web,4,0,2,0,1,2,1,21,51,1,0,0,1
00Q000000000845,Nikhil Mehta,CobaltGroup,Engineer,Individual,Education,4846,Web,5,1,2,1,0,1,0,6,21,1,0,0,1
00Q000000000846,Nikhil Khan,OrbitSolutions,Engineer,Individual,Technology,35,Web,12,6,11,0,2,2,3,1,18,1,1,0,1
00Q000000000847,Isha Iyer,ZenHealth,VP Marketing,VP,Healthcare,15,Partner,5,1,5,0,1,3,0,2,14,1,1,1,1
00Q000000000848,Dev Malhotra,SummitHealth,Sales Manager,Manager,Manufacturing,34,Cold Outbound,2,0,0,0,2,1,0,10,21,1,1,0,0
00Q000000000849,Sanjay Khan,SummitNetworks,Head of Ops,Director,Education,71,Partner,2,3,3,1,1,1,2,3,82,0,0,1,1
00Q000000000850,Neha Rao,HelixIndustries,VP Engineering,VP,Finance,3191,Cold Outbound,1,2,3,0,0,2,0,22,14,1,0,0,0
00Q000000000851,Sneha Rao,QuantaSystems,Director of IT,Director,Technology,65,Web,2,0,0,0,0,2,0,2,8,0,0,0,1
00Q000000000852,Vikram Patel,HelixSolutions,IT Manager,Manager,Retail,27,Cold Outbound,7,3,4,3,0,3,0,12,105,1,1,0,0
00Q000000000853,Aarav Gupta,HelixIndustries,VP Marketing,VP,Healthcare,25,Event,2,2,2,0,0,0,0,4,95,1,0,0,1
00Q000000000854,Neha Singh,LumenSystems,Director of Sales,Director,Education,550,Partner,2,0,3,1,0,2,1,9,46,0,0,0,1
00Q000000000855,Karan Verma,ApexPartners,Director of Sales,Director,Healthcare,444,Paid Ad,1,1,2,0,2,3,1,4,11,1,0,0,0
00Q000000000856,Divya Iyer,QuantaPartners,VP Marketing,VP,Education,48,Referral,2,2,2,1,1,1,2,19,60,1,1,0,1
00Q000000000857,Meera Rao,PioneerWorks,Sales Manager,Manager,Manufacturing,5,Web,1,1,0,0,1,1,0,6,39,1,1,0,0
00Q000000000858,Nikhil Das,SummitLabs,Sales Manager,Manager,Education,18,Web,2,1,1,0,0,0,0,35,67,1,0,0,0
00Q000000000859,Pooja Das,ZenSolutions,VP Sales,VP,Retail,1315,Event,1,1,2,1,0,3,1,9,41,0,0,0,1
00Q000000000860,Sanjay Reddy,ZenIndustries,IT Manager,Manager,Finance,279,Event,0,0,2,0,0,0,0,30,96,0,0,0,0
00Q000000000861,Rahul Gupta,BlueLabs,VP Sales,VP,Finance,109,Cold Outbound,2,1,0,0,0,0,0,9,33,1,0,0,0
00Q000000000862,Aarav Khan,QuantaLabs,Coordinator,Individual,Other,1641,Web,4,3,1,0,1,1,1,33,72,0,1,0,0
00Q000000000863,Meera Reddy,HelixWorks,Engineer,Individual,Technology,1877,Paid Ad,2,2,4,0,0,1,0,5,81,0,1,0,0
00Q000000000864,Priya Joshi,BlueIndustries,IT Manager,Manager,Retail,94,Paid Ad,1,2,0,0,0,2,2,12,103,1,1,0,1
00Q000000000865,Arjun Rao,BluePartners,Analyst,Individual,Technology,96,Web,6,4,2,0,1,0,0,6,69,1,0,0,1
00Q000000000866,Sneha Sharma,LumenDynamics,CFO,C-Level,Retail,41,Referral,1,0,0,0,0,0,1,28,93,0,0,0,1
00Q000000000867,Meera Bose,BlueGroup,Coordinator,Individual,Technology,64,Event,1,0,2,0,0,2,0,39,55,1,0,0,0
00Q000000000868,Aarav Sharma,BlueHealth,Director of Sales,Director,Manufacturing,10,Event,1,1,1,0,0,2,1,10,84,1,0,0,0
00Q000000000869,Sneha Rao,VertexGroup,Analyst,Individual,Manufacturing,10,Web,0,1,3,0,0,0,0,21,23,1,0,0,0
00Q000000000870,Neha Reddy,QuantaNetworks,CFO,C-Level,Technology,7,Web,3,1,1,0,0,2,2,3,47,1,0,0,0
00Q000000000871,Rohan Patel,BlueHealth,IT Manager,Manager,Healthcare,505,Referral,0,0,3,1,0,0,1,16,48,1,0,0,0
00Q000000000872,Karan Rao,ApexGroup,Engineer,Individual,Education,9,Cold Outbound,5,2,3,1,0,2,0,30,102,0,0,0,0
00Q000000000873,Sneha Reddy,ApexSolutions,Analyst,Individual,Retail,1853,Partner,4,1,4,0,0,1,1,9,88,1,0,0,0
00Q000000000874,Riya Verma,NovaIndustries,Sales Manager,Manager,Other,33,Web,2,0,0,0,0,1,1,24,118,0,1,0,0
00Q000000000875,Aarav Iyer,BlueHealth,COO,C-Level,Education,1347,Paid Ad,0,0,1,0,0,0,0,48,69,0,0,0,0
00Q000000000876,Arjun Nair,SummitSolutions,CTO,C-Level,Retail,57,Cold Outbound,1,0,1,0,0,0,0,5,50,1,0,0,0
00Q000000000877,Amit Iyer,BlueNetworks,Sales Manager,Manager,Manufacturing,9,Web,3,2,3,0,1,2,0,64,7,1,1,0,0
00Q000000000878,Kavya Rao,QuantaSystems,Ops Manager,Manager,Other,682,Web,3,0,4,2,1,0,0,7,114,1,0,0,0
00Q000000000879,Priya Joshi,PioneerSolutions,Engineer,Individual,Manufacturing,814,Web,2,2,5,0,0,2,1,12,117,1,0,0,0
00Q000000000880,Aarav Malhotra,NovaWorks,IT Manager,Manager,Healthcare,25,Web,2,1,1,0,1,1,0,1,61,1,0,0,0
00Q000000000881,Ananya Iyer,CobaltNetworks,Ops Manager,Manager,Education,60,Partner,4,1,6,1,0,2,1,17,10,1,1,0,1
00Q000000000882,Dev Mehta,PioneerGroup,Engineer,Individual,Other,25,Partner,2,1,3,0,0,0,0,17,119,1,0,0,0
00Q000000000883,Meera Sharma,CobaltGroup,Director of Sales,Director,Healthcare,83,Paid Ad,1,1,1,1,0,2,0,12,1,1,0,0,0
00Q000000000884,Priya Iyer,HelixGroup,VP Sales,VP,Technology,116,Referral,1,0,1,0,0,1,0,5,35,1,0,0,0
00Q000000000885,Rahul Nair,CobaltSolutions,Engineer,Individual,Manufacturing,58,Partner,2,1,3,0,0,2,1,48,22,0,1,0,0
00Q000000000886,Kavya Patel,SummitPartners,Analyst,Individual,Retail,6,Web,8,2,5,2,0,2,0,9,13,0,0,0,0
00Q000000000887,Dev Das,CobaltDynamics,Analyst,Individual,Finance,41,Web,1,2,2,0,1,2,1,49,112,1,0,0,0
00Q000000000888,Arjun Singh,OrbitDynamics,Coordinator,Individual,Retail,285,Web,1,1,1,0,0,2,1,28,64,1,1,0,0
00Q000000000889,Divya Iyer,PioneerPartners,Engineer,Individual,Manufacturing,72,Cold Outbound,2,0,0,0,0,0,0,21,50,1,1,0,0
00Q000000000890,Ananya Malhotra,ZenSolutions,Director of IT,Director,Finance,60,Paid Ad,2,2,1,0,0,0,1,15,74,0,0,0,0
00Q000000000891,Karan Verma,LumenPartners,Engineer,Individual,Manufacturing,24,Paid Ad,4,0,2,0,0,0,0,6,78,1,0,0,0
00Q000000000892,Priya Reddy,VertexDynamics,Director of IT,Director,Healthcare,39,Paid Ad,0,1,1,0,0,3,0,6,113,1,0,0,0
00Q000000000893,Karan Singh,OrbitLabs,VP Sales,VP,Education,823,Web,4,1,4,1,1,1,1,9,29,0,0,0,1
00Q000000000894,Rahul Bose,HelixNetworks,CFO,C-Level,Technology,17,Event,3,1,0,0,0,3,0,51,19,0,0,0,0
00Q000000000895,Rahul Malhotra,NovaHealth,Director of Sales,Director,Education,293,Partner,2,3,3,1,0,3,0,0,55,1,0,0,0
00Q000000000896,Riya Khan,BlueLabs,Coordinator,Individual,Finance,106,Cold Outbound,1,0,5,0,0,1,0,35,12,1,0,0,0
00Q000000000897,Sanjay Das,ApexGroup,Coordinator,Individual,Other,143,Event,1,0,2,0,1,0,1,5,74,1,0,0,0
00Q000000000898,Ananya Sharma,ApexIndustries,Coordinator,Individual,Retail,33,Web,3,1,4,0,0,1,0,7,105,0,0,0,0
00Q000000000899,Sanjay Singh,NovaSolutions,CTO,C-Level,Finance,58,Cold Outbound,2,0,0,0,0,0,0,9,113,0,0,0,0
00Q000000000900,Sneha Reddy,ZenSystems,CEO,C-Level,Other,98,Event,1,0,7,0,0,2,0,14,68,1,0,0,1
00Q000000000901,Priya Reddy,OrbitWorks,Sales Manager,Manager,Healthcare,45,Referral,4,2,3,0,0,1,0,32,47,1,0,1,1
00Q000000000902,Kavya Verma,PioneerSolutions,Sales Manager,Manager,Manufacturing,163,Web,5,1,2,0,1,2,2,18,19,1,0,0,1
00Q000000000903,Karan Reddy,QuantaHealth,Sales Manager,Manager,Other,197,Web,5,3,5,3,1,4,2,2,46,1,1,0,1
00Q000000000904,Aarav Gupta,ApexGroup,Analyst,Individual,Other,2589,Paid Ad,3,1,5,1,0,0,0,14,19,1,0,0,1
00Q000000000905,Priya Verma,OrbitGroup,COO,C-Level,Retail,151,Paid Ad,6,3,4,2,1,2,2,9,12,1,0,1,1
00Q000000000906,Sanjay Khan,LumenSystems,Analyst,Individual,Other,5,Web,2,0,2,0,0,4,1,13,29,1,0,0,0
00Q000000000907,Aarav Das,LumenNetworks,IT Manager,Manager,Finance,569,Web,0,1,1,0,0,0,2,28,95,1,1,0,0
00Q000000000908,Sanjay Gupta,BlueWorks,Ops Manager,Manager,Technology,73,Paid Ad,4,0,2,0,1,0,1,23,109,0,0,0,0
00Q000000000909,Rahul Malhotra,NovaSolutions,Analyst,Individual,Technology,2034,Event,1,0,0,0,0,2,1,8,114,1,0,0,0
00Q000000000910,Dev Gupta,QuantaSystems,Ops Manager,Manager,Finance,903,Referral,3,0,4,2,1,0,1,12,77,1,0,0,0
00Q000000000911,Divya Verma,ApexPartners,VP Engineering,VP,Manufacturing,46,Web,0,1,1,0,1,2,1,11,1,1,0,1,1
00Q000000000912,Riya Rao,ZenSystems,Engineer,Individual,Finance,293,Cold Outbound,2,1,1,0,0,1,0,15,45,0,0,0,1
00Q000000000913,Divya Sharma,PioneerSolutions,Sales Manager,Manager,Manufacturing,40,Cold Outbound,3,1,1,1,0,0,0,12,100,1,0,0,0
00Q000000000914,Nikhil Kapoor,ApexSolutions,Ops Manager,Manager,Technology,99,Referral,8,2,4,1,0,1,1,1,115,1,0,0,1
00Q000000000915,Nikhil Rao,LumenSystems,Coordinator,Individual,Finance,274,Paid Ad,2,0,7,1,0,0,2,6,22,1,0,0,1
00Q000000000916,Rohan Iyer,VertexHealth,Engineer,Individual,Retail,528,Cold Outbound,5,0,5,0,0,1,1,4,65,1,0,0,0
00Q000000000917,Kavya Gupta,LumenLabs,Coordinator,Individual,Technology,381,Web,2,1,2,1,0,1,0,4,112,0,0,0,0
00Q000000000918,Nikhil Reddy,QuantaPartners,Coordinator,Individual,Retail,111,Cold Outbound,7,1,10,2,0,1,3,2,10,0,0,0,1
00Q000000000919,Priya Singh,PioneerIndustries,IT Manager,Manager,Retail,4126,Event,1,1,1,0,0,1,1,6,67,1,1,0,0
00Q000000000920,Ananya Joshi,PioneerSystems,VP Marketing,VP,Manufacturing,57,Paid Ad,3,0,2,0,0,2,0,6,41,0,0,0,0
00Q000000000921,Meera Bose,BlueLabs,Head of Ops,Director,Other,8,Paid Ad,2,0,2,0,0,0,1,6,102,1,0,0,0
00Q000000000922,Amit Malhotra,CobaltDynamics,CEO,C-Level,Other,11,Web,2,0,2,0,1,3,0,6,106,1,0,0,0
00Q000000000923,Pooja Patel,PioneerPartners,IT Manager,Manager,Technology,907,Partner,5,3,4,0,1,1,3,8,72,1,0,0,1
00Q000000000924,Amit Rao,BluePartners,Director of Sales,Director,Retail,88,Paid Ad,3,1,2,0,0,1,0,3,34,1,0,0,0
00Q000000000925,Isha Verma,LumenWorks,Director of IT,Director,Technology,126,Web,9,3,8,2,0,1,1,0,83,1,0,1,1
00Q000000000926,Karan Joshi,LumenSystems,Coordinator,Individual,Healthcare,44,Paid Ad,0,0,2,0,0,0,1,31,97,1,0,0,0
00Q000000000927,Sanjay Khan,OrbitIndustries,Ops Manager,Manager,Manufacturing,50,Cold Outbound,2,3,2,0,0,2,1,10,108,1,0,0,0
00Q000000000928,Arjun Reddy,OrbitSystems,Sales Manager,Manager,Retail,30,Cold Outbound,1,0,1,1,0,0,1,5,49,1,0,0,0
00Q000000000929,Arjun Gupta,BlueHealth,Head of Ops,Director,Education,201,Paid Ad,2,1,1,1,0,2,0,8,32,1,0,0,0
00Q000000000930,Neha Das,BlueIndustries,IT Manager,Manager,Retail,85,Web,6,0,2,0,1,3,1,37,15,1,0,0,0
00Q000000000931,Meera Reddy,PioneerPartners,Engineer,Individual,Retail,191,Referral,2,1,2,2,0,4,1,27,62,1,1,0,0
00Q000000000932,Rohan Bose,CobaltIndustries,COO,C-Level,Manufacturing,165,Web,6,1,6,1,1,4,2,1,6,1,0,0,1
00Q000000000933,Arjun Joshi,CobaltDynamics,Coordinator,Individual,Technology,52,Cold Outbound,7,5,4,2,1,3,1,4,106,1,0,1,1
00Q000000000934,Dev Reddy,SummitDynamics,COO,C-Level,Technology,11,Partner,1,0,0,0,0,1,0,10,91,1,0,0,1
00Q000000000935,Kavya Nair,VertexGroup,VP Sales,VP,Manufacturing,9,Cold Outbound,1,2,1,1,0,1,1,25,91,1,0,1,1
00Q000000000936,Ananya Patel,OrbitGroup,VP Engineering,VP,Retail,9320,Web,4,0,0,0,0,2,1,5,7,0,0,0,1
00Q000000000937,Rohan Sharma,QuantaIndustries,Director of Sales,Director,Technology,913,Cold Outbound,3,2,3,0,0,3,1,8,11,1,0,0,1
00Q000000000938,Riya Verma,VertexLabs,Coordinator,Individual,Healthcare,742,Cold Outbound,8,1,3,0,1,3,0,2,92,0,1,1,1
00Q000000000939,Rahul Das,HelixIndustries,Director of Sales,Director,Finance,36,Paid Ad,5,2,3,0,0,1,2,4,27,1,0,0,1
00Q000000000940,Amit Bose,PioneerIndustries,Director of IT,Director,Manufacturing,100,Cold Outbound,2,1,6,0,1,3,0,8,33,1,0,0,0
00Q000000000941,Arjun Joshi,HelixHealth,Director of Sales,Director,Healthcare,29,Event,6,3,2,0,0,0,2,3,76,0,0,0,0
00Q000000000942,Divya Joshi,ZenIndustries,Engineer,Individual,Technology,13,Referral,3,4,3,2,0,0,0,5,46,0,0,0,1
00Q000000000943,Dev Malhotra,BlueWorks,Engineer,Individual,Technology,41,Web,3,1,4,3,0,1,2,6,22,0,0,1,1
00Q000000000944,Kavya Singh,SummitLabs,Sales Manager,Manager,Finance,727,Web,2,0,1,1,0,1,1,18,95,1,0,0,0
00Q000000000945,Sanjay Malhotra,VertexNetworks,Sales Manager,Manager,Manufacturing,351,Web,2,3,2,0,1,0,1,4,33,0,0,0,1
00Q000000000946,Pooja Bose,OrbitLabs,Sales Manager,Manager,Other,23,Paid Ad,3,1,0,0,0,1,0,11,13,0,0,0,0
00Q000000000947,Ananya Verma,LumenPartners,VP Engineering,VP,Technology,62,Referral,1,1,0,0,0,0,1,22,34,1,0,0,0
00Q000000000948,Vikram Khan,CobaltIndustries,Director of Sales,Director,Manufacturing,306,Web,1,0,2,0,0,1,0,15,91,1,0,0,0
00Q000000000949,Nikhil Malhotra,HelixDynamics,Director of Sales,Director,Manufacturing,42,Web,1,0,0,0,0,1,0,7,26,1,0,0,0
00Q000000000950,Neha Patel,NovaIndustries,Coordinator,Individual,Retail,112,Paid Ad,0,1,2,0,0,0,1,6,18,1,0,0,0
00Q000000000951,Sneha Verma,ZenNetworks,IT Manager,Manager,Finance,181,Cold Outbound,2,3,2,1,0,1,2,4,83,0,0,0,0
00Q000000000952,Kavya Kapoor,CobaltHealth,IT Manager,Manager,Technology,178,Event,2,1,3,0,0,1,1,2,81,0,1,0,1
00Q000000000953,Pooja Rao,ApexNetworks,Engineer,Individual,Other,145,Partner,0,1,1,0,0,1,0,15,35,1,0,0,0
00Q000000000954,Isha Bose,QuantaLabs,Analyst,Individual,Other,37,Cold Outbound,0,0,1,0,0,2,1,11,117,1,0,0,0
00Q000000000955,Aarav Verma,CobaltSolutions,IT Manager,Manager,Healthcare,43,Paid Ad,3,1,4,0,1,1,2,7,102,1,0,1,1
00Q000000000956,Meera Khan,CobaltNetworks,Engineer,Individual,Manufacturing,18,Paid Ad,5,0,1,0,1,0,1,12,12,1,0,0,0
00Q000000000957,Rohan Gupta,PioneerLabs,Sales Manager,Manager,Technology,9,Paid Ad,11,2,10,1,2,0,3,23,119,1,0,1,1
00Q000000000958,Rahul Gupta,ApexLabs,Coordinator,Individual,Technology,83,Cold Outbound,1,1,1,1,0,3,0,17,8,0,0,0,0
00Q000000000959,Riya Nair,BluePartners,Coordinator,Individual,Technology,338,Referral,1,0,1,0,0,4,0,12,46,1,0,0,0
00Q000000000960,Dev Malhotra,ZenIndustries,Analyst,Individual,Retail,12,Partner,2,0,5,1,1,2,2,4,3,1,0,0,0
00Q000000000961,Neha Nair,SummitDynamics,Director of IT,Director,Technology,149,Event,3,0,5,0,0,1,1,37,106,0,1,0,0
00Q000000000962,Dev Gupta,ZenHealth,Ops Manager,Manager,Technology,322,Web,2,1,0,0,0,2,0,9,77,0,0,0,0
00Q000000000963,Isha Reddy,LumenGroup,IT Manager,Manager,Technology,6,Paid Ad,2,0,1,0,2,0,1,15,60,1,0,0,0
00Q000000000964,Divya Nair,ApexLabs,Engineer,Individual,Technology,66,Cold Outbound,3,0,4,0,1,0,2,6,97,1,0,0,1
00Q000000000965,Amit Reddy,ZenSystems,CFO,C-Level,Healthcare,1175,Cold Outbound,0,0,1,0,0,0,1,18,79,0,0,0,0
00Q000000000966,Karan Malhotra,CobaltPartners,IT Manager,Manager,Manufacturing,227,Cold Outbound,1,1,1,0,0,1,1,15,78,1,0,0,0
00Q000000000967,Pooja Bose,ZenSystems,Director of IT,Director,Manufacturing,6,Partner,1,1,2,0,0,1,2,26,113,0,0,0,0
00Q000000000968,Priya Iyer,NovaNetworks,IT Manager,Manager,Healthcare,267,Paid Ad,2,0,3,2,0,1,2,2,58,0,1,0,0
00Q000000000969,Arjun Verma,ZenDynamics,VP Marketing,VP,Healthcare,32,Cold Outbound,1,1,0,0,0,2,1,10,70,1,0,1,1
00Q000000000970,Aarav Gupta,VertexWorks,VP Marketing,VP,Retail,280,Web,2,1,1,0,0,0,0,4,48,1,0,0,0
00Q000000000971,Aarav Joshi,HelixLabs,Ops Manager,Manager,Finance,35,Web,3,0,1,1,0,1,0,6,118,0,0,1,0
00Q000000000972,Nikhil Iyer,PioneerHealth,Head of Ops,Director,Technology,91,Event,2,1,1,0,0,0,2,9,90,1,0,0,1
00Q000000000973,Dev Malhotra,QuantaLabs,Analyst,Individual,Education,44,Paid Ad,1,1,2,1,2,3,1,9,29,1,0,0,0
00Q000000000974,Isha Das,ApexIndustries,Head of Ops,Director,Retail,99,Paid Ad,2,0,0,0,0,0,1,12,57,1,0,0,0
00Q000000000975,Riya Verma,VertexNetworks,IT Manager,Manager,Healthcare,42,Partner,0,0,0,0,0,0,0,5,117,0,0,0,1
00Q000000000976,Kavya Joshi,PioneerGroup,Engineer,Individual,Finance,71,Web,8,0,0,0,0,2,2,12,84,0,0,0,0
00Q000000000977,Riya Das,SummitDynamics,COO,C-Level,Technology,17,Partner,1,0,2,0,0,2,2,2,21,1,0,0,0
00Q000000000978,Nikhil Khan,VertexPartners,VP Engineering,VP,Technology,207,Paid Ad,0,0,0,0,0,0,0,19,54,1,0,0,0
00Q000000000979,Priya Bose,CobaltLabs,Coordinator,Individual,Education,129,Cold Outbound,5,1,4,2,0,2,1,8,109,1,0,0,0
00Q000000000980,Sanjay Iyer,LumenDynamics,CFO,C-Level,Manufacturing,8,Referral,3,1,1,0,1,1,0,8,94,1,1,0,0
00Q000000000981,Ananya Khan,QuantaHealth,IT Manager,Manager,Technology,441,Paid Ad,0,1,0,0,0,1,1,51,83,1,0,0,0
00Q000000000982,Sneha Reddy,HelixNetworks,Sales Manager,Manager,Technology,76,Partner,2,0,1,1,1,0,1,10,5,1,0,0,0
00Q000000000983,Neha Mehta,HelixSolutions,VP Sales,VP,Finance,126,Event,5,0,2,1,0,1,0,34,110,0,0,0,1
00Q000000000984,Meera Sharma,SummitHealth,IT Manager,Manager,Finance,313,Web,5,5,0,0,1,1,2,29,62,1,0,0,1
00Q000000000985,Divya Reddy,LumenSystems,IT Manager,Manager,Manufacturing,162,Web,3,2,0,0,1,0,0,4,90,1,0,0,1
00Q000000000986,Kavya Patel,QuantaSystems,Head of Ops,Director,Healthcare,571,Web,3,1,1,0,1,0,1,15,11,1,0,0,0
00Q000000000987,Aarav Reddy,BlueDynamics,Analyst,Individual,Other,64,Event,2,1,3,2,0,0,2,5,36,0,0,0,1
00Q000000000988,Nikhil Malhotra,HelixSystems,IT Manager,Manager,Retail,469,Paid Ad,1,0,2,1,0,1,0,32,31,1,0,0,0
00Q000000000989,Rahul Mehta,NovaNetworks,Sales Manager,Manager,Other,119,Paid Ad,3,0,3,0,0,0,1,17,20,1,0,0,0
00Q000000000990,Amit Patel,OrbitNetworks,Director of IT,Director,Education,213,Paid Ad,3,1,3,0,1,3,1,2,27,1,0,1,1
00Q000000000991,Rohan Singh,CobaltSystems,Engineer,Individual,Other,182,Web,9,1,6,2,1,2,2,11,119,1,0,1,1
00Q000000000992,Amit Kapoor,ApexSolutions,Engineer,Individual,Other,639,Web,6,3,3,1,0,2,1,5,85,0,0,0,0
00Q000000000993,Rohan Rao,ZenDynamics,Director of IT,Director,Finance,293,Partner,5,4,7,0,0,1,3,12,88,0,0,1,1
00Q000000000994,Neha Joshi,ApexLabs,Analyst,Individual,Technology,51,Partner,2,0,2,0,0,0,0,2,93,1,1,0,0
00Q000000000995,Rahul Malhotra,NovaLabs,Ops Manager,Manager,Technology,38,Paid Ad,2,1,0,0,0,1,1,7,103,0,0,0,0
00Q000000000996,Sneha Singh,ZenPartners,Director of Sales,Director,Manufacturing,92,Partner,4,3,2,2,0,0,3,10,43,1,0,0,1
00Q000000000997,Rahul Singh,NovaLabs,Director of IT,Director,Retail,31,Cold Outbound,0,1,3,0,1,0,1,5,72,0,0,0,1
00Q000000000998,Aarav Das,ApexWorks,Coordinator,Individual,Technology,20,Cold Outbound,7,0,2,0,0,2,0,13,99,0,0,0,0
00Q000000000999,Neha Kapoor,VertexHealth,VP Engineering,VP,Education,4,Paid Ad,6,2,4,0,0,0,2,4,2,0,0,0,0
00Q000000001000,Meera Mehta,NovaGroup,Director of Sales,Director,Education,9,Referral,2,0,2,1,0,1,0,11,72,0,0,0,0
00Q000000001001,Neha Nair,ZenLabs,Sales Manager,Manager,Manufacturing,1954,Web,2,0,1,0,0,0,0,24,106,1,0,0,0
00Q000000001002,Riya Patel,QuantaHealth,Director of IT,Director,Healthcare,37,Paid Ad,1,0,1,0,0,1,0,14,81,0,0,0,1
00Q000000001003,Riya Bose,SummitNetworks,Director of Sales,Director,Technology,1728,Event,5,1,5,0,1,3,0,2,84,0,0,0,1
00Q000000001004,Nikhil Kapoor,BlueIndustries,Director of IT,Director,Manufacturing,182,Web,2,1,2,0,0,0,1,33,119,0,1,0,0
00Q000000001005,Dev Kapoor,CobaltPartners,IT Manager,Manager,Technology,92,Web,1,1,3,1,0,2,1,17,104,1,0,0,0
00Q000000001006,Arjun Rao,SummitNetworks,Director of IT,Director,Manufacturing,10,Cold Outbound,3,1,3,0,1,2,0,9,84,1,0,0,0
00Q000000001007,Ananya Iyer,PioneerWorks,CTO,C-Level,Finance,100,Web,2,0,0,0,0,2,0,55,36,1,0,0,0
00Q000000001008,Divya Iyer,BlueWorks,Sales Manager,Manager,Finance,1699,Partner,3,2,3,0,0,4,1,6,113,1,0,0,1
00Q000000001009,Sneha Sharma,NovaHealth,VP Marketing,VP,Healthcare,1029,Cold Outbound,4,3,3,0,1,1,1,16,53,1,0,0,1
00Q000000001010,Arjun Rao,HelixDynamics,Director of IT,Director,Manufacturing,150,Paid Ad,1,0,3,1,0,2,0,2,116,1,0,0,1
00Q000000001011,Meera Kapoor,BlueHealth,VP Marketing,VP,Finance,17,Web,5,4,7,1,1,0,4,21,103,1,0,0,1
00Q000000001012,Isha Bose,NovaIndustries,CFO,C-Level,Other,23,Cold Outbound,0,1,1,1,0,0,1,21,18,1,0,0,0
00Q000000001013,Arjun Iyer,BlueIndustries,Analyst,Individual,Technology,27,Paid Ad,1,0,1,0,1,1,0,65,104,1,0,0,1
00Q000000001014,Arjun Rao,VertexDynamics,Engineer,Individual,Other,676,Web,2,0,0,0,0,1,1,7,73,1,0,0,0
00Q000000001015,Meera Sharma,CobaltSystems,Sales Manager,Manager,Technology,1150,Paid Ad,0,0,4,0,2,0,2,89,94,1,0,1,0
00Q000000001016,Isha Sharma,QuantaPartners,IT Manager,Manager,Technology,133,Web,2,1,4,0,1,4,2,18,92,0,0,0,1
00Q000000001017,Sneha Nair,QuantaSolutions,IT Manager,Manager,Other,63,Paid Ad,4,0,2,0,0,3,1,21,48,1,1,0,1
00Q000000001018,Rohan Khan,VertexDynamics,Director of IT,Director,Retail,1015,Cold Outbound,0,0,3,0,0,1,0,4,19,1,0,0,1
00Q000000001019,Rahul Das,QuantaNetworks,CFO,C-Level,Retail,22,Paid Ad,2,0,3,0,0,2,3,11,95,0,0,0,1
00Q000000001020,Rohan Mehta,LumenWorks,Ops Manager,Manager,Retail,107,Cold Outbound,4,1,5,0,1,2,0,10,69,0,0,0,0
00Q000000001021,Karan Rao,NovaHealth,Head of Ops,Director,Healthcare,199,Event,4,0,3,0,0,3,0,9,57,1,0,1,1
00Q000000001022,Amit Malhotra,QuantaWorks,Analyst,Individual,Education,27,Cold Outbound,3,0,3,1,0,0,3,12,104,1,1,0,0
00Q000000001023,Meera Iyer,SummitGroup,IT Manager,Manager,Technology,38,Partner,1,1,5,2,1,3,0,1,11,1,0,0,0
00Q000000001024,Rahul Joshi,CobaltIndustries,Engineer,Individual,Education,34,Web,0,0,0,0,0,0,0,46,10,1,1,0,0
00Q000000001025,Riya Kapoor,NovaHealth,Ops Manager,Manager,Other,833,Cold Outbound,4,0,1,0,0,3,0,4,45,1,0,0,0
00Q000000001026,Amit Malhotra,LumenSolutions,IT Manager,Manager,Education,1757,Cold Outbound,0,0,0,0,0,0,1,19,41,1,0,0,0
00Q000000001027,Divya Verma,OrbitLabs,Director of Sales,Director,Retail,118,Referral,3,0,1,1,0,3,4,7,81,1,0,0,0
00Q000000001028,Sanjay Verma,ApexNetworks,Director of IT,Director,Retail,66,Partner,1,1,4,1,0,3,0,9,112,1,0,0,1
00Q000000001029,Kavya Kapoor,PioneerSolutions,Sales Manager,Manager,Manufacturing,40,Web,3,2,3,0,0,0,2,1,84,1,1,0,0
00Q000000001030,Vikram Khan,ApexWorks,Analyst,Individual,Healthcare,99,Web,2,2,2,1,0,1,1,1,92,1,1,0,1
00Q000000001031,Kavya Gupta,SummitHealth,Coordinator,Individual,Education,43,Web,4,0,1,1,0,1,2,6,62,1,0,0,0
00Q000000001032,Sneha Mehta,LumenWorks,CFO,C-Level,Retail,86,Event,3,0,2,0,1,4,0,2,73,1,0,0,0
00Q000000001033,Amit Mehta,VertexIndustries,CFO,C-Level,Healthcare,184,Web,1,1,2,0,1,1,1,3,106,1,0,1,1
00Q000000001034,Rohan Nair,SummitPartners,Sales Manager,Manager,Education,54,Web,1,1,2,0,0,1,1,17,36,0,1,0,0
00Q000000001035,Sneha Patel,OrbitSystems,Analyst,Individual,Technology,74,Cold Outbound,1,1,0,0,0,2,2,6,64,0,0,0,0
00Q000000001036,Rahul Bose,BlueIndustries,IT Manager,Manager,Education,75,Event,2,2,4,0,1,3,1,5,74,1,0,0,1
00Q000000001037,Amit Rao,ZenHealth,Director of Sales,Director,Education,61,Cold Outbound,2,0,0,0,0,1,0,41,96,1,0,1,0
00Q000000001038,Amit Singh,SummitWorks,Ops Manager,Manager,Technology,51,Web,2,1,5,0,0,0,0,0,3,1,1,0,1
00Q000000001039,Ananya Joshi,ApexNetworks,Coordinator,Individual,Technology,312,Web,2,1,3,0,0,2,0,4,110,0,0,0,0
00Q000000001040,Nikhil Singh,QuantaHealth,Ops Manager,Manager,Retail,6,Partner,2,0,1,0,0,1,0,14,91,1,0,0,0
00Q000000001041,Isha Bose,OrbitIndustries,Coordinator,Individual,Technology,1055,Referral,1,2,4,3,0,0,1,9,23,1,0,0,1
00Q000000001042,Vikram Kapoor,SummitGroup,Ops Manager,Manager,Other,121,Event,0,1,1,1,0,1,0,2,10,0,1,0,0
00Q000000001043,Ananya Das,SummitHealth,Coordinator,Individual,Technology,248,Cold Outbound,2,1,1,0,1,1,0,11,18,1,0,0,0
00Q000000001044,Dev Reddy,PioneerSystems,Director of Sales,Director,Technology,295,Referral,1,0,3,0,1,2,0,8,105,1,0,0,0
00Q000000001045,Nikhil Sharma,NovaIndustries,IT Manager,Manager,Technology,34,Event,2,1,2,1,0,1,0,42,103,0,1,0,0
00Q000000001046,Neha Reddy,SummitPartners,Engineer,Individual,Education,25,Paid Ad,2,1,0,0,1,0,0,23,27,1,0,0,0
00Q000000001047,Nikhil Mehta,HelixPartners,Sales Manager,Manager,Manufacturing,21,Web,0,0,3,0,0,2,0,5,56,1,0,1,0
00Q000000001048,Sanjay Malhotra,VertexPartners,Ops Manager,Manager,Education,68,Paid Ad,2,0,1,0,0,3,0,12,20,0,0,0,0
00Q000000001049,Sneha Iyer,CobaltLabs,Head of Ops,Director,Other,283,Event,3,2,1,0,0,1,0,9,13,0,0,1,0
00Q000000001050,Amit Rao,PioneerSolutions,COO,C-Level,Manufacturing,41,Web,1,0,3,0,0,0,2,16,51,1,0,0,0
00Q000000001051,Pooja Verma,ApexSolutions,Engineer,Individual,Technology,247,Event,1,0,2,1,0,1,0,9,2,1,0,0,0
00Q000000001052,Pooja Joshi,ZenDynamics,VP Sales,VP,Technology,2,Event,6,1,3,0,0,1,0,7,116,1,0,0,0
00Q000000001053,Amit Mehta,ZenLabs,Director of Sales,Director,Education,55,Paid Ad,13,4,7,3,0,2,3,22,79,1,0,0,1
00Q000000001054,Meera Das,VertexPartners,Director of Sales,Director,Finance,572,Cold Outbound,2,1,0,0,0,1,0,31,110,1,0,0,0
00Q000000001055,Aarav Kapoor,NovaSolutions,Ops Manager,Manager,Other,76,Partner,2,0,6,0,1,6,1,7,86,1,0,1,1
00Q000000001056,Priya Khan,CobaltPartners,Ops Manager,Manager,Education,28,Event,3,2,2,0,1,2,1,14,115,1,0,0,0
00Q000000001057,Riya Iyer,ZenGroup,Analyst,Individual,Manufacturing,37,Cold Outbound,2,2,2,2,1,2,1,4,4,1,0,0,1
00Q000000001058,Dev Gupta,HelixGroup,COO,C-Level,Manufacturing,2,Partner,4,2,1,1,1,1,1,7,6,1,0,0,0
00Q000000001059,Karan Mehta,NovaGroup,Head of Ops,Director,Other,21,Web,5,1,2,2,1,1,1,2,106,1,0,0,1
00Q000000001060,Meera Verma,LumenDynamics,Ops Manager,Manager,Retail,485,Web,2,1,1,0,1,2,0,9,67,1,1,0,0
00Q000000001061,Divya Nair,ZenHealth,Sales Manager,Manager,Retail,41,Web,7,3,4,0,0,3,1,2,90,1,0,0,1
00Q000000001062,Meera Das,LumenPartners,Engineer,Individual,Healthcare,49,Web,1,0,2,0,0,0,0,7,87,1,0,0,0
00Q000000001063,Pooja Khan,QuantaDynamics,Analyst,Individual,Healthcare,3,Event,4,4,4,0,1,2,1,4,83,1,0,0,1
00Q000000001064,Meera Malhotra,NovaHealth,Head of Ops,Director,Healthcare,8,Referral,1,1,2,0,0,0,2,6,31,1,0,0,1
00Q000000001065,Pooja Joshi,ApexIndustries,Ops Manager,Manager,Other,592,Cold Outbound,2,1,1,0,0,0,1,19,101,0,1,0,0
00Q000000001066,Sanjay Rao,PioneerGroup,Director of IT,Director,Manufacturing,251,Event,1,0,1,0,1,2,0,90,112,1,0,0,0
00Q000000001067,Isha Patel,PioneerIndustries,Director of Sales,Director,Education,14,Web,3,1,4,1,0,2,0,1,114,1,0,0,0
00Q000000001068,Vikram Sharma,VertexPartners,Director of Sales,Director,Technology,38,Cold Outbound,7,3,3,0,2,2,1,11,36,1,0,0,1
00Q000000001069,Neha Nair,QuantaSolutions,VP Sales,VP,Education,95,Event,3,1,2,0,0,0,0,8,115,1,0,0,1
00Q000000001070,Priya Patel,PioneerPartners,Analyst,Individual,Healthcare,16,Web,4,2,2,1,0,0,1,3,84,1,0,0,0
00Q000000001071,Ananya Rao,SummitSolutions,Head of Ops,Director,Retail,4,Web,1,0,2,0,0,1,0,6,94,1,0,0,0
00Q000000001072,Aarav Verma,BlueIndustries,Director of IT,Director,Technology,78,Paid Ad,2,1,0,0,1,0,1,11,20,0,0,0,1
00Q000000001073,Arjun Verma,NovaPartners,Engineer,Individual,Other,234,Event,1,0,0,0,0,3,0,16,26,0,1,0,0
00Q000000001074,Nikhil Singh,NovaPartners,Coordinator,Individual,Retail,241,Paid Ad,4,0,0,0,0,0,0,16,4,1,0,0,0
00Q000000001075,Pooja Gupta,OrbitLabs,Analyst,Individual,Healthcare,369,Cold Outbound,1,2,4,0,0,1,1,3,111,1,0,0,0
00Q000000001076,Neha Bose,VertexSystems,Coordinator,Individual,Finance,9,Paid Ad,4,2,6,1,1,3,1,1,42,1,0,1,1
00Q000000001077,Sanjay Bose,OrbitSystems,Sales Manager,Manager,Finance,108,Cold Outbound,6,6,12,1,3,4,3,3,45,1,0,1,1
00Q000000001078,Sanjay Malhotra,OrbitPartners,Analyst,Individual,Finance,66,Partner,0,0,1,0,0,1,1,28,5,1,1,0,0
00Q000000001079,Rahul Patel,BluePartners,Head of Ops,Director,Technology,87,Paid Ad,2,2,1,0,0,3,1,1,54,1,0,1,1
00Q000000001080,Nikhil Singh,ApexDynamics,Coordinator,Individual,Healthcare,72,Web,6,0,5,1,1,2,1,15,41,0,0,0,0
00Q000000001081,Neha Singh,OrbitHealth,Coordinator,Individual,Healthcare,36,Event,3,0,3,0,0,2,0,11,8,0,0,0,0
00Q000000001082,Rohan Nair,NovaHealth,Sales Manager,Manager,Healthcare,2,Event,6,0,2,0,1,2,0,26,54,0,0,0,0
00Q000000001083,Divya Patel,ZenSolutions,Coordinator,Individual,Retail,568,Paid Ad,5,2,6,0,0,1,0,13,84,0,0,0,0
00Q000000001084,Isha Das,OrbitWorks,CEO,C-Level,Healthcare,163,Event,2,2,3,1,0,1,1,45,11,0,0,0,1
00Q000000001085,Pooja Sharma,ApexWorks,Sales Manager,Manager,Technology,10,Paid Ad,5,0,2,0,0,2,0,30,13,1,1,0,1
00Q000000001086,Kavya Patel,OrbitGroup,Analyst,Individual,Education,202,Event,0,0,2,0,0,0,0,2,90,0,0,0,0
00Q000000001087,Aarav Das,OrbitWorks,Coordinator,Individual,Healthcare,50,Paid Ad,1,0,2,0,0,1,0,9,112,1,0,0,0
00Q000000001088,Divya Singh,NovaPartners,IT Manager,Manager,Retail,53,Event,4,2,5,2,0,1,1,1,54,1,0,1,1
00Q000000001089,Priya Iyer,CobaltLabs,Director of Sales,Director,Other,31,Cold Outbound,0,1,4,0,0,1,0,31,39,1,0,0,0
00Q000000001090,Arjun Khan,SummitDynamics,Head of Ops,Director,Retail,222,Referral,0,0,0,0,0,0,1,9,80,1,0,0,1
00Q000000001091,Neha Singh,QuantaGroup,IT Manager,Manager,Manufacturing,29,Paid Ad,5,0,1,1,0,4,0,12,61,0,0,0,0
00Q000000001092,Aarav Reddy,PioneerNetworks,Head of Ops,Director,Manufacturing,19,Paid Ad,3,3,4,2,2,1,2,1,61,1,0,0,0
00Q000000001093,Vikram Mehta,ZenPartners,Ops Manager,Manager,Education,543,Event,2,2,4,1,0,1,0,1,95,1,0,0,0
00Q000000001094,Rohan Gupta,OrbitIndustries,VP Sales,VP,Education,76,Partner,1,0,1,0,0,0,1,7,71,1,0,0,0
00Q000000001095,Riya Nair,BlueSystems,Sales Manager,Manager,Technology,79,Cold Outbound,4,2,11,0,2,0,0,5,50,0,0,1,1
00Q000000001096,Aarav Kapoor,BlueWorks,Coordinator,Individual,Manufacturing,281,Partner,12,2,9,1,0,3,0,2,19,0,0,1,1
00Q000000001097,Ananya Iyer,VertexHealth,Director of IT,Director,Education,36,Cold Outbound,3,0,5,0,0,5,0,6,2,0,0,0,0
00Q000000001098,Sneha Joshi,LumenSystems,VP Marketing,VP,Education,49,Event,2,0,2,1,3,1,1,7,87,1,0,0,1
00Q000000001099,Vikram Malhotra,LumenDynamics,Ops Manager,Manager,Technology,157,Cold Outbound,3,1,9,0,0,3,2,8,32,1,0,1,1
00Q000000001100,Ananya Iyer,ZenGroup,CTO,C-Level,Healthcare,9,Cold Outbound,4,1,5,2,0,0,2,4,49,0,0,0,1
00Q000000001101,Amit Iyer,CobaltSystems,VP Sales,VP,Manufacturing,138,Partner,5,3,5,1,0,4,2,15,50,0,0,0,1
00Q000000001102,Priya Nair,PioneerLabs,Engineer,Individual,Finance,32,Cold Outbound,3,2,2,2,0,3,2,14,18,1,1,0,0
00Q000000001103,Ananya Joshi,VertexHealth,Head of Ops,Director,Retail,358,Paid Ad,6,2,0,0,1,2,0,30,94,1,0,1,0
00Q000000001104,Meera Reddy,ApexIndustries,Head of Ops,Director,Healthcare,225,Event,0,0,0,0,0,1,0,55,111,1,0,0,0
00Q000000001105,Pooja Khan,NovaPartners,IT Manager,Manager,Finance,185,Paid Ad,4,2,1,0,0,1,0,5,78,0,1,0,0
00Q000000001106,Nikhil Sharma,ApexWorks,Sales Manager,Manager,Finance,8,Event,2,1,0,0,1,2,0,4,38,0,0,0,0
00Q000000001107,Nikhil Kapoor,QuantaLabs,VP Engineering,VP,Education,85,Paid Ad,1,0,5,0,0,1,2,9,81,0,0,0,0
00Q000000001108,Kavya Rao,OrbitIndustries,Director of IT,Director,Education,17,Referral,2,2,4,1,3,3,1,8,54,1,0,0,0
00Q000000001109,Sneha Mehta,HelixPartners,Sales Manager,Manager,Education,94,Paid Ad,3,3,3,0,1,1,0,5,3,1,0,0,0
00Q000000001110,Rahul Das,SummitSystems,Analyst,Individual,Other,3,Event,4,0,6,1,0,5,1,4,116,1,0,1,0
00Q000000001111,Amit Das,BlueWorks,Ops Manager,Manager,Other,9,Referral,1,2,1,0,0,1,2,10,114,1,0,0,0
00Q000000001112,Arjun Malhotra,ApexLabs,VP Marketing,VP,Healthcare,592,Web,5,0,1,1,0,0,0,9,23,1,0,0,0
00Q000000001113,Neha Mehta,ApexDynamics,Director of IT,Director,Technology,173,Web,2,2,1,0,0,0,0,5,11,1,0,0,1
00Q000000001114,Nikhil Mehta,QuantaSolutions,Coordinator,Individual,Education,58,Paid Ad,1,1,2,0,0,1,0,3,43,0,0,0,0
00Q000000001115,Aarav Khan,VertexSolutions,VP Marketing,VP,Manufacturing,25,Referral,6,1,3,0,0,2,1,20,55,1,0,0,0
00Q000000001116,Aarav Nair,ApexSolutions,VP Sales,VP,Healthcare,19,Web,7,1,4,0,1,1,3,5,89,1,0,0,1
00Q000000001117,Karan Joshi,LumenGroup,IT Manager,Manager,Other,134,Referral,3,1,2,0,1,0,0,16,14,1,0,0,0
00Q000000001118,Aarav Bose,NovaDynamics,Engineer,Individual,Finance,59,Referral,4,0,4,0,0,1,1,7,11,0,0,0,0
00Q000000001119,Arjun Patel,VertexDynamics,Sales Manager,Manager,Other,1012,Web,2,0,1,1,0,1,0,6,28,0,0,0,0
00Q000000001120,Amit Joshi,NovaWorks,Analyst,Individual,Manufacturing,75,Referral,6,1,1,0,0,2,1,5,90,1,0,0,1
00Q000000001121,Meera Iyer,VertexSystems,Sales Manager,Manager,Technology,108,Paid Ad,2,1,2,1,0,2,0,2,31,1,0,0,0
00Q000000001122,Karan Khan,ApexHealth,Director of Sales,Director,Education,12,Partner,2,1,2,0,0,0,1,14,117,0,0,0,0
00Q000000001123,Rahul Khan,NovaSolutions,VP Sales,VP,Retail,57,Cold Outbound,4,1,4,0,0,3,0,47,1,0,0,1,0
00Q000000001124,Amit Malhotra,CobaltNetworks,Sales Manager,Manager,Retail,129,Web,2,1,2,1,0,2,1,11,79,0,0,0,0
00Q000000001125,Ananya Joshi,NovaDynamics,VP Engineering,VP,Manufacturing,56,Referral,1,0,0,0,0,2,1,21,77,0,0,0,0
00Q000000001126,Rahul Khan,QuantaDynamics,VP Sales,VP,Technology,48,Web,3,2,10,1,0,1,4,1,43,0,0,0,1
00Q000000001127,Vikram Nair,SummitGroup,Analyst,Individual,Technology,162,Paid Ad,1,1,5,1,0,1,1,1,65,0,0,0,0
00Q000000001128,Neha Joshi,NovaPartners,Coordinator,Individual,Technology,965,Web,6,1,3,0,0,3,0,6,89,1,0,0,1
00Q000000001129,Pooja Kapoor,HelixWorks,Director of Sales,Director,Technology,123,Web,0,1,1,0,0,0,1,90,60,0,0,0,0
00Q000000001130,Riya Kapoor,LumenSystems,Director of IT,Director,Finance,553,Paid Ad,4,0,3,0,0,0,2,2,84,1,0,0,0
00Q000000001131,Kavya Verma,SummitLabs,Sales Manager,Manager,Manufacturing,252,Referral,1,0,2,0,0,2,0,26,54,1,0,0,1
00Q000000001132,Amit Kapoor,SummitPartners,Director of IT,Director,Technology,505,Paid Ad,1,0,0,0,0,1,0,14,119,0,0,0,1
00Q000000001133,Kavya Verma,NovaDynamics,Director of Sales,Director,Manufacturing,39,Paid Ad,8,1,3,2,1,0,2,9,101,1,0,1,1
00Q000000001134,Meera Gupta,CobaltNetworks,Director of Sales,Director,Finance,72,Cold Outbound,0,1,3,0,0,2,0,11,106,1,0,1,0
00Q000000001135,Amit Gupta,LumenSystems,Director of IT,Director,Finance,73,Event,4,1,3,0,1,1,0,3,37,1,0,0,0
00Q000000001136,Ananya Mehta,OrbitHealth,Analyst,Individual,Other,225,Web,2,0,5,1,0,0,0,6,6,0,0,0,1
00Q000000001137,Rahul Das,CobaltDynamics,Analyst,Individual,Other,326,Paid Ad,2,1,5,0,0,0,1,17,22,0,0,0,0
00Q000000001138,Vikram Malhotra,QuantaSystems,Coordinator,Individual,Education,120,Web,0,1,3,1,0,2,1,20,66,1,0,0,0
00Q000000001139,Riya Rao,HelixPartners,CEO,C-Level,Technology,370,Web,0,0,2,0,0,1,0,2,100,1,0,0,1
00Q000000001140,Sanjay Das,NovaSystems,VP Engineering,VP,Retail,42,Event,4,5,5,0,2,4,0,5,93,1,0,0,1
00Q000000001141,Aarav Kapoor,ZenSystems,Head of Ops,Director,Technology,375,Web,1,0,1,0,0,1,0,15,100,0,0,0,0
00Q000000001142,Meera Mehta,PioneerHealth,Analyst,Individual,Manufacturing,456,Web,1,1,1,0,0,2,1,5,23,0,0,0,0
00Q000000001143,Rohan Reddy,VertexGroup,IT Manager,Manager,Other,274,Paid Ad,0,0,0,0,0,0,0,33,90,1,0,0,0
00Q000000001144,Rahul Mehta,NovaPartners,Analyst,Individual,Healthcare,121,Partner,3,0,1,1,0,1,3,6,10,1,0,0,0
00Q000000001145,Aarav Reddy,BlueWorks,IT Manager,Manager,Other,290,Web,5,1,3,2,1,3,2,7,15,0,0,0,0
00Q000000001146,Pooja Sharma,ZenSystems,Engineer,Individual,Retail,26,Paid Ad,0,0,5,1,0,1,1,22,71,1,1,0,0
00Q000000001147,Isha Verma,ZenIndustries,VP Sales,VP,Finance,133,Cold Outbound,2,0,3,0,0,1,2,22,8,0,0,1,0
00Q000000001148,Kavya Verma,ZenSolutions,Coordinator,Individual,Technology,156,Web,8,2,5,3,2,1,1,20,93,1,1,0,1
00Q000000001149,Neha Nair,HelixLabs,Head of Ops,Director,Education,13,Paid Ad,3,1,4,1,0,2,2,2,67,1,0,1,1
00Q000000001150,Sanjay Singh,BlueIndustries,CEO,C-Level,Healthcare,202,Web,3,2,4,0,0,0,0,34,56,1,0,1,0
00Q000000001151,Sanjay Joshi,CobaltWorks,Director of IT,Director,Technology,15,Cold Outbound,0,1,2,1,1,4,1,3,24,1,0,0,0
00Q000000001152,Karan Das,LumenIndustries,Engineer,Individual,Technology,52,Web,3,0,4,1,0,0,0,3,51,0,0,0,0
00Q000000001153,Meera Joshi,BlueSolutions,VP Marketing,VP,Other,105,Referral,7,0,2,0,0,1,1,17,81,1,1,0,0
00Q000000001154,Neha Das,ApexGroup,Head of Ops,Director,Finance,33,Cold Outbound,0,1,3,1,1,1,0,4,114,1,0,0,0
00Q000000001155,Dev Malhotra,QuantaNetworks,Ops Manager,Manager,Other,112,Paid Ad,1,2,2,0,2,2,0,17,97,0,0,0,0
00Q000000001156,Dev Gupta,VertexLabs,Head of Ops,Director,Retail,109,Web,1,0,1,0,0,0,1,4,98,1,0,0,0
00Q000000001157,Arjun Das,VertexLabs,VP Engineering,VP,Finance,29,Partner,6,2,4,0,0,2,2,5,18,1,0,0,1
00Q000000001158,Neha Bose,LumenSolutions,Sales Manager,Manager,Healthcare,233,Cold Outbound,2,1,0,0,0,1,0,90,93,1,1,0,0
00Q000000001159,Aarav Joshi,BlueSolutions,Ops Manager,Manager,Retail,31,Event,0,0,3,0,0,0,0,23,54,1,0,0,0
00Q000000001160,Ananya Bose,QuantaSolutions,Ops Manager,Manager,Healthcare,3077,Web,0,0,1,0,1,1,0,12,12,1,0,0,0
00Q000000001161,Vikram Sharma,HelixGroup,Analyst,Individual,Technology,84,Web,2,1,4,1,0,1,0,13,69,1,0,0,0
00Q000000001162,Sneha Iyer,NovaPartners,Director of Sales,Director,Technology,17,Cold Outbound,3,0,0,0,0,1,0,1,47,1,0,0,0
00Q000000001163,Karan Bose,ZenPartners,Coordinator,Individual,Education,22,Web,0,1,1,0,0,2,0,12,53,1,0,0,0
00Q000000001164,Rohan Singh,NovaLabs,Sales Manager,Manager,Retail,556,Referral,1,0,1,1,0,2,0,4,76,0,0,0,1
00Q000000001165,Amit Verma,QuantaLabs,IT Manager,Manager,Manufacturing,53,Web,2,2,0,0,0,3,0,9,112,1,0,0,0
00Q000000001166,Sanjay Verma,VertexPartners,Analyst,Individual,Finance,12,Web,10,4,11,1,0,4,4,1,68,0,0,1,1
00Q000000001167,Karan Gupta,OrbitSystems,Ops Manager,Manager,Healthcare,358,Paid Ad,4,2,5,1,0,1,5,6,112,1,1,1,1
00Q000000001168,Karan Nair,BlueWorks,Director of IT,Director,Education,53,Event,1,0,0,0,0,0,0,1,65,1,0,0,0
00Q000000001169,Vikram Das,OrbitWorks,Sales Manager,Manager,Technology,265,Web,2,0,3,1,0,0,1,9,101,0,0,0,0
00Q000000001170,Sanjay Iyer,SummitHealth,Analyst,Individual,Other,404,Web,0,0,1,1,0,0,1,43,23,0,0,0,0
00Q000000001171,Isha Reddy,BlueSolutions,VP Marketing,VP,Education,150,Web,0,0,0,0,1,0,1,41,8,1,0,0,0
00Q000000001172,Meera Mehta,ZenGroup,CTO,C-Level,Finance,3618,Web,1,1,3,1,1,3,1,8,112,1,0,1,1
00Q000000001173,Nikhil Bose,OrbitSystems,IT Manager,Manager,Education,7,Web,0,0,2,0,0,1,1,31,114,1,0,0,0
00Q000000001174,Dev Mehta,QuantaNetworks,IT Manager,Manager,Retail,29,Partner,2,2,3,2,0,2,0,8,96,1,0,0,1
00Q000000001175,Rahul Mehta,LumenHealth,Coordinator,Individual,Retail,67,Web,1,1,1,0,0,0,0,16,91,1,0,0,0
00Q000000001176,Aarav Malhotra,ZenLabs,Analyst,Individual,Technology,2956,Referral,2,0,2,0,0,1,1,5,50,1,1,0,1
00Q000000001177,Rohan Rao,OrbitDynamics,IT Manager,Manager,Other,1475,Paid Ad,2,1,2,0,0,2,1,7,82,0,0,0,0
00Q000000001178,Kavya Nair,OrbitSolutions,COO,C-Level,Healthcare,687,Partner,3,2,3,0,0,0,0,20,22,0,0,0,1
00Q000000001179,Riya Mehta,NovaSystems,Director of Sales,Director,Education,30,Paid Ad,4,1,7,1,0,1,2,14,48,1,0,0,0
00Q000000001180,Nikhil Malhotra,LumenSystems,Sales Manager,Manager,Finance,36,Cold Outbound,0,1,3,0,0,2,0,69,4,1,0,0,0
00Q000000001181,Dev Patel,ApexLabs,COO,C-Level,Finance,28,Web,6,3,3,1,0,2,0,14,119,1,0,0,1
00Q000000001182,Meera Kapoor,OrbitSolutions,IT Manager,Manager,Other,30,Web,0,0,1,0,1,1,0,4,44,1,0,0,0
00Q000000001183,Vikram Bose,CobaltNetworks,Coordinator,Individual,Healthcare,933,Web,4,1,3,1,0,4,0,1,12,1,0,0,0
00Q000000001184,Isha Rao,ZenDynamics,Ops Manager,Manager,Technology,69,Web,4,0,1,1,0,1,0,14,11,1,0,0,0
00Q000000001185,Neha Bose,NovaLabs,Analyst,Individual,Education,84,Cold Outbound,1,0,3,0,0,3,0,26,109,1,0,0,0
00Q000000001186,Meera Patel,LumenPartners,VP Engineering,VP,Technology,317,Paid Ad,2,1,0,0,0,3,1,10,13,1,0,0,1
00Q000000001187,Arjun Gupta,PioneerHealth,Sales Manager,Manager,Education,8,Partner,2,2,2,0,0,1,0,33,112,1,0,0,1
00Q000000001188,Rohan Das,ZenPartners,Director of IT,Director,Other,107,Cold Outbound,2,0,1,0,1,1,2,8,107,1,1,1,1
00Q000000001189,Sneha Verma,QuantaWorks,IT Manager,Manager,Technology,19,Cold Outbound,3,1,2,0,0,1,2,22,70,0,0,0,0
00Q000000001190,Arjun Kapoor,SummitSolutions,VP Marketing,VP,Manufacturing,63,Event,5,0,6,1,2,0,2,6,100,0,0,0,0
00Q000000001191,Meera Bose,CobaltWorks,Director of IT,Director,Other,41,Cold Outbound,5,0,6,1,0,0,2,7,82,1,0,0,0
00Q000000001192,Karan Reddy,HelixWorks,Sales Manager,Manager,Other,38,Event,3,0,5,0,0,0,0,28,108,1,1,0,0
00Q000000001193,Aarav Rao,ApexSolutions,Coordinator,Individual,Manufacturing,139,Web,3,1,5,0,0,1,0,47,31,1,1,0,0
00Q000000001194,Rahul Patel,SummitDynamics,VP Sales,VP,Retail,138,Paid Ad,6,4,8,1,2,2,2,4,83,0,0,0,1
00Q000000001195,Rohan Nair,ZenNetworks,Sales Manager,Manager,Manufacturing,71,Cold Outbound,9,1,1,1,4,2,1,8,10,1,0,0,1
00Q000000001196,Ananya Joshi,CobaltPartners,Analyst,Individual,Technology,173,Partner,2,1,1,0,0,0,0,21,108,1,0,0,0
00Q000000001197,Amit Sharma,CobaltHealth,VP Sales,VP,Retail,27,Event,2,0,1,0,0,2,0,10,37,1,0,0,1
00Q000000001198,Aarav Mehta,PioneerGroup,Engineer,Individual,Finance,276,Cold Outbound,0,1,6,1,0,1,0,2,56,1,0,0,0
00Q000000001199,Sneha Das,HelixSystems,Sales Manager,Manager,Finance,73,Event,1,0,2,0,2,1,1,35,99,1,0,0,0
00Q000000001200,Aarav Malhotra,PioneerNetworks,IT Manager,Manager,Healthcare,48,Paid Ad,4,0,1,0,0,1,0,56,25,1,0,0,0
00Q000000001201,Vikram Reddy,CobaltLabs,Sales Manager,Manager,Education,30,Referral,0,1,2,0,1,0,0,11,40,0,1,0,0
00Q000000001202,Amit Joshi,QuantaHealth,Ops Manager,Manager,Technology,69,Web,4,1,3,0,3,2,0,5,119,1,0,0,1
00Q000000001203,Riya Bose,NovaHealth,Engineer,Individual,Finance,1645,Referral,2,0,4,0,0,1,2,24,87,0,0,0,1
00Q000000001204,Karan Das,LumenWorks,Coordinator,Individual,Technology,90,Cold Outbound,2,1,2,0,1,0,2,5,6,0,0,0,0
00Q000000001205,Ananya Das,SummitSystems,Analyst,Individual,Technology,17,Cold Outbound,1,0,1,0,0,0,0,16,1,1,0,0,0
00Q000000001206,Vikram Joshi,OrbitHealth,Coordinator,Individual,Other,394,Web,0,0,1,0,0,0,0,16,92,1,0,0,0
00Q000000001207,Karan Iyer,HelixSolutions,CTO,C-Level,Healthcare,49,Web,1,1,0,0,0,0,1,13,104,1,0,0,0
00Q000000001208,Rohan Nair,SummitPartners,IT Manager,Manager,Technology,152,Web,12,4,12,2,2,5,0,10,43,0,0,0,1
00Q000000001209,Rohan Singh,CobaltDynamics,IT Manager,Manager,Other,40,Partner,5,0,1,0,0,2,2,11,94,1,0,0,0
00Q000000001210,Meera Iyer,QuantaGroup,IT Manager,Manager,Technology,679,Paid Ad,5,1,3,1,2,0,2,6,94,0,1,0,1
00Q000000001211,Isha Mehta,ZenIndustries,Director of IT,Director,Healthcare,41,Paid Ad,1,0,4,1,0,3,1,6,69,1,0,0,0
00Q000000001212,Amit Reddy,VertexHealth,Analyst,Individual,Education,809,Web,0,0,2,1,0,0,0,8,43,1,0,0,0
00Q000000001213,Nikhil Joshi,OrbitNetworks,Engineer,Individual,Retail,20,Web,3,0,3,0,0,2,0,8,65,0,0,0,0
00Q000000001214,Aarav Khan,SummitGroup,Head of Ops,Director,Technology,64,Cold Outbound,1,0,0,0,0,0,0,18,103,1,0,0,0
00Q000000001215,Sneha Sharma,SummitLabs,Ops Manager,Manager,Retail,812,Paid Ad,1,0,1,0,0,1,0,28,100,1,0,0,0
00Q000000001216,Pooja Patel,NovaDynamics,Head of Ops,Director,Manufacturing,128,Web,3,0,0,0,0,2,1,9,57,0,0,0,0
00Q000000001217,Ananya Nair,BlueSolutions,VP Marketing,VP,Retail,3002,Web,1,0,0,0,0,0,1,41,13,1,0,0,0
00Q000000001218,Ananya Kapoor,CobaltSystems,VP Sales,VP,Finance,66,Web,5,0,1,0,1,1,0,32,40,1,0,0,0
00Q000000001219,Sanjay Kapoor,QuantaNetworks,Analyst,Individual,Education,146,Web,0,1,9,0,1,1,1,23,47,1,0,1,1
00Q000000001220,Rohan Bose,LumenGroup,Engineer,Individual,Manufacturing,1733,Web,7,0,3,0,0,3,1,16,92,1,0,0,0
00Q000000001221,Dev Mehta,NovaGroup,Analyst,Individual,Retail,10,Paid Ad,6,2,8,4,1,2,2,8,113,0,0,1,1
00Q000000001222,Nikhil Sharma,VertexDynamics,Director of Sales,Director,Other,8,Web,3,4,3,0,2,0,1,16,40,1,0,0,0
00Q000000001223,Amit Khan,SummitIndustries,VP Marketing,VP,Education,30,Event,2,1,4,0,0,3,1,12,40,1,0,0,1
00Q000000001224,Kavya Mehta,NovaNetworks,COO,C-Level,Education,336,Paid Ad,5,1,1,1,0,0,3,27,24,1,0,0,1
00Q000000001225,Dev Malhotra,CobaltDynamics,Analyst,Individual,Finance,8,Referral,1,1,3,0,1,4,2,2,110,0,0,0,0
00Q000000001226,Vikram Joshi,BlueNetworks,VP Sales,VP,Technology,243,Event,0,1,2,1,0,0,3,3,57,0,1,0,1
00Q000000001227,Sanjay Bose,NovaIndustries,IT Manager,Manager,Manufacturing,219,Cold Outbound,2,1,1,1,1,1,2,5,40,0,0,1,0
00Q000000001228,Arjun Singh,PioneerDynamics,VP Engineering,VP,Technology,2041,Web,2,1,5,0,0,1,2,29,55,0,0,0,1
00Q000000001229,Divya Iyer,LumenWorks,IT Manager,Manager,Retail,477,Partner,1,0,2,0,0,1,1,1,95,0,0,0,1
00Q000000001230,Divya Khan,VertexNetworks,Analyst,Individual,Retail,171,Web,1,1,2,1,0,4,0,31,73,1,0,0,0
00Q000000001231,Pooja Iyer,ZenSystems,Engineer,Individual,Manufacturing,764,Web,3,0,2,0,0,0,0,12,110,1,0,0,0
00Q000000001232,Neha Joshi,VertexNetworks,CTO,C-Level,Technology,223,Web,1,0,1,0,0,0,0,14,1,1,0,0,0
00Q000000001233,Vikram Reddy,BluePartners,Sales Manager,Manager,Education,49,Paid Ad,1,0,3,0,2,1,2,11,7,1,0,0,0
00Q000000001234,Isha Joshi,OrbitIndustries,IT Manager,Manager,Manufacturing,17,Event,1,1,3,0,0,1,0,1,83,0,0,0,0
00Q000000001235,Dev Patel,OrbitGroup,Ops Manager,Manager,Manufacturing,42,Partner,1,0,1,0,0,2,0,7,51,1,1,0,0
00Q000000001236,Ananya Das,BlueHealth,Sales Manager,Manager,Manufacturing,93,Web,2,0,3,0,0,2,1,13,51,1,0,0,0
00Q000000001237,Neha Verma,CobaltSystems,CTO,C-Level,Technology,129,Paid Ad,2,0,2,2,0,1,1,15,8,1,0,0,1
00Q000000001238,Nikhil Iyer,PioneerPartners,Analyst,Individual,Retail,4,Web,3,1,2,0,1,3,1,15,62,1,1,0,0
00Q000000001239,Kavya Kapoor,ApexWorks,Coordinator,Individual,Technology,71,Web,7,2,7,2,1,1,3,5,33,1,0,1,1
00Q000000001240,Ananya Rao,NovaWorks,Head of Ops,Director,Manufacturing,103,Paid Ad,5,2,3,0,1,0,0,19,110,0,0,0,1
00Q000000001241,Priya Das,BlueHealth,Sales Manager,Manager,Technology,226,Web,0,0,0,0,0,5,0,12,110,0,0,0,1
00Q000000001242,Priya Nair,HelixIndustries,Engineer,Individual,Technology,1141,Referral,2,2,6,1,0,0,0,6,43,1,0,0,1
00Q000000001243,Nikhil Gupta,SummitIndustries,Engineer,Individual,Technology,131,Paid Ad,1,2,2,1,0,3,0,18,84,1,0,0,0
00Q000000001244,Riya Sharma,LumenPartners,Engineer,Individual,Technology,25,Paid Ad,2,0,4,1,1,1,0,3,38,1,1,0,0
00Q000000001245,Pooja Iyer,BlueNetworks,Analyst,Individual,Other,6,Paid Ad,3,2,4,1,0,3,1,13,68,1,0,0,0
00Q000000001246,Meera Iyer,BlueIndustries,Engineer,Individual,Education,278,Web,3,1,2,0,0,1,0,8,70,0,0,0,0
00Q000000001247,Rohan Sharma,ZenSolutions,Coordinator,Individual,Technology,27,Web,1,0,0,0,0,1,0,14,62,1,0,0,0
00Q000000001248,Meera Mehta,QuantaNetworks,Head of Ops,Director,Technology,365,Referral,3,2,0,0,0,0,0,14,91,0,0,0,1
00Q000000001249,Pooja Das,SummitNetworks,VP Sales,VP,Education,809,Web,2,1,1,0,0,1,0,27,76,0,0,0,0
00Q000000001250,Aarav Joshi,QuantaWorks,VP Engineering,VP,Technology,9,Referral,3,2,3,1,0,2,1,7,73,1,1,1,0
00Q000000001251,Isha Kapoor,LumenDynamics,IT Manager,Manager,Healthcare,228,Referral,6,3,8,5,0,3,2,5,103,0,0,0,1
00Q000000001252,Rahul Sharma,QuantaNetworks,Sales Manager,Manager,Technology,691,Event,0,0,1,0,0,2,0,18,15,1,0,0,0
00Q000000001253,Sneha Rao,LumenWorks,CFO,C-Level,Manufacturing,458,Event,4,2,4,2,0,0,1,9,100,1,0,0,1
00Q000000001254,Amit Khan,ZenPartners,Director of IT,Director,Other,4,Web,2,0,2,0,0,1,0,5,36,1,0,0,0
00Q000000001255,Aarav Malhotra,CobaltHealth,Sales Manager,Manager,Technology,27,Referral,1,2,1,0,1,0,1,27,115,1,1,0,0
00Q000000001256,Ananya Reddy,OrbitSystems,Engineer,Individual,Other,14,Web,4,1,3,0,1,3,0,3,105,1,1,0,0
00Q000000001257,Divya Bose,OrbitWorks,Ops Manager,Manager,Education,218,Web,1,0,2,0,0,2,1,24,21,1,0,0,1
00Q000000001258,Karan Sharma,PioneerGroup,Sales Manager,Manager,Other,184,Partner,4,4,1,1,2,4,1,8,58,1,0,0,1
00Q000000001259,Rohan Malhotra,OrbitHealth,Sales Manager,Manager,Retail,2,Web,2,0,2,0,0,0,1,17,10,1,0,0,0
00Q000000001260,Isha Reddy,HelixWorks,Analyst,Individual,Education,63,Web,3,2,7,0,0,1,0,18,31,1,1,1,1
00Q000000001261,Arjun Iyer,ApexIndustries,COO,C-Level,Manufacturing,330,Cold Outbound,1,0,2,0,1,2,0,12,94,1,0,0,0
00Q000000001262,Vikram Mehta,SummitPartners,IT Manager,Manager,Education,124,Event,6,1,6,0,0,1,3,56,68,0,0,1,0
00Q000000001263,Sanjay Malhotra,HelixNetworks,Sales Manager,Manager,Technology,123,Web,4,1,2,1,0,1,2,10,117,0,0,0,0
00Q000000001264,Aarav Iyer,SummitHealth,Analyst,Individual,Retail,57,Partner,3,0,1,0,0,2,1,1,32,1,0,0,1
00Q000000001265,Kavya Sharma,HelixDynamics,Director of Sales,Director,Manufacturing,20,Paid Ad,5,1,1,1,0,0,0,7,9,1,1,0,0
00Q000000001266,Neha Reddy,PioneerPartners,Director of Sales,Director,Technology,96,Cold Outbound,0,0,0,0,1,1,0,47,114,1,0,0,0
00Q000000001267,Rahul Verma,OrbitGroup,Analyst,Individual,Finance,107,Cold Outbound,4,0,1,0,0,2,1,54,42,1,0,0,0
00Q000000001268,Nikhil Das,LumenSolutions,Sales Manager,Manager,Technology,250,Paid Ad,3,0,1,1,0,0,0,51,66,1,1,0,0
00Q000000001269,Pooja Das,HelixNetworks,Director of IT,Director,Healthcare,282,Web,2,1,5,0,0,1,1,29,32,0,0,0,0
00Q000000001270,Kavya Reddy,LumenPartners,VP Engineering,VP,Technology,113,Event,8,0,2,2,2,4,2,5,98,1,0,1,1
00Q000000001271,Divya Das,ZenWorks,Analyst,Individual,Finance,514,Web,7,2,2,1,0,3,1,4,20,1,0,1,1
00Q000000001272,Divya Singh,BlueDynamics,VP Marketing,VP,Finance,56,Paid Ad,2,0,4,0,0,0,1,64,95,1,0,0,0
00Q000000001273,Dev Verma,PioneerSolutions,Ops Manager,Manager,Manufacturing,11,Cold Outbound,6,2,1,0,0,1,0,14,30,0,0,1,0
00Q000000001274,Karan Nair,HelixDynamics,Engineer,Individual,Technology,203,Web,3,0,3,0,0,1,2,9,71,1,0,0,1
00Q000000001275,Karan Bose,NovaNetworks,Analyst,Individual,Finance,120,Cold Outbound,0,1,5,0,0,3,2,22,12,0,0,0,0
00Q000000001276,Dev Rao,HelixNetworks,Engineer,Individual,Finance,209,Paid Ad,1,2,3,0,0,0,0,3,29,1,0,1,0
00Q000000001277,Sneha Sharma,VertexHealth,Analyst,Individual,Healthcare,14,Web,5,1,4,0,1,0,3,2,93,1,0,0,1
00Q000000001278,Pooja Iyer,ZenSystems,Sales Manager,Manager,Technology,1460,Cold Outbound,1,1,1,1,0,2,1,2,55,1,0,0,0
00Q000000001279,Sneha Reddy,ApexSolutions,Head of Ops,Director,Other,288,Paid Ad,4,1,4,1,0,1,1,11,114,1,0,0,1
00Q000000001280,Isha Reddy,CobaltDynamics,Analyst,Individual,Finance,64,Event,2,2,3,3,0,2,2,14,41,1,1,0,0
00Q000000001281,Dev Nair,BlueSystems,CFO,C-Level,Finance,24,Event,0,0,1,0,0,1,0,28,8,1,0,0,1
00Q000000001282,Vikram Khan,QuantaLabs,Analyst,Individual,Manufacturing,500,Web,0,1,1,0,0,0,0,5,33,1,0,0,0
00Q000000001283,Riya Joshi,SummitPartners,IT Manager,Manager,Education,19,Web,8,1,5,0,0,3,0,9,90,1,1,0,1
00Q000000001284,Rahul Patel,ApexLabs,CEO,C-Level,Healthcare,2957,Paid Ad,2,3,0,0,0,2,0,5,66,0,0,0,1
00Q000000001285,Karan Mehta,NovaGroup,VP Engineering,VP,Finance,39,Cold Outbound,4,0,4,1,0,1,0,3,72,0,0,0,0
00Q000000001286,Priya Iyer,BlueHealth,Director of Sales,Director,Manufacturing,1313,Paid Ad,0,1,2,1,0,0,1,5,13,1,0,0,1
00Q000000001287,Ananya Sharma,NovaWorks,Director of Sales,Director,Healthcare,75,Cold Outbound,4,0,1,0,1,3,0,24,49,0,0,0,0
00Q000000001288,Arjun Patel,VertexDynamics,Coordinator,Individual,Healthcare,1065,Cold Outbound,7,3,1,1,2,3,1,6,7,0,0,1,1
00Q000000001289,Amit Kapoor,ZenHealth,Engineer,Individual,Other,33,Web,6,0,1,1,0,2,2,17,41,1,1,0,0
00Q000000001290,Rohan Bose,NovaLabs,Sales Manager,Manager,Other,102,Partner,1,0,4,0,0,0,0,60,87,1,0,0,0
00Q000000001291,Vikram Singh,LumenGroup,Engineer,Individual,Manufacturing,332,Partner,1,0,1,1,0,2,0,12,83,1,0,0,0
00Q000000001292,Sanjay Bose,OrbitLabs,Sales Manager,Manager,Technology,268,Referral,2,1,0,0,0,2,2,33,1,0,1,0,1
00Q000000001293,Sanjay Sharma,QuantaIndustries,Engineer,Individual,Manufacturing,518,Event,1,0,0,0,0,0,0,14,7,1,0,0,0
00Q000000001294,Riya Mehta,OrbitSolutions,VP Marketing,VP,Other,47,Partner,2,0,2,0,0,4,1,7,2,1,1,0,0
00Q000000001295,Pooja Rao,CobaltWorks,VP Engineering,VP,Other,112,Cold Outbound,6,4,1,1,1,0,1,9,8,0,0,0,1
00Q000000001296,Rahul Nair,CobaltNetworks,VP Marketing,VP,Technology,647,Cold Outbound,3,1,0,0,0,1,0,17,80,1,0,0,0
00Q000000001297,Aarav Joshi,PioneerSolutions,Director of Sales,Director,Technology,34,Event,2,1,1,0,0,0,1,17,86,1,0,0,0
00Q000000001298,Vikram Nair,HelixIndustries,Coordinator,Individual,Technology,234,Partner,1,0,1,0,0,0,2,4,40,1,0,0,1
00Q000000001299,Pooja Rao,SummitHealth,Analyst,Individual,Education,71,Event,2,0,2,0,0,3,0,34,87,1,1,0,0
00Q000000001300,Divya Khan,ApexPartners,Director of IT,Director,Healthcare,135,Cold Outbound,2,2,2,0,0,0,0,5,5,1,0,0,1
00Q000000001301,Vikram Iyer,BlueDynamics,Director of IT,Director,Finance,112,Paid Ad,2,1,0,0,1,0,1,20,20,1,0,0,0
00Q000000001302,Dev Kapoor,OrbitLabs,IT Manager,Manager,Finance,30,Cold Outbound,4,3,1,1,0,2,1,9,119,1,0,0,0
00Q000000001303,Rahul Reddy,PioneerHealth,IT Manager,Manager,Finance,67,Cold Outbound,2,3,2,2,0,0,0,24,46,1,0,0,1
00Q000000001304,Divya Sharma,ApexGroup,Sales Manager,Manager,Other,123,Referral,2,0,1,0,0,1,0,21,33,1,1,0,0
00Q000000001305,Vikram Rao,OrbitGroup,Coordinator,Individual,Healthcare,85,Cold Outbound,2,0,0,0,0,0,0,16,94,1,1,0,0
00Q000000001306,Neha Khan,SummitSystems,Ops Manager,Manager,Finance,1052,Paid Ad,2,1,0,0,0,0,0,2,9,0,0,0,0
00Q000000001307,Aarav Gupta,NovaHealth,Sales Manager,Manager,Retail,452,Web,7,3,4,2,0,2,0,11,6,0,0,0,1
00Q000000001308,Priya Reddy,LumenIndustries,Head of Ops,Director,Manufacturing,153,Web,1,0,0,0,0,0,0,83,26,1,0,0,0
00Q000000001309,Amit Singh,HelixLabs,CEO,C-Level,Retail,31,Paid Ad,1,0,2,0,0,0,0,4,51,1,0,0,0
00Q000000001310,Aarav Malhotra,NovaSolutions,IT Manager,Manager,Education,28,Web,0,1,2,1,0,0,0,21,95,1,0,0,0
00Q000000001311,Meera Bose,OrbitGroup,Director of Sales,Director,Technology,1921,Web,4,2,4,0,1,4,0,10,60,1,0,0,1
00Q000000001312,Sneha Khan,ZenPartners,VP Sales,VP,Technology,21,Paid Ad,1,0,3,0,0,2,1,34,107,1,1,0,0
00Q000000001313,Rahul Nair,ZenSystems,Engineer,Individual,Technology,118,Web,2,1,7,2,0,1,0,5,81,1,0,0,0
00Q000000001314,Riya Reddy,VertexWorks,Director of IT,Director,Retail,170,Event,3,1,5,0,1,1,1,16,115,0,0,0,0
00Q000000001315,Sneha Bose,ZenGroup,IT Manager,Manager,Other,62,Partner,5,4,7,2,2,1,0,3,75,1,0,0,1
00Q000000001316,Ananya Iyer,BlueDynamics,Sales Manager,Manager,Finance,22,Web,3,2,0,0,0,0,2,4,82,0,1,0,0
00Q000000001317,Dev Joshi,ApexSystems,Analyst,Individual,Education,30,Paid Ad,4,1,6,1,1,2,0,4,15,1,0,0,1
00Q000000001318,Nikhil Bose,QuantaIndustries,VP Sales,VP,Retail,43,Web,1,0,1,0,0,1,1,15,2,1,0,0,0
00Q000000001319,Divya Khan,BlueDynamics,CFO,C-Level,Other,34,Cold Outbound,2,1,1,1,2,1,0,10,62,1,0,0,0
00Q000000001320,Pooja Verma,VertexWorks,Coordinator,Individual,Healthcare,728,Event,2,0,0,0,0,2,1,15,35,1,1,0,0
00Q000000001321,Rahul Sharma,LumenDynamics,Analyst,Individual,Technology,98,Partner,2,2,0,0,0,1,0,8,102,1,0,0,0
00Q000000001322,Ananya Patel,BlueDynamics,Analyst,Individual,Retail,45,Paid Ad,4,0,1,0,1,2,0,7,29,1,0,0,0
00Q000000001323,Amit Nair,BlueNetworks,Director of Sales,Director,Education,116,Cold Outbound,0,1,2,0,0,0,1,5,86,1,0,0,0
00Q000000001324,Kavya Joshi,VertexDynamics,Sales Manager,Manager,Retail,270,Event,4,1,4,0,0,0,2,1,2,1,0,0,0
00Q000000001325,Arjun Singh,PioneerHealth,Coordinator,Individual,Education,59,Event,4,5,9,1,1,5,3,2,34,1,0,0,1
00Q000000001326,Isha Gupta,ZenLabs,VP Sales,VP,Finance,384,Web,2,0,7,0,1,0,1,2,16,1,0,0,0
00Q000000001327,Rohan Iyer,HelixNetworks,Sales Manager,Manager,Retail,14,Paid Ad,1,0,3,1,0,0,1,68,29,1,1,0,0
00Q000000001328,Dev Bose,SummitLabs,IT Manager,Manager,Finance,576,Paid Ad,0,1,2,0,0,2,1,14,100,1,0,0,0
00Q000000001329,Karan Khan,OrbitWorks,IT Manager,Manager,Healthcare,98,Paid Ad,3,1,7,1,1,1,2,14,77,0,1,0,0
00Q000000001330,Ananya Iyer,HelixSystems,Sales Manager,Manager,Finance,92,Web,3,0,0,0,0,0,0,23,30,1,1,0,0
00Q000000001331,Amit Verma,SummitSolutions,Sales Manager,Manager,Technology,35,Paid Ad,1,1,1,1,0,1,0,8,49,0,0,0,0
00Q000000001332,Amit Das,OrbitLabs,Engineer,Individual,Technology,15,Event,4,1,4,1,1,1,0,4,95,0,0,1,1
00Q000000001333,Dev Nair,SummitWorks,IT Manager,Manager,Retail,8,Paid Ad,4,0,4,0,0,2,0,1,21,1,0,0,0
00Q000000001334,Ananya Patel,QuantaSystems,VP Sales,VP,Education,31,Paid Ad,4,0,5,0,1,0,0,4,42,1,0,0,1
00Q000000001335,Vikram Mehta,HelixLabs,Sales Manager,Manager,Finance,240,Referral,2,2,4,0,1,2,0,2,1,1,1,0,1
00Q000000001336,Ananya Verma,HelixHealth,VP Marketing,VP,Healthcare,23,Event,5,1,2,1,0,0,0,1,28,1,0,0,0
00Q000000001337,Rohan Verma,ZenSolutions,Ops Manager,Manager,Technology,9,Event,1,1,7,0,0,3,4,12,106,1,1,1,1
00Q000000001338,Aarav Kapoor,ZenNetworks,Director of IT,Director,Healthcare,25,Partner,3,4,9,2,1,4,3,2,89,1,0,0,1
00Q000000001339,Pooja Nair,VertexWorks,Coordinator,Individual,Finance,55,Partner,3,1,0,0,0,1,1,28,101,1,0,0,0
00Q000000001340,Kavya Reddy,BlueIndustries,Head of Ops,Director,Manufacturing,59,Referral,0,0,1,0,1,2,1,33,1,1,1,0,0
00Q000000001341,Amit Kapoor,HelixIndustries,Coordinator,Individual,Other,81,Web,4,1,2,0,0,0,1,42,105,0,0,0,0
00Q000000001342,Aarav Iyer,PioneerSolutions,Coordinator,Individual,Manufacturing,468,Paid Ad,3,0,2,1,0,3,0,21,63,1,0,0,0
00Q000000001343,Sneha Rao,HelixNetworks,Engineer,Individual,Retail,647,Partner,1,1,1,0,0,2,0,14,61,1,0,0,0
00Q000000001344,Rahul Iyer,PioneerIndustries,Analyst,Individual,Retail,2014,Web,4,0,2,0,0,0,1,11,75,1,0,0,0
00Q000000001345,Rohan Kapoor,PioneerHealth,CEO,C-Level,Technology,8,Event,5,4,11,2,2,2,1,2,23,1,0,1,1
00Q000000001346,Meera Gupta,PioneerSolutions,CTO,C-Level,Finance,27,Referral,3,1,2,0,2,2,0,24,86,1,0,0,1
00Q000000001347,Sneha Singh,ApexSolutions,Director of Sales,Director,Technology,283,Partner,2,0,0,0,0,0,0,4,59,1,0,0,1
00Q000000001348,Sanjay Gupta,QuantaSolutions,Coordinator,Individual,Healthcare,50,Web,3,2,7,0,1,2,3,6,12,1,0,0,0
00Q000000001349,Sneha Patel,VertexPartners,VP Marketing,VP,Other,361,Partner,1,1,0,0,0,0,0,10,51,0,0,0,1
00Q000000001350,Amit Gupta,ApexLabs,Director of Sales,Director,Healthcare,135,Paid Ad,2,2,2,0,0,1,0,10,22,1,0,0,0
00Q000000001351,Isha Iyer,ApexDynamics,Sales Manager,Manager,Healthcare,1062,Cold Outbound,3,2,4,0,0,0,0,1,79,1,0,1,0
00Q000000001352,Riya Kapoor,SummitIndustries,Sales Manager,Manager,Technology,475,Cold Outbound,2,0,2,0,0,1,0,13,118,1,1,0,0
00Q000000001353,Sneha Rao,LumenLabs,Director of Sales,Director,Finance,488,Event,0,1,2,1,1,2,2,6,118,1,0,0,1
00Q000000001354,Ananya Gupta,NovaHealth,Engineer,Individual,Other,53,Paid Ad,5,2,6,2,3,4,2,13,95,1,0,0,1
00Q000000001355,Aarav Gupta,HelixHealth,Sales Manager,Manager,Finance,85,Paid Ad,3,0,2,1,0,0,1,20,25,0,0,0,0
00Q000000001356,Rohan Malhotra,LumenLabs,Director of IT,Director,Retail,62,Cold Outbound,0,1,1,0,0,0,1,4,39,1,0,0,0
00Q000000001357,Isha Sharma,ZenSolutions,Coordinator,Individual,Technology,10,Event,3,1,1,1,0,0,1,28,87,1,1,0,0
00Q000000001358,Isha Patel,ApexIndustries,Sales Manager,Manager,Technology,904,Web,0,1,1,0,1,2,1,5,87,1,1,0,0
00Q000000001359,Amit Mehta,VertexSolutions,Ops Manager,Manager,Finance,304,Cold Outbound,2,2,2,1,0,2,1,6,55,1,0,0,0
00Q000000001360,Amit Sharma,LumenWorks,Director of Sales,Director,Other,59,Web,5,0,3,0,0,2,2,11,34,1,0,0,0
00Q000000001361,Meera Iyer,HelixLabs,CEO,C-Level,Technology,704,Cold Outbound,6,4,2,1,0,1,1,11,93,1,0,0,0
00Q000000001362,Vikram Mehta,VertexGroup,VP Sales,VP,Retail,38,Web,1,0,1,0,0,0,0,5,76,1,0,0,0
00Q000000001363,Sanjay Patel,QuantaSystems,Director of IT,Director,Technology,6,Event,2,1,3,0,1,2,0,10,19,1,0,0,0
00Q000000001364,Divya Malhotra,NovaSolutions,IT Manager,Manager,Manufacturing,450,Cold Outbound,2,1,0,0,0,0,0,8,3,0,0,0,0
00Q000000001365,Nikhil Reddy,LumenLabs,Director of IT,Director,Manufacturing,14,Paid Ad,2,3,4,1,2,1,1,4,53,1,0,0,1
00Q000000001366,Priya Verma,ApexSolutions,Ops Manager,Manager,Manufacturing,74,Paid Ad,1,1,2,0,0,0,2,4,49,1,0,0,0
00Q000000001367,Sanjay Singh,VertexDynamics,Coordinator,Individual,Finance,135,Referral,8,1,4,3,1,1,2,7,40,0,0,0,1
00Q000000001368,Divya Joshi,HelixGroup,Director of Sales,Director,Technology,177,Referral,4,5,6,2,1,1,0,12,19,0,0,0,1
00Q000000001369,Vikram Kapoor,BlueDynamics,Director of IT,Director,Other,355,Web,2,3,3,1,0,1,3,1,53,0,0,1,1
00Q000000001370,Priya Iyer,HelixPartners,IT Manager,Manager,Manufacturing,237,Paid Ad,4,1,0,0,0,0,0,5,37,0,0,0,0
00Q000000001371,Rohan Singh,NovaWorks,VP Engineering,VP,Technology,226,Event,2,2,5,0,1,0,1,2,110,1,0,0,1
00Q000000001372,Riya Bose,OrbitHealth,Head of Ops,Director,Healthcare,30,Web,3,2,3,1,2,2,0,11,26,1,0,0,0
00Q000000001373,Sneha Rao,HelixNetworks,Sales Manager,Manager,Technology,154,Event,3,1,3,0,0,0,0,24,66,1,1,0,0
00Q000000001374,Dev Verma,PioneerIndustries,Coordinator,Individual,Healthcare,10,Cold Outbound,2,0,2,0,0,1,1,10,26,0,0,0,0
00Q000000001375,Pooja Joshi,SummitWorks,Engineer,Individual,Healthcare,1036,Cold Outbound,4,0,2,1,0,2,0,2,66,0,0,1,1
00Q000000001376,Rahul Patel,PioneerLabs,Sales Manager,Manager,Technology,12,Event,3,1,5,2,0,1,0,6,19,0,1,0,0
00Q000000001377,Karan Singh,ZenSolutions,Sales Manager,Manager,Healthcare,59,Cold Outbound,3,0,4,0,0,1,0,1,9,0,0,0,0
00Q000000001378,Divya Joshi,HelixLabs,Analyst,Individual,Manufacturing,13,Event,1,0,4,0,0,1,1,9,57,1,0,0,1
00Q000000001379,Nikhil Reddy,BluePartners,Coordinator,Individual,Other,33,Referral,7,2,6,0,1,0,0,11,58,1,0,1,0
00Q000000001380,Aarav Mehta,BlueLabs,Coordinator,Individual,Retail,101,Event,4,3,2,0,1,2,2,0,60,1,0,0,1
00Q000000001381,Karan Nair,VertexHealth,Head of Ops,Director,Manufacturing,45,Cold Outbound,0,0,1,0,0,1,0,5,81,1,0,0,0
00Q000000001382,Rahul Bose,ZenIndustries,Head of Ops,Director,Retail,553,Web,4,2,2,0,0,0,0,5,30,1,0,0,0
00Q000000001383,Aarav Patel,HelixPartners,Ops Manager,Manager,Finance,139,Web,2,0,4,0,0,3,2,5,37,1,0,0,0
00Q000000001384,Neha Bose,BlueIndustries,Coordinator,Individual,Retail,49,Cold Outbound,1,2,2,1,0,1,1,16,35,1,0,0,0
00Q000000001385,Karan Das,LumenIndustries,Engineer,Individual,Technology,81,Paid Ad,0,1,1,0,1,2,0,36,113,1,0,0,0
00Q000000001386,Aarav Khan,ZenLabs,Engineer,Individual,Technology,619,Partner,6,1,8,2,1,3,1,6,28,1,1,0,1
00Q000000001387,Ananya Bose,ZenLabs,Ops Manager,Manager,Manufacturing,388,Partner,2,0,1,1,0,2,0,5,98,1,0,0,1
00Q000000001388,Pooja Kapoor,LumenWorks,Engineer,Individual,Technology,18,Paid Ad,3,1,2,0,0,1,5,0,40,1,0,0,0
00Q000000001389,Pooja Joshi,BlueHealth,Sales Manager,Manager,Retail,35,Web,5,0,0,0,0,0,1,35,117,1,0,0,0
00Q000000001390,Divya Verma,NovaIndustries,CTO,C-Level,Manufacturing,202,Partner,2,1,0,0,0,0,0,8,51,1,0,0,0
00Q000000001391,Sanjay Verma,ApexWorks,Sales Manager,Manager,Technology,169,Web,2,1,4,2,1,6,2,12,43,0,1,0,1
00Q000000001392,Karan Rao,NovaSolutions,VP Engineering,VP,Healthcare,20,Web,4,1,2,0,0,1,1,12,117,1,0,0,0
00Q000000001393,Riya Mehta,PioneerHealth,Engineer,Individual,Manufacturing,306,Cold Outbound,0,1,2,0,1,0,2,6,63,0,0,0,0
00Q000000001394,Isha Kapoor,PioneerGroup,Analyst,Individual,Retail,26,Web,0,0,0,0,0,2,0,9,11,0,1,0,0
00Q000000001395,Karan Patel,CobaltSolutions,CTO,C-Level,Education,703,Web,6,3,7,1,0,2,1,6,75,1,0,0,1
00Q000000001396,Kavya Rao,SummitIndustries,Sales Manager,Manager,Finance,220,Referral,4,1,4,0,0,1,1,16,20,0,0,0,1
00Q000000001397,Amit Sharma,LumenLabs,Director of IT,Director,Education,18,Cold Outbound,0,0,1,1,0,0,0,22,49,1,0,0,0
00Q000000001398,Kavya Khan,ApexSolutions,CFO,C-Level,Finance,44,Cold Outbound,6,3,1,1,2,0,0,11,107,0,0,0,1
00Q000000001399,Sneha Khan,HelixLabs,IT Manager,Manager,Technology,43,Web,0,0,0,0,0,1,0,13,27,1,0,0,0
00Q000000001400,Riya Patel,QuantaNetworks,Ops Manager,Manager,Manufacturing,126,Event,7,1,4,0,1,2,4,12,31,1,0,0,1
00Q000000001401,Sneha Gupta,SummitGroup,IT Manager,Manager,Finance,73,Paid Ad,2,0,0,0,0,0,1,5,38,1,1,0,0
00Q000000001402,Isha Mehta,OrbitDynamics,Engineer,Individual,Technology,17,Paid Ad,1,1,1,0,0,0,0,22,80,1,0,0,0
00Q000000001403,Rohan Khan,NovaGroup,Analyst,Individual,Finance,12,Web,2,0,0,0,0,0,1,4,77,0,0,0,0
00Q000000001404,Aarav Singh,CobaltDynamics,Engineer,Individual,Education,226,Referral,0,1,2,0,1,0,0,21,14,1,0,0,0
00Q000000001405,Rohan Singh,ApexLabs,VP Engineering,VP,Other,152,Paid Ad,3,3,3,2,1,2,3,16,20,0,0,0,0
00Q000000001406,Divya Verma,BlueIndustries,Director of Sales,Director,Other,116,Web,1,2,0,0,0,1,1,9,95,1,0,0,0
00Q000000001407,Rohan Malhotra,ApexHealth,Analyst,Individual,Finance,149,Partner,3,1,5,3,0,4,2,8,29,1,1,0,0
00Q000000001408,Aarav Gupta,PioneerWorks,Engineer,Individual,Healthcare,39,Web,2,0,2,1,0,2,1,11,91,1,0,0,0
00Q000000001409,Pooja Nair,QuantaHealth,Head of Ops,Director,Education,131,Cold Outbound,1,1,3,1,0,2,1,5,85,1,0,0,0
00Q000000001410,Sanjay Das,ApexWorks,VP Marketing,VP,Finance,4481,Paid Ad,1,1,1,0,0,0,1,5,6,1,0,0,1
00Q000000001411,Sanjay Sharma,CobaltGroup,Analyst,Individual,Healthcare,579,Paid Ad,10,2,3,2,1,3,2,5,15,1,0,0,1
00Q000000001412,Kavya Patel,NovaDynamics,Ops Manager,Manager,Technology,64,Partner,0,0,1,1,0,0,0,15,91,1,0,0,0
00Q000000001413,Nikhil Reddy,QuantaWorks,VP Engineering,VP,Manufacturing,45,Web,4,1,5,2,0,1,0,7,8,1,0,0,1
00Q000000001414,Isha Patel,BlueSolutions,VP Engineering,VP,Retail,2,Web,8,0,6,2,0,3,1,9,97,1,0,1,1
00Q000000001415,Karan Khan,VertexGroup,VP Marketing,VP,Finance,494,Paid Ad,1,0,3,0,0,1,0,28,54,0,0,0,1
00Q000000001416,Nikhil Bose,PioneerIndustries,Engineer,Individual,Technology,323,Partner,5,6,4,2,1,5,1,3,41,1,0,0,1
00Q000000001417,Ananya Khan,SummitDynamics,Analyst,Individual,Retail,44,Cold Outbound,3,2,4,0,1,0,0,3,66,0,0,0,0
00Q000000001418,Sneha Khan,QuantaNetworks,Ops Manager,Manager,Manufacturing,11,Event,1,2,6,1,0,2,3,6,118,1,0,0,0
00Q000000001419,Karan Kapoor,QuantaSolutions,Analyst,Individual,Technology,17,Partner,3,1,2,0,0,1,0,7,37,1,0,0,0
00Q000000001420,Karan Malhotra,ZenGroup,VP Sales,VP,Finance,193,Web,3,1,1,1,0,2,0,2,69,1,0,0,1
00Q000000001421,Sneha Malhotra,ZenHealth,Coordinator,Individual,Other,87,Web,6,1,6,2,1,1,0,7,23,0,0,0,1
00Q000000001422,Divya Reddy,NovaWorks,Head of Ops,Director,Manufacturing,280,Web,2,1,6,2,0,1,0,4,103,1,0,0,1
00Q000000001423,Sneha Malhotra,OrbitGroup,VP Engineering,VP,Manufacturing,113,Cold Outbound,10,5,10,2,1,3,5,4,89,0,0,1,1
00Q000000001424,Dev Mehta,PioneerHealth,CFO,C-Level,Manufacturing,424,Paid Ad,1,1,0,0,3,1,0,10,38,1,0,0,0
00Q000000001425,Rahul Mehta,CobaltGroup,Director of IT,Director,Other,173,Event,2,0,4,0,1,0,1,1,100,1,0,0,0
00Q000000001426,Riya Das,ZenLabs,CTO,C-Level,Finance,344,Partner,7,0,6,0,1,3,0,7,59,1,1,0,0
00Q000000001427,Priya Gupta,SummitLabs,Engineer,Individual,Finance,4,Web,2,1,2,0,0,2,1,13,115,1,0,0,0
00Q000000001428,Sneha Malhotra,OrbitDynamics,Ops Manager,Manager,Finance,15,Web,8,1,6,0,0,1,1,10,103,0,0,0,1
00Q000000001429,Isha Malhotra,VertexHealth,Coordinator,Individual,Education,57,Web,2,0,6,0,0,2,4,3,49,0,0,0,0
00Q000000001430,Sneha Verma,CobaltLabs,CFO,C-Level,Technology,502,Web,1,0,3,2,0,2,1,51,26,1,0,0,1
00Q000000001431,Kavya Reddy,NovaWorks,VP Sales,VP,Technology,1670,Event,3,1,0,0,1,0,2,4,12,1,0,0,1
00Q000000001432,Aarav Sharma,PioneerLabs,Engineer,Individual,Technology,77,Referral,3,0,2,1,0,1,0,14,93,0,1,0,0
00Q000000001433,Rahul Mehta,ApexGroup,Coordinator,Individual,Manufacturing,39,Partner,4,1,1,0,0,1,0,78,89,0,0,0,0
00Q000000001434,Karan Verma,OrbitWorks,Sales Manager,Manager,Retail,5,Cold Outbound,1,0,1,0,0,2,1,5,38,0,0,0,0
00Q000000001435,Sneha Patel,QuantaGroup,Analyst,Individual,Finance,363,Cold Outbound,1,2,3,0,0,0,1,7,117,1,1,0,0
00Q000000001436,Pooja Sharma,ApexGroup,VP Marketing,VP,Finance,43,Web,5,1,1,0,0,2,0,11,80,1,0,0,0
00Q000000001437,Meera Joshi,HelixLabs,Analyst,Individual,Retail,8412,Event,1,0,0,0,0,0,1,42,34,1,0,0,0
00Q000000001438,Nikhil Sharma,LumenIndustries,Director of IT,Director,Technology,32,Web,2,0,3,0,0,4,1,90,81,0,0,0,0
00Q000000001439,Neha Gupta,VertexNetworks,Ops Manager,Manager,Retail,2340,Web,1,1,2,0,0,3,1,7,33,0,1,0,0
00Q000000001440,Arjun Kapoor,VertexHealth,IT Manager,Manager,Technology,305,Paid Ad,1,2,2,0,0,0,2,11,111,0,0,0,0
00Q000000001441,Sneha Joshi,SummitNetworks,Engineer,Individual,Other,21,Event,4,0,3,0,2,0,0,11,20,0,0,0,0
00Q000000001442,Pooja Sharma,VertexWorks,CTO,C-Level,Healthcare,140,Paid Ad,1,0,0,0,0,0,0,2,71,1,0,0,0
00Q000000001443,Karan Joshi,ApexIndustries,Director of Sales,Director,Retail,316,Cold Outbound,6,2,5,0,1,5,2,15,4,1,0,0,1
00Q000000001444,Dev Reddy,LumenIndustries,Ops Manager,Manager,Technology,70,Web,2,0,0,0,0,2,0,71,44,1,0,0,0
00Q000000001445,Aarav Patel,ZenSolutions,IT Manager,Manager,Finance,349,Cold Outbound,5,1,3,0,0,1,0,66,102,1,1,0,0
00Q000000001446,Arjun Iyer,PioneerWorks,VP Engineering,VP,Retail,338,Web,5,6,4,4,1,3,1,5,14,1,0,1,1
00Q000000001447,Divya Das,CobaltIndustries,VP Marketing,VP,Manufacturing,243,Cold Outbound,11,2,4,2,1,3,1,2,72,1,0,1,1
00Q000000001448,Isha Khan,NovaPartners,VP Engineering,VP,Retail,97,Paid Ad,4,0,3,1,1,0,3,6,54,1,0,0,1
00Q000000001449,Rahul Nair,HelixSolutions,Director of IT,Director,Manufacturing,17,Web,0,0,0,0,0,2,0,10,4,0,0,0,0
00Q000000001450,Kavya Das,ZenIndustries,VP Marketing,VP,Manufacturing,88,Event,5,1,2,0,0,1,1,7,107,1,1,0,0
00Q000000001451,Kavya Nair,SummitHealth,Coordinator,Individual,Education,129,Web,3,0,5,1,0,3,0,4,22,1,0,0,0
00Q000000001452,Ananya Gupta,PioneerHealth,Head of Ops,Director,Healthcare,5,Partner,1,1,6,1,0,4,1,5,62,0,0,0,1
00Q000000001453,Karan Malhotra,CobaltGroup,Sales Manager,Manager,Other,128,Web,2,0,0,0,0,2,1,5,13,1,1,0,0
00Q000000001454,Karan Joshi,BlueIndustries,Ops Manager,Manager,Finance,86,Cold Outbound,6,4,1,0,0,2,2,1,38,0,0,1,1
00Q000000001455,Divya Iyer,OrbitLabs,CEO,C-Level,Finance,14,Referral,1,1,1,0,0,1,0,13,21,1,0,0,0
00Q000000001456,Arjun Malhotra,OrbitSolutions,CFO,C-Level,Retail,60,Cold Outbound,6,4,7,2,1,4,4,12,78,1,0,1,1
00Q000000001457,Dev Patel,CobaltGroup,IT Manager,Manager,Technology,62,Web,4,1,4,0,0,1,1,13,16,1,0,0,1
00Q000000001458,Divya Singh,SummitDynamics,IT Manager,Manager,Technology,1799,Paid Ad,8,2,5,0,2,2,2,21,20,0,0,0,1
00Q000000001459,Divya Das,NovaNetworks,VP Engineering,VP,Technology,138,Partner,0,1,5,0,0,3,0,20,42,1,0,0,1
00Q000000001460,Dev Sharma,VertexLabs,COO,C-Level,Manufacturing,470,Web,3,0,7,0,0,5,1,14,94,1,0,1,1
00Q000000001461,Isha Iyer,BlueSystems,Director of Sales,Director,Manufacturing,83,Web,0,0,1,1,0,0,0,3,83,0,0,0,0
00Q000000001462,Isha Nair,CobaltGroup,Engineer,Individual,Technology,5,Paid Ad,2,2,2,0,0,1,0,5,46,1,1,0,0
00Q000000001463,Rahul Das,HelixLabs,IT Manager,Manager,Technology,272,Paid Ad,2,3,2,1,0,1,0,5,32,0,0,0,0
00Q000000001464,Sneha Nair,SummitDynamics,VP Sales,VP,Finance,37,Partner,4,0,1,0,2,3,1,5,67,1,0,1,1
00Q000000001465,Riya Sharma,PioneerLabs,Director of IT,Director,Finance,60,Web,0,1,1,1,0,1,0,3,45,1,0,0,1
00Q000000001466,Rohan Bose,QuantaPartners,Head of Ops,Director,Technology,20,Cold Outbound,1,1,2,1,0,3,0,51,81,1,1,0,0
00Q000000001467,Rohan Khan,SummitHealth,Director of Sales,Director,Technology,110,Cold Outbound,1,0,0,0,0,0,0,53,15,1,0,0,0
00Q000000001468,Aarav Mehta,OrbitNetworks,Ops Manager,Manager,Education,491,Partner,1,1,0,0,0,2,0,6,42,1,0,0,0
00Q000000001469,Riya Malhotra,OrbitNetworks,Sales Manager,Manager,Retail,403,Web,0,0,0,0,2,0,0,13,11,1,0,0,0
00Q000000001470,Rahul Patel,PioneerGroup,VP Engineering,VP,Finance,1074,Web,2,0,2,1,0,1,1,3,84,1,0,0,0
00Q000000001471,Rahul Sharma,LumenLabs,Engineer,Individual,Finance,1328,Cold Outbound,5,1,5,1,0,3,2,2,47,0,0,0,1
00Q000000001472,Arjun Das,SummitNetworks,Head of Ops,Director,Technology,4,Paid Ad,4,1,1,0,0,1,1,24,1,1,0,0,0
00Q000000001473,Rahul Verma,NovaIndustries,Head of Ops,Director,Finance,16,Paid Ad,1,0,0,0,0,0,1,8,56,1,0,0,0
00Q000000001474,Dev Singh,ZenHealth,VP Engineering,VP,Healthcare,6,Cold Outbound,0,0,3,0,0,1,2,11,74,0,0,0,0
00Q000000001475,Meera Mehta,QuantaSolutions,IT Manager,Manager,Other,256,Web,3,0,0,0,0,2,0,0,88,1,1,0,0
00Q000000001476,Dev Patel,BlueHealth,Director of IT,Director,Retail,35,Partner,13,1,9,0,1,3,2,20,21,1,0,0,1
00Q000000001477,Rohan Singh,OrbitSolutions,Analyst,Individual,Healthcare,47,Paid Ad,0,1,1,1,0,2,1,16,22,0,0,0,0
00Q000000001478,Sanjay Gupta,CobaltSolutions,Analyst,Individual,Technology,71,Cold Outbound,1,1,2,2,0,0,0,22,77,1,0,0,0
00Q000000001479,Rohan Sharma,OrbitSolutions,Sales Manager,Manager,Retail,176,Partner,3,2,9,0,1,2,3,6,42,1,0,1,1
00Q000000001480,Aarav Mehta,HelixGroup,Analyst,Individual,Other,10,Event,2,0,4,0,0,2,1,10,53,1,1,0,0
00Q000000001481,Sanjay Kapoor,BlueGroup,CFO,C-Level,Technology,15,Web,5,0,3,1,2,0,0,3,68,1,0,0,1
00Q000000001482,Nikhil Sharma,SummitSolutions,VP Engineering,VP,Education,99,Cold Outbound,4,1,1,0,0,0,1,3,53,1,0,0,1
00Q000000001483,Pooja Nair,HelixPartners,Analyst,Individual,Technology,600,Partner,5,3,0,0,1,0,1,1,88,1,0,0,0
00Q000000001484,Isha Iyer,HelixIndustries,VP Engineering,VP,Retail,95,Referral,5,1,5,0,0,4,2,35,26,1,0,0,1
00Q000000001485,Dev Gupta,QuantaIndustries,Sales Manager,Manager,Technology,30,Cold Outbound,2,1,1,0,0,1,1,40,91,1,0,0,0
00Q000000001486,Rahul Rao,LumenWorks,Director of IT,Director,Manufacturing,3,Referral,4,3,2,0,1,0,0,20,12,0,0,0,0
00Q000000001487,Amit Mehta,LumenIndustries,VP Engineering,VP,Technology,415,Referral,0,1,0,0,0,1,1,10,100,1,0,0,1
00Q000000001488,Rohan Iyer,LumenSystems,Ops Manager,Manager,Manufacturing,32,Cold Outbound,2,1,4,3,0,1,5,15,21,1,1,0,0
00Q000000001489,Isha Sharma,QuantaWorks,Coordinator,Individual,Manufacturing,17,Paid Ad,1,0,2,1,0,3,0,4,106,1,0,0,0
00Q000000001490,Divya Bose,OrbitSystems,Engineer,Individual,Manufacturing,7,Cold Outbound,1,0,0,0,0,1,1,33,61,1,0,0,0
00Q000000001491,Karan Iyer,HelixSolutions,Sales Manager,Manager,Retail,11,Cold Outbound,3,0,0,0,0,1,0,8,67,1,1,0,0
00Q000000001492,Sanjay Verma,OrbitGroup,CEO,C-Level,Technology,23,Paid Ad,4,0,2,0,0,3,1,7,93,1,0,1,1
00Q000000001493,Riya Reddy,ZenNetworks,IT Manager,Manager,Retail,69,Web,2,0,1,0,0,1,0,5,7,0,0,0,0
00Q000000001494,Kavya Bose,ApexSolutions,IT Manager,Manager,Technology,16,Cold Outbound,1,1,1,0,1,1,0,8,69,0,1,0,0
00Q000000001495,Sneha Nair,NovaNetworks,Coordinator,Individual,Retail,131,Event,3,0,0,0,0,1,0,5,66,1,0,0,0
00Q000000001496,Sneha Verma,SummitNetworks,VP Sales,VP,Technology,68,Paid Ad,6,2,3,2,1,0,2,2,7,1,0,0,1
00Q000000001497,Amit Kapoor,ZenHealth,Sales Manager,Manager,Healthcare,2787,Paid Ad,2,0,0,0,0,1,0,8,10,1,1,0,0
00Q000000001498,Kavya Das,LumenWorks,Director of IT,Director,Healthcare,7,Web,4,1,2,1,1,3,0,9,36,0,0,1,1
00Q000000001499,Amit Sharma,VertexGroup,Director of IT,Director,Other,126,Web,2,2,2,0,0,0,0,10,78,1,0,0,0
00Q000000001500,Riya Sharma,CobaltGroup,Engineer,Individual,Manufacturing,129,Paid Ad,0,0,2,0,0,3,0,4,65,0,0,0,0
00Q000000001501,Vikram Singh,ApexIndustries,Engineer,Individual,Technology,21,Partner,5,1,2,0,0,1,1,90,27,1,0,0,0
00Q000000001502,Isha Nair,LumenSystems,Ops Manager,Manager,Retail,114,Event,3,1,5,1,1,4,1,3,111,1,0,0,1
00Q000000001503,Isha Malhotra,NovaHealth,Sales Manager,Manager,Technology,315,Web,5,3,2,2,1,3,1,25,54,1,0,0,0
00Q000000001504,Nikhil Joshi,HelixSystems,Director of IT,Director,Finance,114,Event,3,1,1,0,0,2,0,1,18,1,0,0,1
00Q000000001505,Karan Rao,ZenSolutions,VP Sales,VP,Finance,793,Partner,3,0,1,0,1,3,1,0,68,0,1,0,0
00Q000000001506,Rohan Kapoor,OrbitHealth,Engineer,Individual,Retail,3,Web,0,1,0,0,0,1,0,70,106,0,0,0,0
00Q000000001507,Vikram Malhotra,VertexSystems,Ops Manager,Manager,Other,28,Paid Ad,2,0,3,0,0,0,0,11,107,1,0,0,0
00Q000000001508,Sanjay Khan,HelixDynamics,Analyst,Individual,Other,909,Paid Ad,10,6,5,2,0,3,3,10,73,1,0,0,1
00Q000000001509,Karan Sharma,HelixPartners,Analyst,Individual,Technology,390,Event,3,3,2,1,1,2,0,14,3,0,0,0,0
00Q000000001510,Arjun Gupta,BluePartners,Director of IT,Director,Technology,223,Paid Ad,3,2,2,1,0,2,1,2,114,0,0,0,1
00Q000000001511,Kavya Iyer,VertexSystems,Head of Ops,Director,Education,632,Cold Outbound,3,1,3,0,1,1,1,9,32,0,0,0,0
00Q000000001512,Nikhil Sharma,VertexLabs,Director of IT,Director,Finance,5,Web,2,1,6,2,0,1,2,17,111,1,0,1,1
00Q000000001513,Vikram Patel,NovaNetworks,Engineer,Individual,Manufacturing,328,Web,2,0,0,0,0,0,1,3,14,1,0,0,0
00Q000000001514,Rohan Iyer,CobaltSystems,IT Manager,Manager,Other,491,Web,2,1,3,0,0,1,0,11,93,0,0,0,0
00Q000000001515,Neha Bose,OrbitNetworks,IT Manager,Manager,Technology,37,Paid Ad,4,1,7,0,0,0,0,14,85,1,0,0,1
00Q000000001516,Isha Das,OrbitLabs,CTO,C-Level,Finance,5135,Cold Outbound,1,0,0,0,0,1,0,4,93,1,0,0,1
00Q000000001517,Nikhil Iyer,NovaLabs,Director of Sales,Director,Education,133,Paid Ad,2,1,4,4,0,3,1,14,62,1,0,0,1
00Q000000001518,Pooja Singh,ZenDynamics,CFO,C-Level,Retail,3,Cold Outbound,2,1,0,0,0,3,0,4,103,0,0,0,0
00Q000000001519,Riya Gupta,ZenIndustries,Engineer,Individual,Other,176,Paid Ad,2,0,0,0,0,1,0,2,44,0,0,0,0
00Q000000001520,Divya Kapoor,QuantaSystems,Ops Manager,Manager,Manufacturing,33,Referral,1,0,0,0,0,1,0,19,42,0,1,0,0
00Q000000001521,Riya Das,ZenWorks,Head of Ops,Director,Finance,571,Web,1,1,0,0,0,0,0,61,20,1,0,0,0
00Q000000001522,Aarav Patel,HelixLabs,IT Manager,Manager,Education,226,Paid Ad,4,3,0,0,0,1,2,34,9,1,0,0,0
00Q000000001523,Kavya Nair,PioneerWorks,Director of IT,Director,Retail,40,Paid Ad,4,1,3,0,0,1,1,47,96,0,0,0,0
00Q000000001524,Rohan Patel,NovaPartners,Sales Manager,Manager,Other,947,Paid Ad,6,0,1,1,0,1,1,2,116,1,0,1,1
00Q000000001525,Rahul Reddy,VertexNetworks,CFO,C-Level,Healthcare,407,Paid Ad,0,0,4,1,0,0,2,6,86,1,0,0,1
00Q000000001526,Divya Kapoor,OrbitHealth,Coordinator,Individual,Manufacturing,28,Event,3,3,2,1,0,2,1,16,40,1,0,0,1
00Q000000001527,Riya Das,PioneerIndustries,COO,C-Level,Finance,79,Referral,7,0,1,0,1,1,1,17,15,1,0,0,1
00Q000000001528,Divya Verma,BlueGroup,IT Manager,Manager,Finance,216,Paid Ad,1,0,0,0,0,0,0,14,8,1,0,0,0
00Q000000001529,Dev Das,HelixSystems,IT Manager,Manager,Other,57,Partner,1,0,3,0,0,4,1,31,57,1,0,0,0
00Q000000001530,Ananya Mehta,ApexSystems,Sales Manager,Manager,Other,60,Partner,1,1,2,0,0,2,0,13,22,1,1,1,0
00Q000000001531,Arjun Mehta,CobaltWorks,Engineer,Individual,Manufacturing,105,Referral,3,1,4,0,0,1,1,24,95,1,1,0,1
00Q000000001532,Nikhil Das,PioneerPartners,CFO,C-Level,Other,20,Cold Outbound,5,2,7,0,0,0,1,2,19,1,0,0,1
00Q000000001533,Riya Joshi,ZenNetworks,VP Sales,VP,Finance,3,Referral,2,0,1,0,0,0,1,9,9,1,0,0,0
00Q000000001534,Sanjay Verma,OrbitSolutions,CFO,C-Level,Education,142,Referral,9,4,6,1,3,3,2,2,75,1,0,1,1
00Q000000001535,Riya Singh,LumenSolutions,CFO,C-Level,Manufacturing,5,Partner,1,0,2,0,0,0,0,11,78,0,0,0,1
00Q000000001536,Isha Mehta,LumenHealth,Director of IT,Director,Retail,22,Cold Outbound,1,0,2,0,1,0,1,5,60,1,0,0,0
00Q000000001537,Riya Malhotra,CobaltLabs,IT Manager,Manager,Retail,6,Cold Outbound,1,0,0,0,0,0,0,53,76,1,0,0,0
00Q000000001538,Isha Reddy,NovaIndustries,VP Engineering,VP,Manufacturing,8,Web,0,0,4,1,0,2,2,6,98,1,0,0,0
00Q000000001539,Ananya Mehta,ApexSystems,Analyst,Individual,Education,188,Referral,4,2,6,1,2,4,3,4,56,1,0,1,1
00Q000000001540,Meera Khan,ZenSystems,VP Sales,VP,Healthcare,71,Partner,2,0,0,0,0,0,0,20,40,1,0,0,0
00Q000000001541,Kavya Rao,BluePartners,IT Manager,Manager,Education,67,Partner,4,1,3,0,0,0,0,2,65,0,0,0,0
00Q000000001542,Karan Iyer,OrbitWorks,Director of Sales,Director,Technology,13,Event,4,1,4,1,0,1,0,7,18,1,1,0,0
00Q000000001543,Karan Mehta,BlueSystems,Ops Manager,Manager,Technology,37,Web,2,0,2,0,0,0,1,11,116,1,1,0,0
00Q000000001544,Rahul Das,BlueSolutions,Sales Manager,Manager,Retail,174,Event,3,4,4,1,1,1,1,3,41,1,0,0,1
00Q000000001545,Ananya Khan,BlueLabs,Engineer,Individual,Retail,92,Web,2,0,1,1,0,2,0,6,109,1,0,0,0
00Q000000001546,Kavya Das,ApexIndustries,IT Manager,Manager,Other,341,Referral,0,1,1,0,0,4,0,21,30,1,1,0,0
00Q000000001547,Sanjay Kapoor,ZenLabs,IT Manager,Manager,Finance,423,Paid Ad,1,0,1,0,0,0,0,5,42,0,0,0,0
00Q000000001548,Aarav Gupta,ZenWorks,Coordinator,Individual,Technology,68,Web,3,2,3,0,0,2,1,9,108,1,0,0,1
00Q000000001549,Meera Nair,BlueSystems,Engineer,Individual,Manufacturing,6,Paid Ad,2,0,3,0,1,0,1,5,49,1,1,0,0
00Q000000001550,Sneha Malhotra,PioneerSolutions,Ops Manager,Manager,Education,31,Paid Ad,3,0,0,0,0,2,0,19,24,1,0,0,0
00Q000000001551,Arjun Rao,ZenIndustries,Sales Manager,Manager,Other,85,Event,3,0,2,1,1,1,1,21,5,1,0,0,0
00Q000000001552,Kavya Nair,QuantaDynamics,VP Sales,VP,Education,31,Referral,2,1,3,0,0,1,0,16,76,1,0,0,0
00Q000000001553,Neha Malhotra,HelixNetworks,Analyst,Individual,Healthcare,20,Cold Outbound,4,2,0,0,0,2,1,8,38,1,0,0,0
00Q000000001554,Dev Malhotra,LumenSolutions,Sales Manager,Manager,Education,110,Paid Ad,1,1,0,0,1,1,0,90,48,1,1,0,0
00Q000000001555,Kavya Gupta,PioneerPartners,Analyst,Individual,Technology,3810,Cold Outbound,1,1,0,0,0,0,0,18,30,1,1,0,0
00Q000000001556,Isha Mehta,VertexNetworks,Sales Manager,Manager,Other,47,Event,2,0,2,1,1,2,0,5,25,0,0,0,0
00Q000000001557,Kavya Reddy,VertexGroup,Sales Manager,Manager,Manufacturing,99,Paid Ad,3,0,3,2,0,3,1,13,118,0,0,0,1
00Q000000001558,Neha Joshi,OrbitWorks,Head of Ops,Director,Healthcare,13,Cold Outbound,6,2,4,0,0,4,2,4,15,1,0,0,0
00Q000000001559,Divya Reddy,OrbitSolutions,Sales Manager,Manager,Manufacturing,642,Web,0,0,2,0,0,2,3,16,100,0,1,0,0
00Q000000001560,Vikram Khan,CobaltSystems,Ops Manager,Manager,Education,369,Web,2,1,5,0,1,0,1,14,114,0,0,0,0
00Q000000001561,Kavya Das,BlueGroup,Engineer,Individual,Finance,333,Cold Outbound,4,1,0,0,1,1,1,10,38,1,0,0,1
00Q000000001562,Pooja Reddy,PioneerSystems,Ops Manager,Manager,Technology,764,Event,2,0,5,0,1,1,0,18,93,0,1,0,0
00Q000000001563,Rahul Singh,CobaltIndustries,IT Manager,Manager,Retail,52,Web,2,0,3,0,0,2,0,4,39,1,0,0,0
00Q000000001564,Pooja Mehta,BlueSolutions,Director of Sales,Director,Other,63,Cold Outbound,3,0,1,1,0,0,1,6,101,0,0,0,0
00Q000000001565,Sanjay Das,NovaNetworks,Sales Manager,Manager,Manufacturing,1293,Web,1,0,1,0,2,0,1,6,79,0,0,0,0
00Q000000001566,Divya Reddy,NovaLabs,Director of Sales,Director,Technology,257,Paid Ad,0,1,0,0,1,2,0,8,78,1,0,0,0
00Q000000001567,Aarav Gupta,QuantaSystems,Ops Manager,Manager,Retail,3,Partner,2,1,2,1,1,1,0,32,59,1,0,0,0
00Q000000001568,Isha Rao,CobaltGroup,Analyst,Individual,Technology,196,Partner,4,2,5,0,0,1,1,11,18,0,0,0,1
00Q000000001569,Divya Nair,BlueHealth,Analyst,Individual,Finance,41,Event,1,0,0,0,0,0,0,20,115,1,0,0,0
00Q000000001570,Nikhil Joshi,PioneerNetworks,Coordinator,Individual,Technology,382,Web,4,0,4,0,0,3,2,8,83,0,0,0,0
00Q000000001571,Rohan Mehta,BlueSystems,IT Manager,Manager,Healthcare,183,Cold Outbound,1,1,1,0,1,2,0,77,2,1,0,0,0
00Q000000001572,Pooja Iyer,CobaltDynamics,VP Marketing,VP,Finance,7,Partner,4,0,1,0,0,4,2,4,70,1,1,0,0
00Q000000001573,Divya Khan,ApexSystems,Head of Ops,Director,Technology,148,Web,6,1,1,0,0,2,0,19,88,1,0,1,0
00Q000000001574,Vikram Kapoor,QuantaLabs,Ops Manager,Manager,Finance,136,Referral,2,1,4,0,0,0,0,33,69,1,0,0,0
00Q000000001575,Divya Malhotra,CobaltSolutions,Coordinator,Individual,Retail,171,Event,2,0,2,0,1,0,0,29,73,0,1,0,0
00Q000000001576,Dev Verma,OrbitGroup,VP Sales,VP,Finance,235,Web,2,0,1,0,0,3,0,6,2,1,0,0,0
00Q000000001577,Sanjay Das,ApexWorks,Analyst,Individual,Technology,938,Cold Outbound,6,2,5,2,0,0,0,2,71,1,0,0,0
00Q000000001578,Vikram Verma,SummitHealth,Ops Manager,Manager,Manufacturing,185,Cold Outbound,0,0,1,0,0,1,2,28,34,1,0,0,0
00Q000000001579,Priya Joshi,BlueGroup,VP Engineering,VP,Retail,102,Referral,2,0,2,1,0,1,2,8,101,0,0,0,0
00Q000000001580,Nikhil Khan,BluePartners,Sales Manager,Manager,Education,556,Cold Outbound,6,3,6,1,0,4,0,4,114,0,0,0,1
00Q000000001581,Rahul Joshi,BlueDynamics,Coordinator,Individual,Healthcare,2875,Partner,4,0,4,1,0,1,1,6,98,0,1,0,0
00Q000000001582,Vikram Singh,LumenDynamics,Analyst,Individual,Retail,392,Paid Ad,3,1,2,1,1,0,1,15,50,0,0,0,0
00Q000000001583,Kavya Khan,ZenWorks,Head of Ops,Director,Education,135,Cold Outbound,1,0,3,0,1,1,1,9,26,1,0,0,0
00Q000000001584,Nikhil Khan,NovaNetworks,Analyst,Individual,Retail,190,Referral,1,0,1,1,1,3,0,4,116,1,0,0,0
00Q000000001585,Isha Sharma,OrbitHealth,Director of Sales,Director,Manufacturing,146,Cold Outbound,1,0,0,0,0,1,0,90,98,1,0,0,0
00Q000000001586,Nikhil Gupta,VertexDynamics,IT Manager,Manager,Technology,102,Web,5,0,2,0,0,2,0,74,49,1,0,0,0
00Q000000001587,Amit Iyer,ZenSolutions,IT Manager,Manager,Finance,2559,Event,2,1,7,0,0,5,1,4,54,1,0,0,1
00Q000000001588,Sanjay Iyer,SummitLabs,Coordinator,Individual,Finance,32,Paid Ad,0,0,2,0,0,1,0,64,78,1,0,0,0
00Q000000001589,Arjun Gupta,HelixSystems,VP Sales,VP,Healthcare,562,Web,2,1,1,1,2,0,0,3,27,0,0,0,0
00Q000000001590,Nikhil Joshi,ZenIndustries,Sales Manager,Manager,Other,82,Paid Ad,0,0,1,0,0,2,0,5,109,1,0,0,0
00Q000000001591,Sanjay Singh,SummitLabs,Director of Sales,Director,Technology,10,Event,2,1,0,0,1,1,0,9,116,1,0,0,0
00Q000000001592,Kavya Gupta,PioneerSystems,Sales Manager,Manager,Manufacturing,75,Event,1,1,1,0,0,0,1,33,30,0,0,0,0
00Q000000001593,Nikhil Bose,QuantaSolutions,Engineer,Individual,Other,43,Paid Ad,1,0,2,1,0,2,2,6,63,1,0,0,0
00Q000000001594,Divya Sharma,QuantaPartners,Sales Manager,Manager,Manufacturing,236,Web,2,0,4,0,0,1,1,17,39,1,0,0,0
00Q000000001595,Dev Verma,VertexDynamics,Ops Manager,Manager,Technology,114,Web,6,1,3,0,1,1,0,3,71,1,0,0,1
00Q000000001596,Pooja Bose,SummitSolutions,IT Manager,Manager,Other,21,Web,3,2,3,1,2,1,0,9,57,1,0,0,0
00Q000000001597,Pooja Joshi,OrbitLabs,VP Sales,VP,Finance,903,Cold Outbound,6,0,2,1,0,1,1,10,113,1,0,0,0
00Q000000001598,Sanjay Patel,NovaDynamics,VP Engineering,VP,Technology,510,Partner,5,1,4,0,1,2,2,2,69,1,0,1,1
00Q000000001599,Nikhil Sharma,QuantaNetworks,Director of IT,Director,Healthcare,1073,Paid Ad,2,1,3,1,0,3,0,20,83,0,0,0,0
00Q000000001600,Ananya Rao,ApexSystems,Ops Manager,Manager,Finance,141,Paid Ad,3,2,5,1,0,1,0,4,36,1,0,0,1
00Q000000001601,Priya Nair,ZenDynamics,IT Manager,Manager,Education,94,Paid Ad,5,1,3,1,0,3,1,2,36,1,0,0,1
00Q000000001602,Sanjay Verma,ApexNetworks,Director of IT,Director,Technology,285,Web,4,2,3,2,0,1,1,3,4,0,0,1,1
00Q000000001603,Isha Malhotra,VertexNetworks,Coordinator,Individual,Education,41,Web,0,0,0,0,0,0,0,5,24,1,1,0,0
00Q000000001604,Aarav Gupta,HelixHealth,VP Engineering,VP,Technology,120,Paid Ad,2,0,3,0,1,1,3,3,12,1,0,0,1
00Q000000001605,Nikhil Gupta,PioneerLabs,VP Sales,VP,Other,76,Web,7,2,2,0,0,2,2,25,109,1,0,1,1
00Q000000001606,Kavya Rao,VertexDynamics,Coordinator,Individual,Technology,11,Cold Outbound,4,2,4,0,2,0,0,6,52,1,0,0,0
00Q000000001607,Pooja Verma,QuantaLabs,VP Engineering,VP,Other,120,Web,4,2,4,1,1,4,1,7,45,1,0,0,1
00Q000000001608,Neha Reddy,SummitSystems,VP Marketing,VP,Technology,51,Paid Ad,4,0,2,0,0,1,2,7,73,0,0,0,0
00Q000000001609,Kavya Reddy,NovaDynamics,IT Manager,Manager,Education,69,Event,0,1,1,1,0,0,0,6,64,1,0,0,0
00Q000000001610,Sanjay Iyer,BlueGroup,VP Engineering,VP,Education,171,Partner,2,2,0,0,0,2,0,0,113,1,0,0,1
00Q000000001611,Isha Joshi,PioneerLabs,Engineer,Individual,Manufacturing,671,Cold Outbound,2,0,2,0,0,0,0,23,62,1,0,0,0
00Q000000001612,Vikram Iyer,CobaltGroup,Coordinator,Individual,Technology,27,Event,3,1,0,0,0,2,0,59,18,1,0,1,1
00Q000000001613,Arjun Sharma,CobaltDynamics,Sales Manager,Manager,Manufacturing,60,Web,1,0,3,0,1,1,0,5,56,0,0,0,0
00Q000000001614,Ananya Rao,ZenNetworks,IT Manager,Manager,Manufacturing,31,Paid Ad,2,0,5,0,1,0,0,12,98,1,0,0,0
00Q000000001615,Ananya Joshi,ApexHealth,IT Manager,Manager,Manufacturing,28,Web,7,0,5,1,0,1,1,9,80,1,0,0,1
00Q000000001616,Karan Reddy,NovaPartners,CEO,C-Level,Manufacturing,40,Web,9,1,10,6,0,4,5,2,66,0,1,1,1
00Q000000001617,Aarav Das,PioneerIndustries,Engineer,Individual,Other,74,Paid Ad,0,0,0,0,0,1,0,10,39,1,0,0,0
00Q000000001618,Vikram Malhotra,QuantaLabs,Coordinator,Individual,Other,239,Web,2,2,2,1,1,0,0,11,112,1,1,0,0
00Q000000001619,Arjun Patel,ZenSystems,Director of IT,Director,Manufacturing,160,Web,0,1,1,1,0,0,0,3,16,1,0,0,0
00Q000000001620,Vikram Kapoor,HelixWorks,Coordinator,Individual,Technology,20,Event,4,0,2,0,0,1,1,16,30,1,1,0,0
00Q000000001621,Ananya Malhotra,VertexWorks,Director of Sales,Director,Technology,693,Event,1,1,0,0,0,1,1,5,13,1,0,0,0
00Q000000001622,Isha Sharma,VertexLabs,Sales Manager,Manager,Retail,410,Cold Outbound,5,1,2,2,1,0,1,0,76,1,1,0,1
00Q000000001623,Neha Reddy,ZenGroup,CFO,C-Level,Other,25,Web,4,3,5,0,1,5,1,2,83,1,1,0,1
00Q000000001624,Arjun Das,CobaltLabs,Head of Ops,Director,Healthcare,624,Event,2,1,0,0,0,0,1,6,77,1,0,0,1
00Q000000001625,Pooja Iyer,HelixWorks,Analyst,Individual,Technology,162,Paid Ad,3,1,2,1,1,5,1,13,112,1,1,1,1
00Q000000001626,Rohan Iyer,NovaDynamics,Analyst,Individual,Finance,78,Cold Outbound,0,0,0,0,0,2,0,69,94,1,0,0,0
00Q000000001627,Kavya Iyer,CobaltPartners,Analyst,Individual,Healthcare,170,Referral,9,2,8,1,2,3,2,10,18,1,0,0,1
00Q000000001628,Priya Mehta,PioneerHealth,CFO,C-Level,Other,95,Paid Ad,2,0,6,0,0,0,3,11,48,1,0,0,0
00Q000000001629,Divya Joshi,VertexSolutions,Director of Sales,Director,Retail,225,Paid Ad,3,2,6,1,2,2,1,12,15,1,0,1,0
00Q000000001630,Meera Gupta,SummitGroup,Ops Manager,Manager,Technology,131,Referral,0,1,1,0,0,0,0,7,35,0,0,0,1
00Q000000001631,Rohan Rao,ZenHealth,Analyst,Individual,Finance,59,Web,2,1,1,0,0,0,0,20,33,1,0,0,0
00Q000000001632,Meera Patel,QuantaWorks,VP Sales,VP,Technology,4,Paid Ad,2,0,3,0,0,2,1,23,69,0,0,0,0
00Q000000001633,Rahul Khan,OrbitHealth,Analyst,Individual,Retail,219,Web,2,0,3,1,1,1,1,4,45,1,0,0,0
00Q000000001634,Riya Iyer,LumenGroup,Director of IT,Director,Retail,56,Referral,3,2,3,0,0,0,1,4,64,0,0,0,0
00Q000000001635,Pooja Reddy,CobaltGroup,Director of IT,Director,Technology,319,Paid Ad,5,1,8,2,1,2,1,4,98,0,0,0,1
00Q000000001636,Meera Nair,BlueSolutions,Engineer,Individual,Finance,204,Web,4,0,2,0,0,0,2,4,107,1,1,0,0
00Q000000001637,Dev Das,CobaltLabs,Sales Manager,Manager,Other,59,Web,2,0,6,1,1,1,1,19,87,0,0,0,0
00Q000000001638,Divya Verma,SummitLabs,Engineer,Individual,Education,461,Event,2,1,1,0,2,4,1,5,115,1,1,0,0
00Q000000001639,Sanjay Reddy,ApexHealth,Sales Manager,Manager,Manufacturing,135,Cold Outbound,7,2,1,0,0,1,1,2,50,1,0,1,1
00Q000000001640,Priya Nair,SummitDynamics,CTO,C-Level,Healthcare,127,Partner,3,0,0,0,0,0,0,1,111,1,0,0,0
00Q000000001641,Dev Das,CobaltWorks,Director of IT,Director,Other,80,Referral,3,1,0,0,0,2,1,30,62,1,0,0,1
00Q000000001642,Karan Nair,HelixNetworks,VP Sales,VP,Retail,1243,Referral,1,0,1,0,0,2,0,53,91,1,0,0,0
00Q000000001643,Neha Rao,HelixDynamics,IT Manager,Manager,Other,34,Cold Outbound,5,4,6,2,1,2,1,3,114,0,0,0,0
00Q000000001644,Amit Singh,BlueNetworks,Analyst,Individual,Technology,61,Paid Ad,1,1,0,0,0,2,0,28,90,1,0,0,0
00Q000000001645,Aarav Iyer,CobaltSolutions,Director of IT,Director,Technology,15,Paid Ad,5,2,9,0,1,1,0,3,72,0,1,0,0
00Q000000001646,Sneha Rao,ApexDynamics,IT Manager,Manager,Technology,295,Web,2,1,0,0,0,0,4,8,33,1,1,0,0
00Q000000001647,Priya Gupta,NovaPartners,Coordinator,Individual,Education,41,Web,2,2,4,1,0,0,4,3,44,0,0,0,0
00Q000000001648,Meera Sharma,PioneerIndustries,Sales Manager,Manager,Retail,49,Referral,1,1,3,1,2,1,2,3,36,1,0,0,0
00Q000000001649,Divya Singh,PioneerIndustries,Director of Sales,Director,Technology,45,Cold Outbound,1,0,0,0,0,1,0,25,62,1,0,0,0
00Q000000001650,Riya Gupta,OrbitGroup,Director of Sales,Director,Other,109,Cold Outbound,2,0,1,0,0,1,1,15,70,1,0,0,0
00Q000000001651,Aarav Das,SummitGroup,Engineer,Individual,Other,15,Web,2,3,0,0,0,2,0,4,104,0,0,1,1
00Q000000001652,Rahul Sharma,HelixHealth,VP Sales,VP,Technology,3,Paid Ad,3,1,1,1,0,1,0,14,6,1,0,0,1
00Q000000001653,Sanjay Joshi,ZenSolutions,IT Manager,Manager,Retail,197,Cold Outbound,2,0,2,1,0,1,0,11,23,0,1,0,0
00Q000000001654,Vikram Das,QuantaSystems,Coordinator,Individual,Retail,4,Cold Outbound,1,1,2,0,0,1,1,4,110,0,0,0,0
00Q000000001655,Vikram Iyer,SummitGroup,Analyst,Individual,Technology,358,Event,2,0,0,0,0,0,0,6,53,1,1,0,0
00Q000000001656,Divya Malhotra,OrbitWorks,VP Sales,VP,Retail,1030,Web,4,0,4,3,0,1,1,16,105,0,1,0,1
00Q000000001657,Priya Sharma,NovaDynamics,Ops Manager,Manager,Technology,77,Cold Outbound,1,1,1,0,1,0,0,18,54,1,1,0,1
00Q000000001658,Arjun Singh,ApexSolutions,Ops Manager,Manager,Other,698,Web,2,1,2,0,0,1,2,5,58,1,0,0,0
00Q000000001659,Neha Singh,QuantaDynamics,Analyst,Individual,Education,95,Web,2,2,3,0,0,1,0,6,13,1,0,0,0
00Q000000001660,Sneha Bose,QuantaSolutions,Director of Sales,Director,Other,1095,Web,7,5,11,3,0,6,2,10,70,1,0,1,1
00Q000000001661,Sneha Das,BlueIndustries,Director of IT,Director,Retail,50,Paid Ad,0,0,1,0,0,0,0,25,103,1,0,0,0
00Q000000001662,Karan Verma,NovaHealth,Sales Manager,Manager,Technology,2,Web,3,1,0,0,0,2,0,8,78,0,0,0,0
00Q000000001663,Riya Joshi,CobaltGroup,COO,C-Level,Finance,88,Paid Ad,8,2,7,1,2,1,1,38,60,1,0,1,1
00Q000000001664,Divya Nair,CobaltDynamics,Analyst,Individual,Retail,1289,Cold Outbound,5,3,3,1,2,1,2,5,82,0,0,0,1
00Q000000001665,Vikram Rao,SummitWorks,Engineer,Individual,Finance,221,Event,3,0,3,0,0,3,0,18,26,0,0,0,0
00Q000000001666,Aarav Patel,HelixGroup,Ops Manager,Manager,Retail,45,Cold Outbound,1,0,1,0,0,2,0,16,38,1,1,0,0
00Q000000001667,Dev Rao,BlueLabs,Head of Ops,Director,Finance,162,Cold Outbound,2,1,1,0,0,1,4,1,60,1,0,0,0
00Q000000001668,Dev Patel,OrbitIndustries,Analyst,Individual,Technology,426,Partner,2,0,3,0,0,3,3,6,2,0,0,0,1
00Q000000001669,Priya Mehta,QuantaSolutions,Ops Manager,Manager,Manufacturing,87,Paid Ad,0,1,1,0,0,1,0,10,9,1,1,0,0
00Q000000001670,Dev Verma,CobaltDynamics,Ops Manager,Manager,Retail,5113,Cold Outbound,3,1,3,0,0,2,2,1,96,1,0,0,1
00Q000000001671,Dev Bose,LumenDynamics,Ops Manager,Manager,Manufacturing,45,Paid Ad,1,0,1,0,0,2,0,21,27,1,1,0,0
00Q000000001672,Nikhil Gupta,LumenWorks,Director of Sales,Director,Retail,447,Web,1,1,0,0,0,0,3,1,81,1,0,1,1
00Q000000001673,Arjun Iyer,PioneerHealth,CFO,C-Level,Healthcare,311,Cold Outbound,3,0,6,0,0,0,0,90,5,0,0,0,0
00Q000000001674,Rohan Joshi,LumenPartners,IT Manager,Manager,Retail,34,Event,4,0,2,0,0,0,1,20,30,1,0,0,0
00Q000000001675,Rohan Khan,ZenWorks,Head of Ops,Director,Retail,52,Cold Outbound,2,0,1,0,0,0,1,7,8,0,0,0,1
00Q000000001676,Dev Nair,ApexGroup,IT Manager,Manager,Manufacturing,458,Event,3,2,3,3,0,3,1,50,48,1,1,0,1
00Q000000001677,Sneha Khan,VertexIndustries,IT Manager,Manager,Healthcare,123,Referral,5,2,1,1,0,3,0,22,58,1,0,0,1
00Q000000001678,Divya Verma,HelixPartners,Analyst,Individual,Manufacturing,165,Partner,0,1,1,0,0,2,0,20,13,1,0,0,0
00Q000000001679,Dev Patel,NovaWorks,CEO,C-Level,Technology,8,Paid Ad,3,0,2,1,0,0,1,14,95,0,0,0,0
00Q000000001680,Rohan Mehta,NovaNetworks,Analyst,Individual,Retail,266,Event,0,0,0,0,0,1,2,11,22,1,0,0,0
00Q000000001681,Divya Bose,ZenLabs,Director of Sales,Director,Technology,153,Cold Outbound,2,0,1,0,0,0,1,10,33,1,0,0,0
00Q000000001682,Sneha Rao,OrbitWorks,Engineer,Individual,Education,90,Event,2,1,3,0,0,1,0,18,104,0,1,0,0
00Q000000001683,Amit Das,SummitSystems,VP Engineering,VP,Education,170,Web,4,1,4,1,0,1,2,39,88,0,0,1,1
00Q000000001684,Riya Nair,PioneerGroup,Analyst,Individual,Manufacturing,53,Paid Ad,4,2,2,0,0,1,1,23,118,0,0,0,0
00Q000000001685,Rohan Mehta,BlueIndustries,CFO,C-Level,Education,40,Web,4,1,6,3,0,1,0,34,34,0,0,0,0
00Q000000001686,Rohan Gupta,LumenIndustries,Director of Sales,Director,Retail,69,Event,0,0,3,0,0,2,0,13,6,1,0,0,0
00Q000000001687,Nikhil Mehta,CobaltWorks,Coordinator,Individual,Technology,49,Web,3,2,4,1,0,2,1,5,88,0,0,0,0
00Q000000001688,Nikhil Nair,OrbitSystems,Director of IT,Director,Retail,2619,Web,2,1,1,0,1,2,0,48,64,1,0,1,1
00Q000000001689,Neha Das,BlueWorks,Director of IT,Director,Other,390,Cold Outbound,3,1,4,1,0,0,1,40,98,1,0,0,0
00Q000000001690,Isha Malhotra,PioneerSolutions,IT Manager,Manager,Technology,23,Web,3,1,1,0,0,2,2,4,113,0,0,0,0
00Q000000001691,Divya Joshi,BlueLabs,Analyst,Individual,Finance,2110,Partner,0,1,4,0,0,1,1,15,6,1,0,0,0
00Q000000001692,Vikram Khan,PioneerSolutions,Director of Sales,Director,Manufacturing,51,Paid Ad,1,0,1,0,0,2,0,42,94,1,0,0,0
00Q000000001693,Divya Sharma,QuantaSolutions,Head of Ops,Director,Healthcare,103,Web,4,0,2,0,0,0,0,6,92,0,0,0,0
00Q000000001694,Amit Kapoor,SummitDynamics,Sales Manager,Manager,Manufacturing,382,Cold Outbound,2,1,2,0,0,1,0,12,62,1,0,0,0
00Q000000001695,Meera Mehta,SummitHealth,VP Engineering,VP,Manufacturing,5,Web,2,0,4,0,3,2,1,27,96,1,0,0,0
00Q000000001696,Priya Reddy,ApexLabs,Coordinator,Individual,Education,69,Event,2,1,3,0,0,2,0,12,111,1,0,0,0
00Q000000001697,Ananya Malhotra,QuantaGroup,Engineer,Individual,Technology,42,Partner,4,5,8,0,0,4,3,3,107,0,0,1,1
00Q000000001698,Ananya Sharma,VertexNetworks,Ops Manager,Manager,Healthcare,135,Partner,1,1,2,0,0,2,0,25,67,1,0,0,0
00Q000000001699,Rahul Sharma,NovaDynamics,Analyst,Individual,Education,173,Referral,4,0,3,0,1,2,2,17,24,1,1,0,0
00Q000000001700,Divya Khan,ZenNetworks,Engineer,Individual,Finance,88,Cold Outbound,1,0,3,0,1,0,0,1,119,0,0,1,0
00Q000000001701,Rahul Bose,NovaDynamics,IT Manager,Manager,Manufacturing,82,Cold Outbound,1,0,2,0,0,1,1,78,101,1,0,0,0
00Q000000001702,Amit Singh,HelixLabs,Engineer,Individual,Technology,491,Event,1,1,2,0,1,2,0,11,25,0,0,1,0
00Q000000001703,Karan Singh,NovaHealth,Analyst,Individual,Technology,156,Paid Ad,0,0,0,0,1,0,0,51,29,1,0,0,0
00Q000000001704,Pooja Singh,BlueWorks,Director of Sales,Director,Healthcare,105,Referral,2,2,2,1,0,1,1,24,3,0,0,0,1
00Q000000001705,Sneha Malhotra,VertexPartners,Sales Manager,Manager,Healthcare,124,Referral,5,2,5,2,3,2,1,1,71,1,1,0,1
00Q000000001706,Isha Iyer,LumenPartners,VP Engineering,VP,Retail,1562,Event,2,0,0,0,1,2,0,1,32,0,0,0,1
00Q000000001707,Aarav Kapoor,LumenLabs,Sales Manager,Manager,Manufacturing,128,Web,3,1,1,1,0,1,0,21,20,0,0,0,0
00Q000000001708,Vikram Sharma,SummitHealth,Sales Manager,Manager,Other,45,Paid Ad,6,0,3,0,0,1,0,16,94,1,0,0,1
00Q000000001709,Meera Malhotra,NovaWorks,Analyst,Individual,Education,5,Web,1,0,1,0,0,0,2,4,88,1,0,0,0
00Q000000001710,Arjun Nair,CobaltSystems,Director of Sales,Director,Finance,11,Web,1,1,0,0,1,1,2,43,9,1,0,0,0
00Q000000001711,Karan Bose,LumenPartners,Analyst,Individual,Technology,49,Event,3,0,2,0,0,1,0,9,31,0,0,0,0
00Q000000001712,Dev Khan,ZenPartners,Coordinator,Individual,Education,84,Web,5,1,3,0,1,1,0,4,93,1,0,1,1
00Q000000001713,Kavya Patel,PioneerSolutions,VP Engineering,VP,Finance,43,Paid Ad,4,1,0,0,0,2,0,9,20,1,0,1,1
00Q000000001714,Aarav Mehta,OrbitDynamics,Director of IT,Director,Finance,168,Paid Ad,2,2,0,0,0,1,1,4,74,1,0,0,0
00Q000000001715,Neha Sharma,BlueIndustries,Head of Ops,Director,Technology,42,Web,1,0,0,0,0,2,2,5,57,1,0,0,0
00Q000000001716,Nikhil Gupta,HelixSolutions,Analyst,Individual,Retail,25,Web,5,0,5,0,0,3,0,16,56,1,1,0,0
00Q000000001717,Vikram Rao,PioneerPartners,Coordinator,Individual,Finance,249,Web,0,0,1,0,0,4,0,31,22,1,0,0,0
00Q000000001718,Karan Gupta,ApexNetworks,Ops Manager,Manager,Technology,775,Paid Ad,0,1,5,0,0,1,0,8,84,1,0,0,0
00Q000000001719,Neha Reddy,PioneerIndustries,Director of Sales,Director,Manufacturing,18,Referral,5,0,1,1,0,1,1,11,3,0,0,0,0
00Q000000001720,Neha Joshi,ZenWorks,Ops Manager,Manager,Retail,143,Paid Ad,4,2,2,2,0,4,3,2,32,1,1,1,1
00Q000000001721,Ananya Iyer,VertexIndustries,Coordinator,Individual,Finance,5,Paid Ad,0,0,1,0,1,3,0,14,61,1,0,0,0
00Q000000001722,Kavya Nair,BlueWorks,Coordinator,Individual,Retail,10,Referral,4,0,4,1,0,1,1,5,108,1,0,0,0
00Q000000001723,Rohan Sharma,OrbitIndustries,IT Manager,Manager,Healthcare,41,Web,7,4,7,2,0,2,2,2,92,0,0,1,1
00Q000000001724,Divya Malhotra,PioneerSystems,Head of Ops,Director,Healthcare,545,Referral,6,1,8,1,1,3,0,2,46,0,0,0,1
00Q000000001725,Pooja Malhotra,ApexNetworks,Engineer,Individual,Finance,30,Referral,4,1,2,0,2,1,0,11,82,1,1,0,0
00Q000000001726,Arjun Sharma,VertexLabs,Engineer,Individual,Technology,29,Referral,3,0,2,0,0,1,0,18,2,1,0,0,0
00Q000000001727,Amit Nair,PioneerPartners,Coordinator,Individual,Finance,105,Cold Outbound,2,1,0,0,0,0,0,9,33,1,0,0,0
00Q000000001728,Priya Khan,VertexSystems,Coordinator,Individual,Education,105,Web,6,0,2,0,0,1,1,25,10,0,1,0,1
00Q000000001729,Rohan Malhotra,QuantaHealth,IT Manager,Manager,Technology,30,Web,2,1,2,0,0,0,0,22,32,1,0,1,0
00Q000000001730,Rohan Sharma,SummitDynamics,Analyst,Individual,Other,1957,Cold Outbound,4,0,1,0,0,1,2,4,7,1,0,0,0
00Q000000001731,Meera Mehta,VertexLabs,Director of IT,Director,Technology,66,Cold Outbound,4,2,6,0,1,1,1,37,76,0,1,0,0
00Q000000001732,Vikram Patel,ApexDynamics,Director of IT,Director,Finance,117,Event,4,1,0,0,1,0,0,1,69,0,0,0,1
00Q000000001733,Sneha Malhotra,CobaltWorks,CTO,C-Level,Manufacturing,54,Paid Ad,1,0,0,0,0,0,0,34,92,1,0,0,0
00Q000000001734,Divya Das,SummitPartners,CEO,C-Level,Education,192,Web,3,2,2,0,0,0,2,13,49,1,0,0,0
00Q000000001735,Arjun Rao,PioneerSolutions,Coordinator,Individual,Technology,634,Partner,3,0,3,0,1,2,2,4,105,1,0,0,1
00Q000000001736,Amit Rao,SummitPartners,Analyst,Individual,Technology,1206,Paid Ad,3,1,1,0,0,1,0,10,69,1,0,0,0
00Q000000001737,Riya Bose,VertexHealth,IT Manager,Manager,Manufacturing,31,Event,1,1,2,0,0,1,1,13,41,1,0,0,0
00Q000000001738,Sanjay Malhotra,LumenSystems,Director of Sales,Director,Finance,518,Referral,4,1,5,1,0,1,1,8,49,1,0,0,1
00Q000000001739,Pooja Gupta,PioneerSolutions,Coordinator,Individual,Retail,226,Event,2,0,3,0,1,2,1,16,45,1,1,0,0
00Q000000001740,Neha Malhotra,LumenSolutions,Sales Manager,Manager,Education,429,Paid Ad,3,1,2,1,0,1,1,1,117,1,1,0,0
00Q000000001741,Amit Sharma,HelixLabs,Analyst,Individual,Technology,86,Web,4,2,10,0,2,1,2,3,22,1,0,0,1
00Q000000001742,Karan Das,PioneerIndustries,Analyst,Individual,Education,75,Event,3,3,4,0,0,1,2,10,91,1,1,0,0
00Q000000001743,Nikhil Malhotra,OrbitLabs,Director of IT,Director,Technology,404,Web,2,0,1,0,0,0,1,13,107,1,0,0,0
00Q000000001744,Sneha Das,OrbitSolutions,Head of Ops,Director,Other,416,Partner,2,1,2,0,1,1,1,2,16,1,1,0,0
00Q000000001745,Meera Reddy,HelixNetworks,IT Manager,Manager,Other,1041,Web,2,0,4,0,0,1,0,11,62,0,0,0,0
00Q000000001746,Kavya Nair,SummitGroup,VP Marketing,VP,Retail,133,Cold Outbound,3,1,2,0,1,0,0,17,84,1,0,0,0
00Q000000001747,Pooja Malhotra,SummitIndustries,Coordinator,Individual,Other,84,Event,1,1,3,1,0,0,1,11,61,1,0,0,0
00Q000000001748,Neha Das,BluePartners,Analyst,Individual,Education,2,Event,2,1,4,0,0,2,1,8,24,1,0,0,0
00Q000000001749,Amit Gupta,SummitSystems,Ops Manager,Manager,Technology,8,Referral,2,0,1,1,1,1,2,11,72,0,0,0,1
00Q000000001750,Aarav Singh,BlueSolutions,Director of IT,Director,Technology,55,Event,3,0,1,0,0,0,0,8,95,1,0,0,1
00Q000000001751,Sneha Verma,CobaltWorks,IT Manager,Manager,Technology,19,Referral,3,0,1,0,1,0,0,8,87,1,0,0,0
00Q000000001752,Arjun Nair,OrbitDynamics,Coordinator,Individual,Healthcare,337,Referral,2,1,2,0,1,1,2,25,111,1,0,0,0
00Q000000001753,Priya Joshi,SummitSolutions,CTO,C-Level,Manufacturing,13,Web,0,1,2,0,1,0,1,4,92,1,0,0,0
00Q000000001754,Aarav Iyer,VertexHealth,IT Manager,Manager,Healthcare,46,Referral,5,1,5,2,0,0,2,6,50,1,0,0,1
00Q000000001755,Rohan Khan,CobaltGroup,Sales Manager,Manager,Retail,49,Partner,4,0,3,0,0,2,1,2,103,0,1,0,0
00Q000000001756,Meera Verma,LumenNetworks,Head of Ops,Director,Healthcare,606,Web,15,1,14,3,0,1,2,11,65,1,0,1,1
00Q000000001757,Kavya Gupta,BlueWorks,CFO,C-Level,Technology,39,Cold Outbound,11,2,11,2,2,3,0,5,12,1,0,0,1
00Q000000001758,Sanjay Iyer,ApexIndustries,Director of IT,Director,Technology,196,Cold Outbound,1,0,3,0,1,1,1,42,114,1,0,0,0
00Q000000001759,Neha Joshi,HelixHealth,CTO,C-Level,Other,133,Paid Ad,4,0,1,0,0,1,0,32,114,1,0,0,0
00Q000000001760,Pooja Nair,BlueGroup,Coordinator,Individual,Finance,385,Web,2,0,3,0,0,0,0,14,3,1,0,0,0
00Q000000001761,Rohan Nair,BlueGroup,Head of Ops,Director,Finance,356,Paid Ad,0,0,1,0,0,1,1,3,15,0,0,0,1
00Q000000001762,Divya Joshi,OrbitLabs,VP Sales,VP,Technology,94,Cold Outbound,2,1,1,0,0,2,0,7,85,0,0,0,1
00Q000000001763,Sanjay Khan,NovaIndustries,IT Manager,Manager,Other,7,Referral,3,1,1,1,0,1,0,7,41,1,1,0,0
00Q000000001764,Divya Bose,SummitPartners,Sales Manager,Manager,Technology,70,Referral,1,0,2,0,0,0,0,76,78,1,1,0,0
00Q000000001765,Ananya Joshi,PioneerHealth,COO,C-Level,Retail,96,Referral,3,1,3,0,0,1,0,14,28,1,0,0,0
00Q000000001766,Divya Sharma,CobaltDynamics,Coordinator,Individual,Technology,152,Event,1,0,1,0,0,0,1,27,31,0,0,0,0
00Q000000001767,Riya Mehta,SummitSolutions,Sales Manager,Manager,Technology,32,Web,2,2,2,0,1,3,0,28,37,1,1,0,0
00Q000000001768,Sneha Verma,ZenNetworks,VP Engineering,VP,Retail,550,Web,2,1,1,1,0,1,0,22,5,1,0,0,0
00Q000000001769,Arjun Reddy,ZenWorks,VP Sales,VP,Manufacturing,101,Paid Ad,9,3,13,5,0,3,1,4,16,1,0,1,1
00Q000000001770,Priya Das,SummitDynamics,CEO,C-Level,Retail,25,Event,3,1,1,1,1,1,1,26,78,0,0,0,0
00Q000000001771,Divya Das,ApexLabs,VP Engineering,VP,Technology,50,Web,2,2,9,2,0,3,0,1,3,0,0,0,1
00Q000000001772,Ananya Singh,HelixPartners,Coordinator,Individual,Other,1795,Cold Outbound,3,0,2,0,0,1,0,5,65,1,1,0,0
00Q000000001773,Dev Mehta,QuantaWorks,CEO,C-Level,Manufacturing,269,Referral,5,2,4,1,0,3,4,6,71,1,0,0,1
00Q000000001774,Meera Singh,HelixDynamics,Sales Manager,Manager,Other,479,Web,2,2,4,1,1,1,0,15,13,1,1,0,1
00Q000000001775,Meera Khan,BlueIndustries,Head of Ops,Director,Technology,20,Web,3,1,1,1,0,2,1,8,29,1,0,0,0
00Q000000001776,Nikhil Kapoor,ApexPartners,IT Manager,Manager,Healthcare,35,Referral,1,1,1,0,0,0,0,16,36,1,0,0,0
00Q000000001777,Isha Khan,BlueWorks,VP Sales,VP,Finance,35,Paid Ad,3,2,0,0,1,0,1,1,8,0,0,0,1
00Q000000001778,Sneha Kapoor,BlueHealth,Ops Manager,Manager,Retail,131,Web,1,0,1,1,1,1,0,39,52,0,0,0,0
00Q000000001779,Neha Sharma,CobaltSolutions,VP Engineering,VP,Retail,76,Cold Outbound,1,2,8,1,0,2,1,25,81,1,0,0,0
00Q000000001780,Meera Iyer,CobaltHealth,Coordinator,Individual,Healthcare,47,Cold Outbound,1,1,3,1,0,0,0,2,87,0,0,0,0
00Q000000001781,Vikram Malhotra,LumenWorks,Engineer,Individual,Technology,57,Referral,4,0,3,1,0,4,1,1,13,1,0,0,0
00Q000000001782,Amit Patel,VertexWorks,Ops Manager,Manager,Technology,30,Partner,2,0,0,0,0,0,1,44,77,1,0,0,0
00Q000000001783,Ananya Das,VertexSolutions,Coordinator,Individual,Technology,75,Paid Ad,1,1,1,0,1,0,1,30,104,1,1,0,0
00Q000000001784,Vikram Iyer,VertexHealth,Director of Sales,Director,Education,528,Cold Outbound,7,0,4,0,1,2,1,0,26,1,0,0,0
00Q000000001785,Rahul Patel,ApexNetworks,Engineer,Individual,Finance,10,Web,2,3,5,3,1,1,0,9,111,0,1,0,1
00Q000000001786,Priya Sharma,CobaltSystems,Sales Manager,Manager,Technology,167,Paid Ad,3,1,4,1,2,2,4,4,65,1,0,0,1
00Q000000001787,Pooja Nair,OrbitPartners,Coordinator,Individual,Finance,788,Web,0,0,0,0,0,0,0,9,61,1,1,0,0
00Q000000001788,Isha Verma,QuantaDynamics,Analyst,Individual,Technology,75,Web,5,2,1,1,0,0,2,2,103,0,0,0,0
00Q000000001789,Dev Kapoor,VertexIndustries,Director of IT,Director,Other,45,Cold Outbound,4,0,6,0,0,0,2,8,7,1,0,0,0
00Q000000001790,Pooja Malhotra,VertexHealth,IT Manager,Manager,Finance,397,Referral,3,1,0,0,0,0,0,9,112,1,0,0,0
00Q000000001791,Sneha Malhotra,ApexDynamics,Engineer,Individual,Other,22,Event,2,0,4,0,0,1,2,6,80,1,1,0,0
00Q000000001792,Dev Malhotra,NovaHealth,Analyst,Individual,Retail,96,Web,7,1,2,2,0,1,1,51,3,1,1,0,0
00Q000000001793,Dev Joshi,ZenWorks,Coordinator,Individual,Manufacturing,20,Cold Outbound,2,1,4,0,1,2,1,52,111,1,0,0,0
00Q000000001794,Ananya Bose,HelixSolutions,Director of Sales,Director,Healthcare,6,Event,1,0,1,0,0,0,0,45,8,1,0,0,0
00Q000000001795,Sneha Mehta,SummitWorks,Analyst,Individual,Retail,79,Web,0,0,3,1,0,1,1,4,2,1,1,0,0
00Q000000001796,Pooja Patel,OrbitIndustries,Ops Manager,Manager,Retail,14,Paid Ad,1,0,3,0,0,0,1,6,90,1,0,0,0
00Q000000001797,Aarav Mehta,CobaltPartners,Director of IT,Director,Technology,97,Web,3,0,1,1,1,2,2,8,51,0,0,0,0
00Q000000001798,Riya Mehta,BlueNetworks,Ops Manager,Manager,Other,529,Web,0,1,0,0,0,2,1,29,107,1,0,0,0
00Q000000001799,Vikram Joshi,QuantaSolutions,Ops Manager,Manager,Finance,1605,Paid Ad,1,1,4,0,0,1,1,3,11,0,0,0,0
00Q000000001800,Nikhil Mehta,PioneerWorks,Engineer,Individual,Finance,114,Cold Outbound,3,0,2,1,0,2,0,4,104,1,0,0,0
00Q000000001801,Rohan Das,HelixSolutions,CTO,C-Level,Healthcare,458,Partner,2,2,5,1,1,0,0,9,5,0,0,1,1
00Q000000001802,Dev Rao,ApexSystems,Ops Manager,Manager,Retail,180,Web,1,0,3,0,0,1,0,7,111,1,0,0,1
00Q000000001803,Amit Rao,BlueSystems,Engineer,Individual,Finance,55,Referral,3,1,2,0,1,3,0,4,116,1,0,0,0
00Q000000001804,Isha Das,PioneerSystems,VP Engineering,VP,Finance,5,Partner,2,1,3,0,1,0,0,10,69,1,0,0,1
00Q000000001805,Nikhil Nair,VertexNetworks,Head of Ops,Director,Technology,1141,Web,1,1,2,0,0,1,0,5,81,0,0,0,0
00Q000000001806,Rohan Sharma,ApexIndustries,Director of Sales,Director,Healthcare,20,Partner,5,0,4,0,0,1,1,6,94,1,0,0,1
00Q000000001807,Rahul Mehta,BlueWorks,VP Sales,VP,Technology,791,Event,2,0,3,0,0,1,2,2,3,0,1,0,0
00Q000000001808,Priya Khan,LumenSystems,Engineer,Individual,Education,222,Cold Outbound,1,1,3,0,0,1,0,17,18,1,0,0,0
00Q000000001809,Aarav Khan,QuantaDynamics,VP Engineering,VP,Finance,23,Referral,3,1,4,1,0,2,0,1,15,1,0,0,1
00Q000000001810,Arjun Singh,NovaSystems,Director of IT,Director,Other,158,Cold Outbound,1,0,2,0,0,0,0,3,44,1,0,0,0
00Q000000001811,Nikhil Bose,VertexGroup,Sales Manager,Manager,Retail,2439,Event,0,0,0,0,0,1,0,8,26,1,0,0,0
00Q000000001812,Sanjay Khan,NovaPartners,Engineer,Individual,Retail,995,Paid Ad,7,2,2,0,0,2,1,1,45,1,0,0,1
00Q000000001813,Sneha Rao,ApexSystems,Engineer,Individual,Other,46,Web,3,2,3,2,0,0,0,6,52,0,0,0,0
00Q000000001814,Pooja Sharma,LumenHealth,CTO,C-Level,Technology,34,Paid Ad,4,1,3,1,0,0,0,5,21,1,0,0,1
00Q000000001815,Aarav Patel,CobaltGroup,Engineer,Individual,Manufacturing,115,Referral,0,0,2,0,0,4,0,15,29,1,0,0,1
00Q000000001816,Priya Gupta,OrbitHealth,Analyst,Individual,Technology,77,Web,3,0,2,0,1,1,0,4,69,0,0,0,0
00Q000000001817,Arjun Gupta,PioneerPartners,Head of Ops,Director,Technology,601,Event,2,1,2,1,0,1,0,9,41,0,0,0,1
00Q000000001818,Nikhil Joshi,ZenDynamics,Director of IT,Director,Finance,301,Web,4,0,4,1,0,0,1,6,85,1,0,0,1
00Q000000001819,Arjun Rao,NovaIndustries,Coordinator,Individual,Retail,7,Cold Outbound,2,0,1,1,0,4,0,84,41,0,0,0,0
00Q000000001820,Kavya Bose,QuantaIndustries,VP Engineering,VP,Education,197,Partner,0,1,1,1,0,1,0,5,113,0,0,0,0
00Q000000001821,Sanjay Joshi,QuantaLabs,IT Manager,Manager,Finance,76,Paid Ad,2,3,6,0,0,0,0,1,105,0,0,0,0
00Q000000001822,Rohan Reddy,LumenWorks,VP Engineering,VP,Retail,105,Event,6,3,3,1,1,1,0,5,87,1,0,0,1
00Q000000001823,Sneha Patel,ZenLabs,Coordinator,Individual,Technology,144,Web,4,1,1,0,1,0,0,2,65,1,0,0,0
00Q000000001824,Divya Patel,BlueGroup,Engineer,Individual,Technology,600,Referral,0,0,1,0,0,1,1,9,114,1,0,0,0
00Q000000001825,Rahul Sharma,ApexGroup,Director of IT,Director,Technology,431,Web,4,3,5,2,0,3,2,20,35,1,0,0,1
00Q000000001826,Amit Verma,OrbitSystems,Coordinator,Individual,Manufacturing,32,Paid Ad,4,1,7,1,1,0,1,8,24,0,0,0,0
00Q000000001827,Neha Iyer,BlueSystems,Sales Manager,Manager,Healthcare,91,Partner,2,3,4,2,0,2,0,10,51,1,0,1,1
00Q000000001828,Nikhil Verma,NovaWorks,Coordinator,Individual,Finance,50,Web,1,0,0,0,0,2,1,6,110,1,0,0,0
00Q000000001829,Rohan Nair,ZenLabs,Head of Ops,Director,Technology,7,Web,3,0,1,0,1,2,0,5,73,1,0,0,0
00Q000000001830,Divya Bose,QuantaDynamics,VP Sales,VP,Manufacturing,84,Web,0,1,4,1,1,6,2,14,6,1,0,0,1
00Q000000001831,Nikhil Nair,ApexSolutions,VP Sales,VP,Education,1583,Event,7,1,1,0,0,2,2,2,1,0,0,0,1
00Q000000001832,Arjun Rao,HelixNetworks,COO,C-Level,Technology,7,Web,5,0,0,0,0,0,1,16,83,1,0,0,1
00Q000000001833,Riya Malhotra,QuantaHealth,VP Sales,VP,Retail,95,Event,3,0,4,0,2,2,0,5,52,0,0,0,0
00Q000000001834,Amit Patel,CobaltLabs,Sales Manager,Manager,Manufacturing,91,Web,4,1,3,0,1,2,0,3,8,0,1,0,0
00Q000000001835,Arjun Singh,VertexNetworks,IT Manager,Manager,Healthcare,153,Web,6,0,2,0,0,0,2,6,10,1,0,0,0
00Q000000001836,Sanjay Khan,OrbitDynamics,VP Sales,VP,Technology,23,Paid Ad,1,0,2,1,0,1,1,5,13,1,0,0,1
00Q000000001837,Rohan Singh,PioneerHealth,CFO,C-Level,Other,11,Cold Outbound,1,1,3,0,0,0,3,14,53,0,0,0,0
00Q000000001838,Pooja Nair,HelixGroup,CTO,C-Level,Healthcare,12,Web,3,2,1,1,0,2,3,6,62,1,0,0,1
00Q000000001839,Divya Verma,HelixSystems,Director of Sales,Director,Healthcare,732,Web,0,0,0,0,0,1,0,5,84,0,0,0,0
00Q000000001840,Pooja Das,HelixSolutions,Engineer,Individual,Education,22,Referral,1,0,0,0,0,2,0,32,15,1,1,0,0
00Q000000001841,Vikram Iyer,OrbitIndustries,CEO,C-Level,Education,47,Partner,5,0,0,0,0,2,2,32,119,0,0,0,0
00Q000000001842,Kavya Kapoor,PioneerSystems,CTO,C-Level,Retail,2337,Event,3,0,4,4,2,2,0,8,84,0,0,0,1
00Q000000001843,Rahul Iyer,SummitLabs,Director of Sales,Director,Education,33,Paid Ad,2,1,0,0,0,0,0,36,107,1,0,0,0
00Q000000001844,Dev Singh,NovaHealth,VP Marketing,VP,Technology,166,Paid Ad,0,0,2,0,1,0,0,13,93,1,0,0,0
00Q000000001845,Karan Malhotra,VertexPartners,IT Manager,Manager,Retail,490,Cold Outbound,0,0,1,0,0,0,1,7,46,1,0,0,0
00Q000000001846,Isha Kapoor,NovaGroup,COO,C-Level,Finance,456,Web,2,0,4,1,0,1,1,15,30,0,0,0,1
00Q000000001847,Sanjay Malhotra,ApexSystems,Coordinator,Individual,Education,13,Web,2,2,1,0,0,0,1,12,1,1,1,0,0
00Q000000001848,Priya Gupta,PioneerWorks,VP Sales,VP,Finance,34,Event,3,0,0,0,0,1,0,11,16,0,0,0,1
00Q000000001849,Dev Joshi,LumenSystems,Engineer,Individual,Technology,156,Event,6,3,2,0,0,1,2,6,99,1,0,0,1
00Q000000001850,Ananya Sharma,ApexHealth,Ops Manager,Manager,Healthcare,1796,Web,2,0,2,0,0,1,2,25,7,0,0,0,0
00Q000000001851,Rohan Das,CobaltNetworks,Coordinator,Individual,Retail,31,Cold Outbound,1,1,1,0,1,2,0,7,30,1,0,1,1
00Q000000001852,Aarav Iyer,QuantaIndustries,IT Manager,Manager,Manufacturing,47,Paid Ad,0,0,0,0,0,0,1,10,48,1,0,0,1
00Q000000001853,Nikhil Singh,SummitLabs,Engineer,Individual,Retail,186,Cold Outbound,2,2,5,1,0,1,3,14,72,1,0,0,0
00Q000000001854,Meera Reddy,ZenDynamics,CTO,C-Level,Technology,252,Cold Outbound,0,0,1,0,0,1,4,42,43,1,1,0,0
00Q000000001855,Isha Verma,CobaltIndustries,Sales Manager,Manager,Technology,275,Event,0,0,1,0,0,1,0,9,36,1,1,0,0
00Q000000001856,Aarav Singh,OrbitIndustries,VP Sales,VP,Manufacturing,27,Cold Outbound,0,1,3,0,0,1,0,62,10,1,0,1,0
00Q000000001857,Rohan Mehta,BlueSystems,Analyst,Individual,Healthcare,44,Paid Ad,10,2,1,0,0,0,1,17,61,0,1,0,0
00Q000000001858,Riya Bose,PioneerIndustries,Analyst,Individual,Retail,137,Referral,4,1,3,0,1,0,1,11,79,1,0,0,0
00Q000000001859,Kavya Patel,VertexLabs,Director of Sales,Director,Other,660,Paid Ad,0,0,2,1,0,1,0,30,30,0,0,0,0
00Q000000001860,Aarav Mehta,ApexIndustries,Director of Sales,Director,Retail,69,Cold Outbound,4,0,3,0,0,2,1,34,45,1,0,0,0
00Q000000001861,Divya Kapoor,BlueSolutions,Ops Manager,Manager,Healthcare,96,Partner,0,1,3,0,0,0,1,11,103,0,0,0,0
00Q000000001862,Vikram Kapoor,ZenSystems,VP Engineering,VP,Manufacturing,21,Paid Ad,6,3,5,1,4,2,3,0,21,1,0,0,1
00Q000000001863,Aarav Sharma,CobaltIndustries,VP Marketing,VP,Other,1627,Web,6,2,3,0,1,1,0,1,110,0,0,1,1
00Q000000001864,Kavya Bose,PioneerDynamics,IT Manager,Manager,Retail,125,Cold Outbound,2,0,4,0,0,1,0,3,20,1,0,0,0
00Q000000001865,Dev Khan,ApexHealth,COO,C-Level,Education,501,Event,2,1,2,2,0,0,1,15,118,0,0,1,1
00Q000000001866,Nikhil Singh,BlueNetworks,Director of IT,Director,Finance,104,Paid Ad,3,1,3,1,1,1,0,9,34,0,0,0,1
00Q000000001867,Karan Kapoor,BluePartners,Head of Ops,Director,Retail,113,Paid Ad,4,2,2,1,1,2,1,35,70,0,0,0,0
00Q000000001868,Arjun Rao,VertexGroup,Sales Manager,Manager,Technology,10,Event,2,0,3,1,0,1,1,23,90,0,0,0,0
00Q000000001869,Aarav Rao,HelixDynamics,Coordinator,Individual,Retail,3,Web,5,0,2,2,1,1,0,8,13,1,0,0,0
00Q000000001870,Priya Kapoor,NovaDynamics,Coordinator,Individual,Other,650,Paid Ad,2,1,5,1,1,1,1,6,87,1,0,1,1
00Q000000001871,Priya Singh,NovaSystems,Head of Ops,Director,Other,111,Web,3,2,1,0,1,1,1,8,28,1,0,0,1
00Q000000001872,Sanjay Mehta,OrbitIndustries,Director of IT,Director,Technology,135,Web,4,0,2,0,0,2,0,8,69,1,0,0,0
00Q000000001873,Sneha Reddy,CobaltHealth,IT Manager,Manager,Education,15,Web,3,0,2,0,0,1,1,14,47,0,0,0,0
00Q000000001874,Divya Singh,SummitLabs,Head of Ops,Director,Technology,25,Paid Ad,1,0,1,0,0,4,2,3,29,1,0,0,0
00Q000000001875,Sanjay Bose,QuantaSystems,Analyst,Individual,Healthcare,489,Web,0,1,0,0,0,0,0,4,87,0,0,0,0
00Q000000001876,Riya Singh,NovaLabs,Coordinator,Individual,Retail,1353,Referral,5,1,5,1,0,1,0,6,84,1,0,0,0
00Q000000001877,Arjun Khan,NovaLabs,CEO,C-Level,Healthcare,39,Cold Outbound,9,1,5,2,0,2,1,5,17,1,0,1,1
00Q000000001878,Rohan Khan,PioneerHealth,IT Manager,Manager,Finance,272,Event,4,2,4,1,0,1,3,4,11,0,0,0,0
00Q000000001879,Vikram Verma,PioneerGroup,Analyst,Individual,Retail,132,Cold Outbound,1,0,0,0,0,0,0,9,49,1,0,0,0
00Q000000001880,Divya Rao,LumenIndustries,IT Manager,Manager,Retail,83,Event,2,1,2,0,2,2,0,23,27,1,0,0,0
00Q000000001881,Nikhil Malhotra,QuantaDynamics,IT Manager,Manager,Manufacturing,1600,Web,3,1,6,1,0,4,6,10,38,1,0,0,0
00Q000000001882,Rahul Mehta,QuantaSystems,Head of Ops,Director,Manufacturing,50,Partner,1,1,4,0,0,0,0,9,23,1,0,0,0
00Q000000001883,Meera Reddy,CobaltLabs,CFO,C-Level,Retail,639,Referral,3,2,4,0,0,1,1,4,114,0,0,0,1
00Q000000001884,Kavya Malhotra,ZenIndustries,IT Manager,Manager,Healthcare,176,Cold Outbound,1,0,1,0,0,0,0,8,3,1,0,0,0
00Q000000001885,Neha Singh,CobaltNetworks,Ops Manager,Manager,Technology,96,Web,1,1,1,0,0,2,1,16,78,0,0,0,0
00Q000000001886,Amit Iyer,QuantaHealth,IT Manager,Manager,Manufacturing,779,Cold Outbound,0,0,1,0,0,2,1,5,91,1,0,0,0
00Q000000001887,Meera Bose,QuantaSystems,IT Manager,Manager,Retail,153,Event,2,1,1,0,0,1,0,28,36,1,1,0,0
00Q000000001888,Aarav Bose,VertexDynamics,IT Manager,Manager,Finance,86,Cold Outbound,0,1,0,0,0,0,0,27,40,1,1,0,0
00Q000000001889,Aarav Verma,ZenGroup,Engineer,Individual,Technology,787,Web,3,1,1,0,2,2,4,6,32,1,0,0,1
00Q000000001890,Amit Joshi,VertexIndustries,VP Marketing,VP,Other,648,Paid Ad,2,3,5,1,0,3,2,3,68,1,0,1,1
00Q000000001891,Isha Rao,PioneerLabs,Ops Manager,Manager,Education,603,Web,1,2,0,0,0,1,0,17,114,1,0,0,1
00Q000000001892,Ananya Malhotra,OrbitHealth,Sales Manager,Manager,Manufacturing,2,Partner,3,1,1,1,0,2,0,10,105,1,1,0,1
00Q000000001893,Pooja Patel,QuantaWorks,Analyst,Individual,Education,192,Web,2,0,0,0,0,0,0,12,77,0,0,0,0
00Q000000001894,Arjun Mehta,PioneerWorks,VP Marketing,VP,Other,136,Event,3,1,3,0,0,1,0,5,26,0,0,0,1
00Q000000001895,Ananya Joshi,LumenSolutions,Coordinator,Individual,Manufacturing,94,Paid Ad,7,1,2,0,0,1,0,13,74,1,0,0,0
00Q000000001896,Aarav Bose,BlueIndustries,Sales Manager,Manager,Finance,248,Event,2,0,1,1,0,1,1,8,52,1,0,0,0
00Q000000001897,Rahul Das,SummitIndustries,VP Marketing,VP,Manufacturing,147,Partner,1,2,4,0,0,1,1,8,15,1,1,0,0
00Q000000001898,Kavya Khan,SummitPartners,Ops Manager,Manager,Other,274,Paid Ad,3,1,0,0,1,0,2,27,45,1,0,0,0
00Q000000001899,Meera Singh,ZenHealth,CFO,C-Level,Retail,66,Web,1,2,1,1,0,1,2,7,31,1,0,0,1
00Q000000001900,Riya Nair,ApexIndustries,Analyst,Individual,Technology,941,Partner,4,1,3,0,0,3,0,4,61,1,1,0,0
00Q000000001901,Meera Gupta,OrbitDynamics,Director of IT,Director,Other,320,Event,3,1,4,1,1,3,1,34,10,0,0,0,1
00Q000000001902,Vikram Mehta,ApexNetworks,CEO,C-Level,Retail,224,Paid Ad,6,3,2,1,0,1,2,5,79,1,0,0,1
00Q000000001903,Meera Iyer,ZenSolutions,Ops Manager,Manager,Healthcare,208,Web,3,0,2,0,0,4,1,18,26,1,0,0,0
00Q000000001904,Riya Patel,ZenGroup,Head of Ops,Director,Other,564,Event,3,0,2,0,0,3,0,6,101,1,0,0,1
00Q000000001905,Riya Das,NovaIndustries,Ops Manager,Manager,Retail,460,Partner,2,0,0,0,0,1,1,9,5,0,0,0,0
00Q000000001906,Priya Gupta,NovaWorks,Head of Ops,Director,Education,84,Cold Outbound,0,1,2,2,2,0,1,19,92,0,0,0,0
00Q000000001907,Arjun Sharma,CobaltLabs,VP Engineering,VP,Other,439,Cold Outbound,1,1,4,0,0,2,1,25,119,0,1,0,0
00Q000000001908,Nikhil Verma,NovaNetworks,Director of IT,Director,Technology,129,Paid Ad,1,0,1,0,0,2,1,3,54,1,0,0,0
00Q000000001909,Amit Das,VertexIndustries,CTO,C-Level,Retail,1764,Web,6,0,2,1,0,1,0,1,6,0,0,0,1
00Q000000001910,Neha Das,NovaSolutions,Ops Manager,Manager,Healthcare,516,Event,3,0,3,0,0,0,0,20,72,1,0,0,0
00Q000000001911,Meera Verma,HelixHealth,IT Manager,Manager,Education,38,Web,3,3,6,1,0,1,0,24,46,0,0,0,0
00Q000000001912,Sneha Iyer,BlueIndustries,IT Manager,Manager,Education,3281,Paid Ad,5,0,4,1,0,5,1,7,109,1,0,0,0
00Q000000001913,Vikram Khan,QuantaNetworks,Director of Sales,Director,Education,4,Web,1,0,2,0,0,0,0,18,50,0,0,0,0
00Q000000001914,Nikhil Sharma,LumenSystems,VP Engineering,VP,Retail,258,Cold Outbound,7,3,3,0,0,1,1,6,25,0,0,0,1
00Q000000001915,Rahul Singh,QuantaHealth,Head of Ops,Director,Education,35,Web,1,0,1,0,0,0,2,57,68,1,0,0,0
00Q000000001916,Meera Mehta,LumenWorks,Coordinator,Individual,Finance,1674,Web,1,1,2,1,0,1,0,18,15,1,0,0,0
00Q000000001917,Meera Rao,VertexLabs,Ops Manager,Manager,Healthcare,145,Cold Outbound,6,1,4,2,2,5,2,2,10,1,0,0,1
00Q000000001918,Divya Joshi,BlueGroup,Director of Sales,Director,Technology,30,Web,4,0,2,0,0,1,1,3,13,1,0,0,0
00Q000000001919,Rohan Khan,PioneerSystems,CFO,C-Level,Education,66,Web,2,0,1,0,0,0,0,3,46,1,0,0,0
00Q000000001920,Dev Mehta,LumenSolutions,Analyst,Individual,Retail,34,Paid Ad,0,1,1,0,0,0,1,14,96,1,0,0,0
00Q000000001921,Meera Singh,CobaltPartners,Analyst,Individual,Manufacturing,62,Cold Outbound,6,2,3,2,0,0,0,25,66,0,0,0,0
00Q000000001922,Nikhil Das,VertexDynamics,Sales Manager,Manager,Finance,60,Web,0,0,2,0,0,2,0,2,70,0,1,0,0
00Q000000001923,Sneha Joshi,PioneerSolutions,Engineer,Individual,Manufacturing,32,Event,3,1,6,1,0,4,2,2,35,1,0,1,1
00Q000000001924,Amit Gupta,PioneerSystems,COO,C-Level,Healthcare,149,Web,2,1,4,0,1,2,0,21,20,1,0,0,0
00Q000000001925,Karan Mehta,SummitSolutions,IT Manager,Manager,Other,178,Paid Ad,2,0,1,1,0,1,1,6,114,1,0,0,0
00Q000000001926,Sanjay Nair,BlueWorks,IT Manager,Manager,Education,22,Referral,1,0,3,0,0,1,0,19,22,0,1,0,0
00Q000000001927,Vikram Rao,SummitIndustries,Engineer,Individual,Manufacturing,8,Paid Ad,2,0,1,0,0,0,0,6,67,1,0,0,0
00Q000000001928,Neha Kapoor,LumenSolutions,Ops Manager,Manager,Education,158,Event,8,2,2,1,1,2,0,2,55,0,0,0,1
00Q000000001929,Meera Iyer,ZenLabs,CEO,C-Level,Technology,220,Cold Outbound,4,2,2,1,0,2,3,11,31,1,0,0,1
00Q000000001930,Aarav Sharma,QuantaSystems,IT Manager,Manager,Technology,297,Paid Ad,0,0,3,0,0,2,0,5,61,1,0,0,0
00Q000000001931,Aarav Malhotra,LumenLabs,Engineer,Individual,Manufacturing,227,Paid Ad,4,0,0,0,0,0,0,9,45,1,0,0,1
00Q000000001932,Amit Rao,ZenSystems,Coordinator,Individual,Retail,1052,Event,1,0,1,1,0,1,0,10,109,1,1,0,0
00Q000000001933,Kavya Rao,CobaltDynamics,CEO,C-Level,Technology,443,Referral,3,2,6,0,1,2,1,29,119,1,0,0,1
00Q000000001934,Meera Gupta,BlueHealth,COO,C-Level,Technology,5539,Referral,1,0,0,0,0,0,1,7,56,1,0,0,0
00Q000000001935,Arjun Reddy,HelixWorks,Engineer,Individual,Manufacturing,10414,Event,3,4,4,0,0,0,2,2,93,1,0,0,1
00Q000000001936,Sneha Patel,ApexLabs,Head of Ops,Director,Technology,7,Web,6,1,0,0,1,1,0,16,23,0,1,0,0
00Q000000001937,Arjun Joshi,NovaWorks,Engineer,Individual,Healthcare,3,Web,2,0,1,0,0,3,2,18,30,1,0,0,0
00Q000000001938,Divya Das,HelixIndustries,Sales Manager,Manager,Healthcare,98,Referral,3,1,1,0,0,2,0,5,114,1,1,0,0
00Q000000001939,Amit Malhotra,HelixLabs,Engineer,Individual,Other,211,Web,1,2,0,0,0,1,0,6,88,0,1,0,0
00Q000000001940,Nikhil Gupta,ApexGroup,VP Marketing,VP,Finance,88,Web,1,1,1,0,0,0,0,6,76,1,0,0,0
00Q000000001941,Riya Bose,VertexWorks,CEO,C-Level,Technology,285,Paid Ad,2,1,3,2,0,0,0,6,60,0,0,0,0
00Q000000001942,Nikhil Kapoor,CobaltWorks,Engineer,Individual,Technology,66,Partner,0,0,0,0,0,0,0,20,119,1,0,0,0
00Q000000001943,Sneha Patel,NovaNetworks,Ops Manager,Manager,Technology,35,Web,1,1,0,0,0,1,0,9,26,1,0,0,0
00Q000000001944,Karan Malhotra,CobaltPartners,Engineer,Individual,Retail,44,Partner,0,1,2,1,0,0,1,5,3,1,0,0,0
00Q000000001945,Priya Iyer,ApexGroup,IT Manager,Manager,Healthcare,73,Web,0,0,1,0,0,0,0,62,13,1,1,0,0
00Q000000001946,Ananya Iyer,PioneerNetworks,Engineer,Individual,Technology,352,Cold Outbound,1,1,1,0,0,2,0,9,68,1,0,0,0
00Q000000001947,Sneha Malhotra,ApexNetworks,Analyst,Individual,Other,47,Event,2,1,0,0,0,3,0,24,53,0,0,0,0
00Q000000001948,Kavya Rao,VertexLabs,CFO,C-Level,Education,64,Event,2,2,1,1,0,1,2,14,5,1,0,0,0
00Q000000001949,Sneha Patel,CobaltWorks,Analyst,Individual,Technology,234,Paid Ad,6,7,5,5,0,3,1,4,105,0,0,0,1
00Q000000001950,Rahul Malhotra,ApexPartners,VP Engineering,VP,Finance,73,Event,6,0,4,0,0,1,0,20,8,1,0,1,1
00Q000000001951,Dev Mehta,QuantaPartners,Coordinator,Individual,Education,531,Event,2,0,1,0,0,1,1,6,11,1,1,0,0
00Q000000001952,Vikram Bose,ZenDynamics,Sales Manager,Manager,Retail,25,Referral,1,0,0,0,0,1,0,19,38,1,0,0,0
00Q000000001953,Priya Rao,ZenLabs,Sales Manager,Manager,Other,18,Cold Outbound,1,0,1,0,0,1,1,3,23,0,0,0,0
00Q000000001954,Dev Malhotra,NovaLabs,CFO,C-Level,Technology,157,Cold Outbound,3,1,2,0,0,3,1,2,86,1,0,0,0
00Q000000001955,Meera Iyer,VertexGroup,Analyst,Individual,Retail,182,Event,3,0,2,0,0,1,0,4,42,0,0,0,0
00Q000000001956,Sneha Verma,SummitPartners,Coordinator,Individual,Technology,27,Cold Outbound,4,3,3,1,0,2,0,2,77,1,0,0,0
00Q000000001957,Rohan Malhotra,VertexWorks,Director of IT,Director,Finance,746,Web,1,2,0,0,0,0,0,44,42,1,0,0,1
00Q000000001958,Aarav Reddy,ApexWorks,Director of Sales,Director,Retail,1785,Paid Ad,5,0,1,1,0,0,3,4,101,0,0,0,1
00Q000000001959,Divya Gupta,BlueNetworks,Director of IT,Director,Retail,38,Event,2,2,3,1,0,0,0,8,113,1,0,0,0
00Q000000001960,Aarav Patel,VertexLabs,Analyst,Individual,Technology,926,Referral,3,2,2,0,0,2,1,17,58,0,0,0,0
00Q000000001961,Neha Reddy,ApexSolutions,Engineer,Individual,Technology,2,Cold Outbound,0,0,1,0,1,2,0,42,20,0,0,0,0
00Q000000001962,Sneha Das,ApexNetworks,VP Engineering,VP,Retail,499,Cold Outbound,2,1,1,1,0,0,0,8,109,1,0,0,0
00Q000000001963,Rohan Khan,NovaIndustries,Head of Ops,Director,Technology,27,Cold Outbound,1,1,4,0,0,0,1,8,33,1,0,0,0
00Q000000001964,Karan Nair,NovaSystems,Director of Sales,Director,Finance,430,Paid Ad,3,0,1,1,0,0,0,3,23,1,0,0,1
00Q000000001965,Arjun Sharma,QuantaPartners,Engineer,Individual,Technology,23,Referral,1,0,4,0,0,0,1,1,102,1,0,0,0
00Q000000001966,Sanjay Kapoor,ApexNetworks,Coordinator,Individual,Technology,89,Partner,3,1,2,1,0,1,0,20,23,1,0,0,1
00Q000000001967,Sanjay Singh,VertexWorks,CFO,C-Level,Education,29,Web,6,1,1,0,0,0,0,8,86,0,0,0,0
00Q000000001968,Meera Singh,ZenNetworks,Director of Sales,Director,Technology,72,Cold Outbound,1,1,0,0,0,1,1,17,5,1,0,0,1
00Q000000001969,Karan Patel,NovaLabs,Analyst,Individual,Manufacturing,1548,Web,5,1,1,0,0,2,0,9,29,1,0,0,0
00Q000000001970,Nikhil Patel,HelixDynamics,CFO,C-Level,Retail,84,Partner,1,0,2,0,0,0,0,4,37,0,0,0,1
00Q000000001971,Karan Kapoor,OrbitSystems,Sales Manager,Manager,Technology,2357,Paid Ad,0,1,0,0,0,1,0,4,9,1,0,0,0
00Q000000001972,Rahul Khan,VertexWorks,Sales Manager,Manager,Manufacturing,55,Web,7,3,2,1,0,1,0,13,41,1,1,0,0
00Q000000001973,Meera Kapoor,OrbitSolutions,Sales Manager,Manager,Finance,932,Web,3,4,7,3,2,4,0,6,36,1,1,1,1
00Q000000001974,Riya Malhotra,QuantaWorks,Director of Sales,Director,Education,8,Event,1,1,0,0,0,1,1,36,43,0,0,0,0
00Q000000001975,Vikram Malhotra,CobaltLabs,Sales Manager,Manager,Education,64,Referral,4,1,7,0,0,1,2,3,34,1,1,0,0
00Q000000001976,Sneha Sharma,OrbitSystems,IT Manager,Manager,Education,44,Cold Outbound,0,0,0,0,0,2,0,7,71,0,0,0,0
00Q000000001977,Priya Singh,LumenGroup,Head of Ops,Director,Healthcare,998,Web,2,1,0,0,0,2,0,9,58,1,0,0,1
00Q000000001978,Karan Reddy,NovaIndustries,Coordinator,Individual,Education,131,Event,6,2,5,0,0,2,1,17,45,0,0,1,1
00Q000000001979,Neha Mehta,NovaSystems,CFO,C-Level,Manufacturing,4,Web,3,0,4,0,0,1,0,28,117,0,0,0,1
00Q000000001980,Kavya Rao,SummitPartners,Ops Manager,Manager,Finance,13,Web,4,0,2,0,1,1,0,3,57,1,1,0,0
00Q000000001981,Rahul Iyer,BluePartners,Sales Manager,Manager,Technology,21,Web,1,2,0,0,0,1,1,11,63,1,0,0,0
00Q000000001982,Karan Gupta,QuantaSolutions,Director of IT,Director,Technology,403,Cold Outbound,0,1,1,1,1,1,2,28,106,0,0,0,1
00Q000000001983,Vikram Malhotra,LumenHealth,Head of Ops,Director,Finance,332,Paid Ad,0,1,1,1,0,1,1,18,100,1,0,0,0
00Q000000001984,Divya Khan,VertexHealth,Sales Manager,Manager,Finance,63,Cold Outbound,1,1,0,0,0,0,1,2,48,0,1,0,0
00Q000000001985,Karan Bose,NovaSystems,Director of Sales,Director,Other,43,Event,2,0,2,0,0,1,0,22,20,0,0,0,0
00Q000000001986,Arjun Das,LumenLabs,VP Marketing,VP,Other,291,Web,1,1,3,0,0,2,2,4,63,0,0,0,0
00Q000000001987,Vikram Malhotra,SummitHealth,VP Engineering,VP,Technology,18,Web,0,1,2,0,0,0,0,15,54,1,0,1,0
00Q000000001988,Karan Sharma,SummitSolutions,VP Engineering,VP,Other,197,Event,1,0,5,0,0,1,1,17,24,0,0,0,1
00Q000000001989,Arjun Verma,OrbitSolutions,Engineer,Individual,Retail,173,Web,1,0,2,0,0,0,0,28,20,1,1,0,0
00Q000000001990,Nikhil Joshi,HelixSolutions,Ops Manager,Manager,Healthcare,65,Web,5,3,4,0,1,0,1,7,24,1,0,0,0
00Q000000001991,Arjun Sharma,LumenPartners,IT Manager,Manager,Other,180,Paid Ad,2,2,7,1,0,3,1,9,64,0,1,0,0
00Q000000001992,Arjun Sharma,CobaltIndustries,Engineer,Individual,Retail,115,Web,4,3,4,1,0,1,2,8,86,0,0,0,0
00Q000000001993,Aarav Nair,ApexIndustries,Director of Sales,Director,Manufacturing,209,Paid Ad,7,2,10,0,0,2,1,7,74,0,0,0,1
00Q000000001994,Dev Iyer,LumenIndustries,Ops Manager,Manager,Technology,13,Paid Ad,4,0,2,2,1,1,1,30,51,0,0,0,0
00Q000000001995,Meera Khan,SummitWorks,Engineer,Individual,Finance,250,Paid Ad,2,2,4,0,0,0,0,10,5,1,0,1,0
00Q000000001996,Kavya Khan,QuantaHealth,Analyst,Individual,Other,464,Event,5,3,1,1,1,1,2,3,93,0,1,0,0
00Q000000001997,Amit Bose,BluePartners,Analyst,Individual,Technology,161,Paid Ad,2,0,3,1,0,1,1,11,102,1,1,0,0
00Q000000001998,Sneha Malhotra,VertexNetworks,Sales Manager,Manager,Technology,245,Referral,1,1,3,2,0,0,0,7,2,1,0,0,1
00Q000000001999,Pooja Reddy,CobaltGroup,Director of Sales,Director,Finance,84,Web,3,4,8,4,0,4,3,9,61,0,0,1,1
00Q000000002000,Amit Verma,LumenDynamics,Ops Manager,Manager,Healthcare,378,Referral,3,1,3,0,0,0,0,19,34,0,0,0,0
00Q000000002001,Sanjay Gupta,OrbitPartners,Coordinator,Individual,Healthcare,109,Web,0,0,1,0,0,0,0,17,95,1,0,0,0
00Q000000002002,Isha Reddy,NovaPartners,Engineer,Individual,Other,17,Event,1,0,5,0,0,3,0,2,66,0,0,0,0
00Q000000002003,Sneha Gupta,NovaGroup,VP Marketing,VP,Healthcare,340,Partner,2,1,6,1,0,1,0,10,34,1,0,0,0
00Q000000002004,Amit Bose,VertexGroup,Engineer,Individual,Other,8,Partner,1,2,2,1,0,1,1,5,93,1,0,0,0
00Q000000002005,Dev Singh,BlueDynamics,IT Manager,Manager,Manufacturing,152,Web,6,0,4,1,1,3,2,2,8,1,1,0,1
00Q000000002006,Pooja Khan,ApexNetworks,Sales Manager,Manager,Manufacturing,55,Web,3,0,2,0,1,0,0,7,9,1,0,0,0
00Q000000002007,Aarav Bose,NovaWorks,Sales Manager,Manager,Technology,50,Web,1,0,0,0,1,1,0,21,15,0,0,1,0
00Q000000002008,Meera Bose,OrbitSolutions,VP Sales,VP,Finance,128,Cold Outbound,4,4,3,0,0,3,1,7,116,1,1,1,1
00Q000000002009,Rohan Iyer,QuantaPartners,Director of Sales,Director,Education,34,Referral,5,2,0,0,0,0,2,4,21,1,0,0,1
00Q000000002010,Priya Khan,OrbitSystems,COO,C-Level,Retail,214,Event,2,0,2,1,1,0,0,14,22,1,0,0,0
00Q000000002011,Pooja Khan,NovaNetworks,VP Marketing,VP,Healthcare,108,Web,6,0,8,0,1,0,1,19,101,1,0,1,1
00Q000000002012,Priya Verma,HelixGroup,Engineer,Individual,Other,39,Partner,4,1,4,1,1,4,0,3,88,1,0,1,1
00Q000000002013,Riya Joshi,SummitNetworks,Engineer,Individual,Education,740,Event,0,1,5,1,0,0,1,1,13,0,0,0,1
00Q000000002014,Rahul Joshi,CobaltLabs,IT Manager,Manager,Technology,135,Web,3,1,7,1,0,2,2,4,80,1,0,0,1
00Q000000002015,Aarav Malhotra,HelixHealth,IT Manager,Manager,Manufacturing,256,Event,3,1,1,0,1,4,0,3,55,1,0,0,1
00Q000000002016,Isha Iyer,LumenSystems,IT Manager,Manager,Education,832,Paid Ad,3,0,1,1,1,1,1,11,69,1,0,0,0
00Q000000002017,Vikram Das,LumenWorks,Engineer,Individual,Education,812,Event,1,0,4,0,0,0,0,2,50,1,0,0,0
00Q000000002018,Isha Verma,LumenLabs,Analyst,Individual,Technology,237,Cold Outbound,6,0,1,1,0,0,1,1,24,1,0,1,1
00Q000000002019,Riya Joshi,CobaltSystems,Ops Manager,Manager,Technology,63,Cold Outbound,7,1,2,1,0,0,0,3,111,0,0,0,1
00Q000000002020,Ananya Reddy,VertexSolutions,Director of IT,Director,Healthcare,11,Event,3,1,4,1,0,1,0,22,35,1,0,0,0
00Q000000002021,Rohan Das,HelixIndustries,Director of Sales,Director,Finance,135,Cold Outbound,6,0,1,1,1,2,0,7,45,1,0,0,1
00Q000000002022,Vikram Das,PioneerSystems,COO,C-Level,Technology,513,Partner,3,2,3,1,1,0,0,17,100,1,0,0,1
00Q000000002023,Divya Khan,VertexIndustries,Coordinator,Individual,Manufacturing,169,Referral,4,3,2,0,0,0,1,9,13,1,0,0,1
00Q000000002024,Meera Iyer,ApexSystems,IT Manager,Manager,Manufacturing,2,Partner,0,0,0,0,1,0,0,3,95,0,0,0,0
00Q000000002025,Isha Mehta,LumenSolutions,CTO,C-Level,Technology,366,Event,1,0,2,0,0,0,0,14,94,1,0,0,1
00Q000000002026,Ananya Singh,BlueWorks,Director of Sales,Director,Manufacturing,402,Paid Ad,3,3,1,0,0,1,1,22,86,1,0,0,1
00Q000000002027,Amit Sharma,LumenLabs,IT Manager,Manager,Technology,63,Paid Ad,2,0,0,0,0,0,1,29,22,0,0,0,0
00Q000000002028,Ananya Reddy,OrbitIndustries,Ops Manager,Manager,Healthcare,438,Partner,3,2,1,0,1,2,0,23,38,1,0,0,0
00Q000000002029,Riya Malhotra,ApexLabs,Engineer,Individual,Education,255,Cold Outbound,1,1,1,1,0,0,0,12,31,1,1,0,0
00Q000000002030,Pooja Das,CobaltGroup,VP Marketing,VP,Other,35,Referral,5,2,5,1,0,3,0,17,9,1,0,0,1
00Q000000002031,Rahul Nair,QuantaHealth,Director of Sales,Director,Finance,669,Paid Ad,5,0,3,2,0,1,3,13,79,0,0,0,1
00Q000000002032,Amit Bose,CobaltWorks,Ops Manager,Manager,Education,14,Paid Ad,2,1,10,3,1,1,0,1,73,1,0,0,1
00Q000000002033,Rahul Bose,ApexNetworks,IT Manager,Manager,Other,91,Cold Outbound,4,0,0,0,0,0,2,4,14,0,0,0,0
00Q000000002034,Arjun Verma,HelixLabs,Sales Manager,Manager,Manufacturing,78,Event,3,1,1,0,0,0,1,23,71,1,1,0,0
00Q000000002035,Rahul Khan,NovaHealth,Coordinator,Individual,Other,28,Web,4,2,5,2,0,4,1,3,19,1,0,0,1
00Q000000002036,Karan Nair,ApexHealth,Director of IT,Director,Finance,156,Web,0,1,1,0,0,1,1,10,44,1,0,0,0
00Q000000002037,Karan Bose,SummitDynamics,IT Manager,Manager,Technology,710,Web,3,2,2,2,1,2,1,8,96,0,1,0,1
00Q000000002038,Pooja Kapoor,HelixNetworks,Coordinator,Individual,Education,646,Web,3,0,0,0,0,0,0,11,40,1,0,0,0
00Q000000002039,Rohan Verma,NovaPartners,Ops Manager,Manager,Healthcare,294,Referral,1,1,3,0,0,1,0,5,45,1,0,0,0
00Q000000002040,Priya Mehta,LumenDynamics,CFO,C-Level,Finance,7,Web,8,0,6,1,0,4,2,9,49,1,0,1,1
00Q000000002041,Amit Joshi,ApexWorks,IT Manager,Manager,Technology,13,Cold Outbound,2,0,1,0,0,1,2,6,6,1,0,0,0
00Q000000002042,Sneha Rao,HelixWorks,Ops Manager,Manager,Technology,127,Referral,4,4,7,3,1,3,3,9,68,1,1,0,1
00Q000000002043,Arjun Khan,NovaHealth,Director of Sales,Director,Technology,94,Referral,2,2,0,0,0,2,0,4,113,1,0,0,1
00Q000000002044,Arjun Rao,NovaHealth,VP Engineering,VP,Technology,47,Partner,1,0,1,0,0,0,2,9,49,1,0,0,0
00Q000000002045,Aarav Verma,PioneerIndustries,Head of Ops,Director,Other,1733,Referral,1,0,2,0,1,1,1,59,109,0,0,0,0
00Q000000002046,Riya Rao,QuantaDynamics,VP Marketing,VP,Finance,116,Paid Ad,2,2,8,0,0,1,0,31,92,1,0,1,0
00Q000000002047,Aarav Mehta,OrbitSystems,Engineer,Individual,Education,224,Cold Outbound,6,0,3,0,0,2,1,6,81,1,0,0,0
00Q000000002048,Neha Gupta,NovaPartners,CEO,C-Level,Technology,437,Referral,4,0,2,0,0,1,0,3,6,1,0,1,1
00Q000000002049,Meera Mehta,ZenIndustries,VP Marketing,VP,Finance,108,Event,0,1,2,0,0,2,1,35,69,0,0,0,1
00Q000000002050,Amit Singh,LumenSolutions,IT Manager,Manager,Other,4849,Referral,4,2,3,1,0,2,3,55,110,0,0,1,1
00Q000000002051,Dev Bose,HelixLabs,Director of IT,Director,Technology,24,Event,0,1,0,0,0,0,1,3,7,1,0,0,0
00Q000000002052,Divya Das,VertexSystems,Coordinator,Individual,Finance,40,Paid Ad,5,2,2,0,0,0,0,13,60,0,0,0,0
00Q000000002053,Amit Reddy,PioneerNetworks,Sales Manager,Manager,Education,24,Referral,12,9,7,6,0,1,0,5,40,1,0,1,1
00Q000000002054,Nikhil Singh,OrbitSystems,Analyst,Individual,Technology,1036,Event,2,1,4,0,1,3,1,3,86,0,0,0,1
00Q000000002055,Kavya Joshi,CobaltPartners,Engineer,Individual,Technology,331,Event,3,2,2,2,0,1,0,17,24,0,0,0,1
00Q000000002056,Rohan Gupta,BlueSolutions,CTO,C-Level,Other,43,Web,2,0,1,0,0,1,0,4,86,1,0,0,0
00Q000000002057,Nikhil Iyer,HelixHealth,Analyst,Individual,Healthcare,27,Web,1,1,1,0,0,0,0,11,12,1,0,0,0
00Q000000002058,Aarav Patel,VertexDynamics,IT Manager,Manager,Retail,794,Paid Ad,1,1,1,0,0,0,1,9,107,0,0,0,0
00Q000000002059,Arjun Verma,HelixLabs,Sales Manager,Manager,Technology,171,Web,2,1,3,0,0,1,1,4,83,0,0,0,1
00Q000000002060,Rahul Joshi,BlueNetworks,Ops Manager,Manager,Technology,825,Paid Ad,1,0,0,0,0,1,0,14,79,0,0,0,1
00Q000000002061,Ananya Sharma,NovaHealth,Sales Manager,Manager,Healthcare,90,Cold Outbound,5,2,4,1,0,4,6,1,117,1,1,1,0
00Q000000002062,Aarav Khan,QuantaWorks,IT Manager,Manager,Retail,214,Partner,1,1,1,0,0,0,0,5,35,1,0,0,0
00Q000000002063,Karan Verma,BlueLabs,Head of Ops,Director,Finance,156,Referral,4,2,4,1,1,2,2,26,35,0,0,0,0
00Q000000002064,Karan Rao,SummitIndustries,CTO,C-Level,Other,39,Event,2,1,2,1,0,0,1,20,30,0,1,1,1
00Q000000002065,Divya Kapoor,OrbitWorks,Ops Manager,Manager,Education,80,Paid Ad,0,1,1,1,0,1,1,17,38,1,0,0,0
00Q000000002066,Vikram Joshi,BlueHealth,COO,C-Level,Manufacturing,16,Paid Ad,4,4,4,0,1,0,1,15,13,1,0,1,1
00Q000000002067,Divya Iyer,LumenSystems,Director of Sales,Director,Healthcare,208,Cold Outbound,2,1,5,0,0,2,0,34,70,1,0,0,1
00Q000000002068,Riya Verma,ApexSolutions,Head of Ops,Director,Manufacturing,311,Event,3,3,4,0,1,2,0,1,71,1,0,0,0
00Q000000002069,Ananya Sharma,QuantaSolutions,Coordinator,Individual,Retail,439,Web,2,0,2,0,0,0,3,12,19,1,0,0,0
00Q000000002070,Isha Bose,CobaltNetworks,Engineer,Individual,Technology,270,Referral,1,0,4,0,0,1,1,4,89,1,0,0,0
00Q000000002071,Amit Bose,NovaNetworks,VP Sales,VP,Education,82,Cold Outbound,1,0,0,0,1,0,0,7,88,1,1,0,0
00Q000000002072,Divya Gupta,NovaPartners,IT Manager,Manager,Healthcare,1020,Paid Ad,3,0,0,0,0,1,0,5,28,1,0,0,0
00Q000000002073,Vikram Iyer,OrbitHealth,Sales Manager,Manager,Other,379,Cold Outbound,0,1,3,0,0,2,0,67,69,0,0,0,0
00Q000000002074,Pooja Gupta,QuantaLabs,VP Sales,VP,Other,798,Paid Ad,3,0,3,1,0,2,1,1,43,1,0,1,1
00Q000000002075,Rohan Malhotra,OrbitSystems,IT Manager,Manager,Technology,877,Cold Outbound,2,0,1,0,0,0,2,16,116,0,0,0,0
00Q000000002076,Neha Das,BlueSolutions,Director of IT,Director,Healthcare,82,Event,1,1,1,0,0,0,2,42,60,1,0,0,0
00Q000000002077,Rahul Khan,OrbitPartners,Sales Manager,Manager,Manufacturing,178,Cold Outbound,3,1,2,0,0,0,0,8,82,0,0,0,0
00Q000000002078,Sanjay Verma,CobaltGroup,COO,C-Level,Manufacturing,317,Cold Outbound,0,0,0,0,0,0,0,1,13,0,0,0,0
00Q000000002079,Priya Mehta,PioneerSystems,Coordinator,Individual,Education,17,Cold Outbound,0,1,0,0,1,0,0,90,59,1,0,1,0
00Q000000002080,Arjun Patel,QuantaIndustries,Analyst,Individual,Technology,18,Cold Outbound,8,2,4,0,0,0,2,47,98,0,0,1,0
00Q000000002081,Rohan Khan,SummitNetworks,Head of Ops,Director,Manufacturing,14,Paid Ad,2,1,4,1,0,1,2,3,3,0,0,0,0
00Q000000002082,Karan Nair,VertexHealth,Coordinator,Individual,Other,84,Partner,1,1,1,1,0,1,1,36,24,1,1,0,0
00Q000000002083,Aarav Sharma,CobaltDynamics,CEO,C-Level,Other,60,Paid Ad,2,2,3,0,1,4,2,11,84,1,0,0,0
00Q000000002084,Sneha Patel,SummitHealth,Head of Ops,Director,Technology,11,Partner,1,1,1,1,1,1,2,1,96,1,0,0,1
00Q000000002085,Dev Nair,BluePartners,Coordinator,Individual,Other,124,Partner,1,0,3,2,0,0,0,17,62,1,0,0,0
00Q000000002086,Karan Singh,SummitGroup,Engineer,Individual,Technology,86,Partner,2,1,2,1,0,1,0,5,44,1,0,0,0
00Q000000002087,Kavya Das,NovaNetworks,CEO,C-Level,Manufacturing,586,Event,0,0,2,0,0,0,1,11,6,0,0,0,1
00Q000000002088,Isha Bose,QuantaDynamics,Head of Ops,Director,Finance,2037,Partner,3,0,1,0,1,3,0,21,36,0,0,0,0
00Q000000002089,Nikhil Rao,ZenHealth,VP Sales,VP,Manufacturing,197,Cold Outbound,1,0,1,1,1,0,0,12,32,1,0,0,0
00Q000000002090,Pooja Joshi,SummitGroup,Coordinator,Individual,Technology,34,Paid Ad,3,1,2,1,0,1,0,14,57,0,0,0,0
00Q000000002091,Meera Joshi,HelixHealth,CFO,C-Level,Technology,262,Event,3,0,3,1,0,3,1,2,50,0,0,0,1
00Q000000002092,Ananya Kapoor,LumenSolutions,IT Manager,Manager,Finance,100,Cold Outbound,7,1,5,0,0,0,0,0,44,1,0,0,0
00Q000000002093,Rohan Sharma,OrbitNetworks,Head of Ops,Director,Other,69,Partner,0,1,8,1,0,2,1,3,85,0,0,0,0
00Q000000002094,Vikram Verma,BlueDynamics,Ops Manager,Manager,Manufacturing,27,Event,5,0,2,1,0,1,0,19,16,1,0,0,0
00Q000000002095,Rohan Kapoor,LumenLabs,Engineer,Individual,Retail,49,Paid Ad,5,2,2,1,0,2,1,2,90,0,0,0,0
00Q000000002096,Meera Reddy,OrbitSolutions,COO,C-Level,Retail,76,Paid Ad,4,3,1,0,0,3,1,5,26,1,0,1,1
00Q000000002097,Kavya Das,ApexSolutions,CFO,C-Level,Healthcare,332,Paid Ad,2,0,0,0,0,2,0,15,105,0,1,0,0
00Q000000002098,Vikram Nair,BlueSystems,Sales Manager,Manager,Technology,214,Referral,2,0,2,0,0,3,0,15,97,1,1,0,0
00Q000000002099,Priya Das,OrbitSolutions,CEO,C-Level,Technology,1538,Referral,3,2,2,0,1,3,3,17,2,0,0,0,1
00Q000000002100,Aarav Das,CobaltSystems,Analyst,Individual,Healthcare,273,Cold Outbound,4,0,1,0,0,1,0,5,11,1,0,0,1
00Q000000002101,Isha Gupta,VertexNetworks,Analyst,Individual,Other,188,Cold Outbound,4,0,0,0,1,0,0,14,68,1,0,1,0
00Q000000002102,Kavya Rao,BlueNetworks,Coordinator,Individual,Finance,62,Event,3,1,1,0,0,1,0,14,2,1,0,0,0
00Q000000002103,Priya Rao,CobaltSolutions,Ops Manager,Manager,Retail,20,Cold Outbound,3,1,3,1,0,3,2,7,98,1,0,0,0
00Q000000002104,Karan Bose,OrbitNetworks,Coordinator,Individual,Education,42,Event,0,0,0,0,0,0,1,2,36,1,0,0,0
00Q000000002105,Kavya Verma,BlueGroup,Sales Manager,Manager,Other,34,Web,2,1,1,0,1,0,0,40,101,1,0,0,0
00Q000000002106,Karan Patel,HelixDynamics,Coordinator,Individual,Finance,2,Paid Ad,3,4,4,0,2,2,1,13,94,0,0,1,1
00Q000000002107,Rohan Malhotra,QuantaDynamics,Director of IT,Director,Other,21,Web,1,0,0,0,0,2,0,5,81,1,0,0,0
00Q000000002108,Priya Das,CobaltHealth,VP Engineering,VP,Manufacturing,1100,Web,4,1,0,0,0,0,2,19,21,0,0,0,0
00Q000000002109,Ananya Bose,ApexNetworks,Director of IT,Director,Manufacturing,172,Cold Outbound,2,1,1,0,0,0,1,5,116,1,1,0,0
00Q000000002110,Sneha Sharma,LumenHealth,Analyst,Individual,Retail,56,Event,3,0,5,1,0,2,0,17,116,1,0,0,0
00Q000000002111,Rohan Singh,ApexSystems,Head of Ops,Director,Technology,180,Web,4,2,2,1,1,2,0,29,106,1,0,0,0
00Q000000002112,Sneha Verma,QuantaLabs,Engineer,Individual,Education,5,Event,6,3,6,0,1,2,0,1,82,1,0,0,1
00Q000000002113,Ananya Bose,ApexWorks,Head of Ops,Director,Retail,151,Paid Ad,4,2,5,0,1,2,2,42,39,1,0,1,1
00Q000000002114,Rohan Malhotra,ApexPartners,Sales Manager,Manager,Education,676,Paid Ad,5,3,2,1,0,1,0,33,85,1,0,0,1
00Q000000002115,Karan Verma,LumenWorks,Sales Manager,Manager,Education,82,Referral,3,0,1,1,0,1,0,4,88,1,0,0,0
00Q000000002116,Nikhil Mehta,PioneerDynamics,Analyst,Individual,Manufacturing,6,Event,2,0,1,0,0,1,0,1,99,1,0,0,0
00Q000000002117,Neha Sharma,BlueGroup,VP Sales,VP,Technology,53,Paid Ad,2,2,3,0,0,1,0,9,27,1,1,0,1
00Q000000002118,Ananya Kapoor,QuantaLabs,CFO,C-Level,Finance,677,Paid Ad,2,0,2,1,1,0,0,11,110,1,0,0,1
00Q000000002119,Rahul Iyer,ApexIndustries,Head of Ops,Director,Education,146,Cold Outbound,6,1,1,0,0,1,1,2,72,1,0,0,0
00Q000000002120,Dev Iyer,PioneerSolutions,CTO,C-Level,Manufacturing,11,Event,3,2,4,1,0,1,0,3,29,1,0,0,0
00Q000000002121,Sneha Kapoor,PioneerWorks,CTO,C-Level,Other,3468,Cold Outbound,3,2,2,0,0,1,0,16,26,1,0,0,0
00Q000000002122,Riya Mehta,SummitSystems,Analyst,Individual,Healthcare,15,Cold Outbound,0,0,1,1,0,1,0,11,12,0,1,0,0
00Q000000002123,Amit Iyer,LumenSystems,Director of Sales,Director,Manufacturing,69,Referral,5,0,1,0,0,1,1,4,61,1,0,0,0
00Q000000002124,Arjun Gupta,SummitPartners,IT Manager,Manager,Education,20,Web,5,1,3,1,0,0,0,17,14,1,0,0,0
00Q000000002125,Meera Reddy,BlueWorks,Sales Manager,Manager,Retail,21,Paid Ad,2,2,2,1,0,4,0,8,69,1,0,0,0
00Q000000002126,Vikram Iyer,NovaSolutions,Coordinator,Individual,Finance,50,Cold Outbound,8,5,8,1,1,3,1,25,19,1,0,0,1
00Q000000002127,Priya Verma,LumenSystems,CTO,C-Level,Technology,258,Web,2,1,3,0,0,1,0,83,118,0,0,0,0
00Q000000002128,Vikram Sharma,ZenHealth,Head of Ops,Director,Other,689,Web,1,2,3,0,2,0,1,9,30,1,0,0,1
00Q000000002129,Amit Malhotra,CobaltSystems,Coordinator,Individual,Education,55,Paid Ad,6,3,5,1,0,1,0,5,18,0,0,0,0
00Q000000002130,Karan Malhotra,SummitIndustries,Sales Manager,Manager,Healthcare,21,Partner,5,2,5,1,1,2,0,9,40,1,1,0,0
00Q000000002131,Kavya Mehta,OrbitSolutions,Sales Manager,Manager,Manufacturing,203,Web,11,5,8,2,1,1,1,2,54,0,1,0,1
00Q000000002132,Rohan Mehta,SummitWorks,Director of IT,Director,Technology,213,Referral,2,0,2,0,0,1,0,15,65,1,0,0,1
00Q000000002133,Divya Khan,NovaLabs,CFO,C-Level,Healthcare,142,Web,4,0,3,0,0,4,1,3,99,1,0,0,0
00Q000000002134,Amit Bose,NovaLabs,Sales Manager,Manager,Technology,150,Cold Outbound,1,0,5,0,0,0,0,14,98,0,0,0,0
00Q000000002135,Divya Patel,PioneerGroup,Sales Manager,Manager,Technology,84,Paid Ad,2,3,2,0,2,0,0,5,104,0,1,0,0
00Q000000002136,Vikram Gupta,ApexDynamics,Sales Manager,Manager,Education,115,Event,1,0,1,1,1,0,0,4,44,1,0,0,1
00Q000000002137,Divya Bose,QuantaIndustries,Ops Manager,Manager,Finance,75,Cold Outbound,3,1,2,0,0,1,3,4,23,1,0,0,1
00Q000000002138,Vikram Reddy,OrbitDynamics,Sales Manager,Manager,Education,495,Paid Ad,2,1,4,0,0,0,0,5,60,1,0,0,0
00Q000000002139,Priya Mehta,VertexNetworks,Engineer,Individual,Healthcare,2814,Cold Outbound,3,4,4,0,0,1,1,8,4,0,0,0,0
00Q000000002140,Divya Patel,ZenSystems,Analyst,Individual,Technology,130,Web,6,1,1,1,0,1,1,13,95,0,0,0,0
00Q000000002141,Sanjay Nair,PioneerPartners,Sales Manager,Manager,Finance,98,Web,2,0,1,1,0,2,1,10,3,0,0,0,0
00Q000000002142,Meera Das,NovaSystems,VP Engineering,VP,Technology,146,Event,6,2,8,4,4,0,5,4,66,1,0,1,1
00Q000000002143,Amit Singh,OrbitLabs,Ops Manager,Manager,Retail,37,Web,2,0,3,0,0,1,2,12,106,1,1,0,0
00Q000000002144,Riya Patel,ZenLabs,Engineer,Individual,Other,313,Cold Outbound,1,0,1,0,0,2,1,5,107,1,0,0,0
00Q000000002145,Arjun Sharma,QuantaSystems,Director of IT,Director,Retail,192,Paid Ad,3,0,2,0,0,1,0,12,45,0,0,0,0
00Q000000002146,Aarav Reddy,QuantaLabs,COO,C-Level,Retail,52,Referral,2,1,1,0,0,1,0,10,16,1,0,0,0
00Q000000002147,Karan Reddy,VertexWorks,Ops Manager,Manager,Education,384,Partner,5,1,2,2,0,1,1,3,93,1,0,0,0
00Q000000002148,Aarav Reddy,SummitSolutions,Coordinator,Individual,Retail,102,Paid Ad,3,0,3,0,0,0,0,23,42,0,0,0,0
00Q000000002149,Sanjay Sharma,LumenGroup,Director of IT,Director,Manufacturing,23,Event,2,0,3,0,1,3,1,47,9,1,0,0,0
00Q000000002150,Riya Reddy,QuantaWorks,IT Manager,Manager,Retail,168,Web,3,0,2,0,0,1,0,26,62,0,0,0,0
00Q000000002151,Amit Das,OrbitDynamics,Director of IT,Director,Healthcare,141,Cold Outbound,2,3,1,1,1,2,1,15,18,1,0,0,0
00Q000000002152,Nikhil Iyer,CobaltDynamics,Analyst,Individual,Technology,420,Paid Ad,0,1,0,0,0,1,0,16,80,1,1,0,0
00Q000000002153,Isha Kapoor,ApexNetworks,Analyst,Individual,Retail,346,Cold Outbound,1,0,1,0,0,2,1,16,28,1,0,0,0
00Q000000002154,Kavya Kapoor,ApexPartners,IT Manager,Manager,Retail,84,Partner,1,2,3,0,2,2,0,11,59,1,0,0,0
00Q000000002155,Nikhil Gupta,HelixWorks,Head of Ops,Director,Technology,49,Event,3,1,2,0,0,2,1,11,99,0,0,0,0
00Q000000002156,Aarav Joshi,ApexHealth,Sales Manager,Manager,Other,99,Web,2,0,5,0,0,1,0,22,118,1,0,0,0
00Q000000002157,Ananya Sharma,PioneerIndustries,Engineer,Individual,Technology,171,Paid Ad,2,0,0,0,0,0,0,9,4,1,0,0,0
00Q000000002158,Kavya Bose,QuantaGroup,Sales Manager,Manager,Retail,205,Web,3,1,1,0,0,0,1,8,75,1,0,0,0
00Q000000002159,Pooja Iyer,OrbitNetworks,Director of IT,Director,Other,156,Cold Outbound,1,0,1,1,0,1,0,32,78,1,0,0,0
00Q000000002160,Rohan Bose,SummitHealth,Coordinator,Individual,Finance,86,Web,1,0,1,0,0,1,1,6,6,0,0,0,0
00Q000000002161,Kavya Mehta,HelixSystems,Director of Sales,Director,Other,443,Referral,2,0,1,0,1,3,1,8,47,1,0,0,0
00Q000000002162,Priya Iyer,LumenDynamics,Director of Sales,Director,Education,36,Paid Ad,6,3,6,1,2,0,0,3,1,1,0,0,1
00Q000000002163,Amit Rao,VertexSystems,Sales Manager,Manager,Retail,4101,Event,3,2,1,1,0,0,0,5,84,1,0,0,1
00Q000000002164,Arjun Rao,CobaltLabs,CTO,C-Level,Other,312,Paid Ad,3,1,3,0,0,1,1,17,81,1,0,0,1
00Q000000002165,Sanjay Patel,ZenWorks,VP Sales,VP,Retail,18,Partner,6,0,3,0,1,0,2,33,108,1,0,0,1
00Q000000002166,Dev Bose,CobaltSolutions,Sales Manager,Manager,Healthcare,131,Partner,12,11,11,1,2,7,3,1,64,1,0,1,1
00Q000000002167,Neha Iyer,PioneerIndustries,Analyst,Individual,Retail,317,Cold Outbound,4,0,2,0,0,0,0,4,104,1,0,0,0
00Q000000002168,Ananya Kapoor,ApexDynamics,Sales Manager,Manager,Healthcare,58,Event,1,0,1,0,1,3,0,7,39,1,0,0,0
00Q000000002169,Rahul Bose,VertexNetworks,Engineer,Individual,Finance,10,Paid Ad,1,1,0,0,0,2,0,12,50,1,0,0,0
00Q000000002170,Sneha Gupta,PioneerNetworks,Sales Manager,Manager,Technology,20,Cold Outbound,3,0,1,0,0,0,0,8,66,1,0,0,0
00Q000000002171,Sneha Verma,LumenLabs,VP Marketing,VP,Finance,224,Referral,0,0,1,1,1,0,1,19,39,1,0,0,0
00Q000000002172,Nikhil Gupta,QuantaSystems,VP Marketing,VP,Education,7,Web,2,1,1,0,1,1,1,9,96,1,0,0,0
00Q000000002173,Ananya Rao,NovaNetworks,Sales Manager,Manager,Other,11,Web,1,0,1,0,0,1,0,32,28,1,1,0,0
00Q000000002174,Sanjay Reddy,ZenDynamics,IT Manager,Manager,Other,222,Paid Ad,2,2,5,1,0,1,3,11,30,1,0,0,0
00Q000000002175,Nikhil Kapoor,QuantaSystems,Analyst,Individual,Technology,71,Paid Ad,0,0,3,0,0,0,0,0,68,1,0,0,0
00Q000000002176,Isha Bose,VertexSystems,Sales Manager,Manager,Manufacturing,35,Web,4,2,4,1,0,0,5,2,83,1,0,0,1
00Q000000002177,Rahul Verma,HelixGroup,Engineer,Individual,Manufacturing,47,Web,2,2,3,0,0,2,1,5,28,1,1,0,0
00Q000000002178,Arjun Joshi,LumenGroup,CEO,C-Level,Technology,10,Web,2,2,1,0,1,1,1,1,84,1,0,0,0
00Q000000002179,Dev Patel,OrbitSolutions,VP Sales,VP,Manufacturing,205,Event,2,1,3,0,0,1,1,15,114,1,0,0,1
00Q000000002180,Karan Khan,BlueWorks,Coordinator,Individual,Finance,29,Web,14,5,7,1,1,3,0,9,54,1,0,0,1
00Q000000002181,Sneha Kapoor,ZenIndustries,Director of Sales,Director,Other,44,Partner,4,1,5,0,0,1,1,10,104,1,0,0,0
00Q000000002182,Sanjay Singh,ApexSystems,Ops Manager,Manager,Finance,167,Cold Outbound,4,1,1,0,0,0,0,13,50,1,0,0,0
00Q000000002183,Pooja Singh,QuantaLabs,VP Marketing,VP,Education,67,Partner,1,1,2,0,0,1,0,10,30,1,0,0,0
00Q000000002184,Karan Joshi,PioneerSystems,IT Manager,Manager,Other,34,Cold Outbound,0,0,2,2,0,0,1,8,84,1,1,0,0
00Q000000002185,Nikhil Sharma,OrbitLabs,Engineer,Individual,Retail,5,Cold Outbound,4,0,5,2,0,0,2,8,9,1,1,0,0
00Q000000002186,Arjun Rao,ApexWorks,Director of Sales,Director,Technology,172,Partner,3,0,4,0,0,2,0,3,24,1,1,0,1
00Q000000002187,Amit Patel,OrbitSolutions,Analyst,Individual,Finance,111,Paid Ad,1,1,2,0,0,3,0,7,102,1,0,0,0
00Q000000002188,Rohan Bose,HelixIndustries,Ops Manager,Manager,Other,45,Partner,9,2,7,1,2,2,1,2,83,0,0,1,1
00Q000000002189,Sneha Joshi,NovaHealth,Coordinator,Individual,Technology,20,Paid Ad,4,0,1,0,0,5,0,3,23,1,1,0,1
00Q000000002190,Divya Gupta,QuantaGroup,Head of Ops,Director,Technology,101,Event,3,1,2,0,1,3,1,49,112,1,0,0,0
00Q000000002191,Vikram Singh,ZenPartners,VP Sales,VP,Other,204,Web,2,1,4,0,0,0,0,9,80,1,0,0,0
00Q000000002192,Rahul Iyer,HelixSolutions,Coordinator,Individual,Retail,115,Paid Ad,0,0,1,0,0,0,0,18,96,0,0,0,0
00Q000000002193,Sneha Mehta,ApexLabs,IT Manager,Manager,Retail,1161,Cold Outbound,3,0,1,1,0,1,1,8,19,1,1,0,0
00Q000000002194,Ananya Patel,VertexNetworks,Head of Ops,Director,Technology,286,Paid Ad,3,0,2,1,1,1,1,3,37,0,0,0,1
00Q000000002195,Isha Patel,ZenWorks,Analyst,Individual,Healthcare,84,Event,0,0,0,0,0,1,0,21,56,1,0,0,0
00Q000000002196,Karan Rao,PioneerIndustries,Ops Manager,Manager,Education,301,Paid Ad,3,0,2,0,0,3,0,2,102,0,1,0,0
00Q000000002197,Rohan Verma,OrbitNetworks,Head of Ops,Director,Finance,107,Partner,4,1,1,1,0,2,0,10,72,0,0,0,1
00Q000000002198,Meera Malhotra,NovaDynamics,IT Manager,Manager,Technology,106,Partner,2,1,2,1,0,0,1,12,6,1,0,0,0
00Q000000002199,Arjun Patel,QuantaNetworks,VP Engineering,VP,Technology,695,Event,1,1,2,1,0,4,0,10,104,1,0,0,1
00Q000000002200,Amit Sharma,HelixSystems,Ops Manager,Manager,Manufacturing,25,Referral,2,0,2,1,0,1,0,4,81,1,0,0,0
00Q000000002201,Sneha Singh,HelixDynamics,Director of Sales,Director,Finance,103,Event,1,0,2,0,0,2,0,17,82,1,0,0,0
00Q000000002202,Priya Joshi,NovaGroup,Engineer,Individual,Education,592,Cold Outbound,3,2,3,0,0,1,0,32,23,1,1,0,0
00Q000000002203,Neha Malhotra,SummitSolutions,Coordinator,Individual,Finance,158,Web,4,0,1,0,1,2,1,1,5,0,1,0,1
00Q000000002204,Vikram Sharma,BlueSystems,Analyst,Individual,Technology,57,Cold Outbound,5,2,2,0,1,2,0,3,44,0,0,0,1
00Q000000002205,Priya Kapoor,HelixDynamics,VP Sales,VP,Other,7,Web,2,0,0,0,0,1,0,3,43,1,0,0,0
00Q000000002206,Ananya Singh,SummitLabs,VP Marketing,VP,Other,3,Cold Outbound,0,0,1,0,0,2,1,5,22,1,0,0,0
00Q000000002207,Rohan Sharma,ZenNetworks,VP Sales,VP,Retail,2240,Event,2,0,1,0,0,1,0,5,57,1,1,0,0
00Q000000002208,Vikram Bose,VertexSolutions,Coordinator,Individual,Other,158,Paid Ad,4,0,3,0,0,2,0,6,45,0,0,1,0
00Q000000002209,Kavya Nair,PioneerSolutions,IT Manager,Manager,Technology,41,Paid Ad,2,0,0,0,0,0,1,54,4,1,0,0,0
00Q000000002210,Dev Das,HelixWorks,Director of IT,Director,Healthcare,168,Partner,2,0,5,1,1,1,1,4,111,1,1,0,0
00Q000000002211,Karan Reddy,NovaDynamics,Director of Sales,Director,Technology,24,Partner,4,2,3,0,1,0,1,9,54,1,0,0,0
00Q000000002212,Divya Patel,CobaltLabs,Coordinator,Individual,Healthcare,60,Web,6,2,6,3,1,4,3,7,78,1,0,0,1
00Q000000002213,Sneha Khan,PioneerLabs,VP Sales,VP,Education,24,Web,8,3,8,2,1,1,3,4,88,1,0,0,1
00Q000000002214,Pooja Iyer,VertexNetworks,Analyst,Individual,Education,11,Web,0,0,1,0,3,2,0,26,50,1,1,0,0
00Q000000002215,Sneha Mehta,SummitDynamics,Engineer,Individual,Technology,4,Paid Ad,5,2,2,1,0,1,1,6,1,1,0,0,0
00Q000000002216,Karan Patel,SummitHealth,VP Engineering,VP,Healthcare,9,Paid Ad,1,2,3,0,1,2,1,20,99,1,0,0,1
00Q000000002217,Ananya Patel,NovaNetworks,IT Manager,Manager,Other,460,Referral,0,0,1,1,0,1,2,44,33,0,0,0,0
00Q000000002218,Arjun Bose,NovaNetworks,Sales Manager,Manager,Manufacturing,22,Partner,1,0,2,0,1,2,1,4,40,1,1,0,1
00Q000000002219,Rohan Reddy,SummitPartners,Sales Manager,Manager,Finance,221,Referral,2,0,0,0,0,1,0,35,81,0,0,0,0
00Q000000002220,Ananya Bose,ZenDynamics,COO,C-Level,Healthcare,417,Referral,3,3,5,2,1,1,1,11,1,1,0,0,1
00Q000000002221,Isha Patel,LumenIndustries,Coordinator,Individual,Finance,101,Event,2,0,2,0,0,1,0,15,18,1,0,0,0
00Q000000002222,Sanjay Nair,SummitNetworks,Director of IT,Director,Healthcare,63,Partner,2,1,3,0,1,2,1,7,1,1,0,0,0
00Q000000002223,Ananya Iyer,CobaltWorks,Ops Manager,Manager,Healthcare,121,Web,1,1,2,0,0,0,0,26,25,1,0,0,0
00Q000000002224,Meera Gupta,HelixHealth,Coordinator,Individual,Manufacturing,53,Cold Outbound,1,0,2,0,1,1,0,3,74,1,0,0,0
00Q000000002225,Dev Mehta,LumenSystems,Sales Manager,Manager,Healthcare,605,Paid Ad,3,1,3,0,0,0,2,7,45,1,1,0,1
00Q000000002226,Riya Rao,CobaltIndustries,Sales Manager,Manager,Manufacturing,1660,Paid Ad,4,1,5,0,1,0,1,2,87,1,0,0,0
00Q000000002227,Sanjay Gupta,PioneerHealth,Analyst,Individual,Technology,875,Web,3,2,7,1,1,4,1,1,30,1,0,0,1
00Q000000002228,Sneha Joshi,QuantaPartners,Ops Manager,Manager,Technology,3,Partner,9,2,6,2,0,2,2,10,32,1,1,1,1
00Q000000002229,Rohan Singh,VertexGroup,Director of Sales,Director,Finance,51,Cold Outbound,1,0,3,0,0,0,0,2,21,1,0,0,0
00Q000000002230,Neha Joshi,NovaGroup,Ops Manager,Manager,Other,100,Event,1,2,3,0,1,2,1,30,23,1,0,1,0
00Q000000002231,Rohan Nair,OrbitNetworks,Director of Sales,Director,Education,199,Referral,1,0,1,0,0,1,0,19,43,1,0,0,0
00Q000000002232,Kavya Sharma,NovaSystems,VP Engineering,VP,Technology,7,Event,2,0,1,0,1,3,0,16,77,1,0,1,0
00Q000000002233,Neha Verma,ApexGroup,Ops Manager,Manager,Healthcare,7,Event,12,5,6,1,1,1,2,2,101,1,0,1,1
00Q000000002234,Kavya Gupta,ZenGroup,Ops Manager,Manager,Manufacturing,706,Referral,1,2,2,0,0,0,0,27,59,1,1,0,0
00Q000000002235,Priya Khan,OrbitSolutions,IT Manager,Manager,Healthcare,43,Paid Ad,3,0,4,0,0,0,1,33,76,1,0,0,0
00Q000000002236,Vikram Rao,VertexGroup,IT Manager,Manager,Retail,10,Referral,3,1,0,0,0,1,0,9,83,0,0,0,0
00Q000000002237,Arjun Rao,OrbitSystems,Coordinator,Individual,Other,19,Cold Outbound,3,1,2,0,0,2,1,38,41,1,0,0,0
00Q000000002238,Amit Malhotra,VertexSystems,IT Manager,Manager,Technology,178,Event,1,1,2,0,0,0,0,11,21,0,0,0,0
00Q000000002239,Riya Iyer,HelixDynamics,Analyst,Individual,Manufacturing,28,Paid Ad,1,1,1,0,1,2,3,7,50,0,1,0,0
00Q000000002240,Nikhil Verma,NovaPartners,IT Manager,Manager,Manufacturing,142,Cold Outbound,8,0,1,1,0,2,1,7,104,0,0,1,1
00Q000000002241,Aarav Joshi,SummitDynamics,CFO,C-Level,Manufacturing,22,Event,0,1,2,0,0,2,0,53,23,0,0,0,0
00Q000000002242,Priya Das,LumenIndustries,IT Manager,Manager,Technology,7,Web,3,1,0,0,0,0,0,7,51,1,0,0,0
00Q000000002243,Rohan Das,OrbitNetworks,Ops Manager,Manager,Manufacturing,842,Paid Ad,6,2,1,0,0,0,1,17,80,1,1,0,1
00Q000000002244,Priya Khan,HelixPartners,IT Manager,Manager,Technology,180,Event,5,1,0,0,0,3,0,12,117,0,0,0,0
00Q000000002245,Nikhil Nair,SummitDynamics,Director of Sales,Director,Retail,60,Partner,0,1,3,0,0,0,3,19,100,1,0,0,0
00Q000000002246,Arjun Malhotra,HelixSolutions,IT Manager,Manager,Retail,45,Cold Outbound,1,0,0,0,0,1,0,12,117,0,0,0,0
00Q000000002247,Ananya Joshi,QuantaIndustries,IT Manager,Manager,Finance,895,Paid Ad,1,0,0,0,0,2,0,6,119,1,0,0,0
00Q000000002248,Sanjay Malhotra,CobaltGroup,Head of Ops,Director,Other,241,Cold Outbound,1,0,0,0,0,0,0,12,119,1,0,0,0
00Q000000002249,Nikhil Rao,SummitWorks,Coordinator,Individual,Education,555,Web,5,2,4,1,1,1,0,3,12,1,1,0,1
00Q000000002250,Vikram Rao,PioneerSystems,Sales Manager,Manager,Manufacturing,41,Web,1,1,0,0,0,1,2,15,21,0,0,0,0
00Q000000002251,Vikram Reddy,NovaSystems,IT Manager,Manager,Other,107,Referral,6,2,1,0,0,1,0,7,101,0,0,1,0
00Q000000002252,Isha Rao,VertexSystems,Head of Ops,Director,Education,181,Paid Ad,1,2,5,1,0,0,0,12,53,1,0,0,1
00Q000000002253,Pooja Mehta,QuantaHealth,CFO,C-Level,Technology,43,Web,1,0,0,0,0,0,0,39,105,1,0,0,0
00Q000000002254,Amit Patel,LumenIndustries,Director of IT,Director,Manufacturing,86,Web,3,0,6,0,1,0,3,14,16,1,0,1,0
00Q000000002255,Arjun Kapoor,SummitLabs,Sales Manager,Manager,Manufacturing,41,Cold Outbound,1,2,2,0,0,2,1,12,72,1,0,0,0
00Q000000002256,Amit Malhotra,SummitIndustries,Coordinator,Individual,Retail,181,Referral,3,0,0,0,1,0,0,18,50,0,0,0,1
00Q000000002257,Kavya Nair,BlueSystems,IT Manager,Manager,Other,13,Web,2,0,3,0,0,3,0,24,53,1,0,0,0
00Q000000002258,Rahul Rao,VertexIndustries,VP Sales,VP,Healthcare,234,Referral,5,6,2,2,1,2,1,1,36,1,0,1,1
00Q000000002259,Rohan Patel,LumenSolutions,CEO,C-Level,Technology,158,Web,2,1,0,0,0,2,2,10,11,0,0,1,1
00Q000000002260,Riya Malhotra,QuantaSystems,VP Sales,VP,Healthcare,73,Web,1,0,0,0,0,1,1,5,48,1,0,0,0
00Q000000002261,Arjun Mehta,SummitDynamics,Analyst,Individual,Education,195,Referral,2,1,1,0,0,1,0,32,22,0,0,0,0
00Q000000002262,Karan Kapoor,ZenSystems,Director of IT,Director,Finance,57,Referral,2,0,4,0,0,4,0,69,112,0,0,0,0
00Q000000002263,Neha Reddy,LumenNetworks,VP Engineering,VP,Technology,36,Partner,3,0,3,0,0,0,0,11,106,0,0,0,1
00Q000000002264,Isha Rao,LumenSolutions,Head of Ops,Director,Finance,224,Event,2,1,3,1,1,2,2,5,104,1,0,0,1
00Q000000002265,Sneha Mehta,CobaltPartners,Director of Sales,Director,Retail,239,Paid Ad,4,2,3,1,0,2,1,7,55,0,0,0,1
00Q000000002266,Pooja Nair,QuantaSystems,Sales Manager,Manager,Technology,46,Paid Ad,7,2,2,1,0,1,0,4,21,1,0,1,1
00Q000000002267,Dev Verma,HelixIndustries,Director of Sales,Director,Finance,40,Partner,5,3,1,1,0,2,2,3,69,1,0,0,1
00Q000000002268,Arjun Rao,VertexSolutions,Analyst,Individual,Technology,75,Cold Outbound,1,0,2,1,1,1,0,2,35,0,0,0,0
00Q000000002269,Amit Sharma,BlueIndustries,Analyst,Individual,Healthcare,43,Event,3,1,0,0,0,1,0,4,33,0,0,0,0
00Q000000002270,Dev Kapoor,ZenDynamics,VP Marketing,VP,Technology,980,Web,3,1,6,1,1,1,1,5,118,1,0,0,0
00Q000000002271,Dev Bose,LumenLabs,COO,C-Level,Technology,159,Web,1,0,1,1,1,1,0,7,59,1,0,0,1
00Q000000002272,Arjun Mehta,LumenLabs,VP Engineering,VP,Retail,101,Web,2,0,3,0,0,0,2,6,12,1,0,0,0
00Q000000002273,Divya Patel,QuantaHealth,IT Manager,Manager,Technology,24,Cold Outbound,4,0,6,1,1,0,0,6,116,1,0,0,0
00Q000000002274,Ananya Patel,BlueIndustries,Engineer,Individual,Technology,301,Paid Ad,0,0,4,0,0,4,0,4,18,1,1,0,0
00Q000000002275,Meera Joshi,CobaltWorks,Engineer,Individual,Manufacturing,39,Web,0,1,0,0,0,1,0,24,40,1,0,0,0
00Q000000002276,Sanjay Iyer,QuantaIndustries,VP Engineering,VP,Technology,37,Web,1,0,2,0,0,0,0,14,58,0,0,0,0
00Q000000002277,Amit Iyer,ZenLabs,Director of IT,Director,Technology,317,Cold Outbound,7,6,6,1,2,1,3,3,24,0,0,1,1
00Q000000002278,Divya Bose,PioneerWorks,CTO,C-Level,Healthcare,177,Paid Ad,3,1,3,0,0,0,1,20,106,1,1,0,0
00Q000000002279,Dev Joshi,VertexNetworks,Sales Manager,Manager,Finance,2,Web,3,0,1,0,0,0,0,90,11,1,0,0,0
00Q000000002280,Kavya Rao,HelixIndustries,IT Manager,Manager,Manufacturing,78,Cold Outbound,5,0,8,3,1,3,2,12,11,1,1,0,0
00Q000000002281,Sneha Joshi,SummitIndustries,Director of IT,Director,Other,120,Paid Ad,4,1,3,0,1,1,0,7,96,1,0,0,0
00Q000000002282,Divya Kapoor,HelixDynamics,Coordinator,Individual,Healthcare,59,Event,1,1,9,1,2,1,1,2,50,1,0,1,1
00Q000000002283,Ananya Verma,ZenGroup,COO,C-Level,Manufacturing,126,Event,1,1,3,0,0,0,0,80,49,1,0,0,1
00Q000000002284,Divya Malhotra,HelixNetworks,IT Manager,Manager,Other,6,Paid Ad,2,1,6,0,1,2,2,13,24,1,0,0,0
00Q000000002285,Arjun Bose,NovaNetworks,Analyst,Individual,Healthcare,2,Referral,3,1,4,0,1,3,1,7,8,1,1,0,0
00Q000000002286,Meera Khan,OrbitIndustries,Engineer,Individual,Education,23,Cold Outbound,1,1,5,0,1,1,1,14,6,1,1,1,0
00Q000000002287,Arjun Nair,LumenNetworks,VP Marketing,VP,Manufacturing,151,Partner,7,4,15,0,0,5,3,5,6,1,0,1,1
00Q000000002288,Vikram Reddy,NovaGroup,Director of Sales,Director,Manufacturing,2,Paid Ad,6,4,4,1,1,1,1,12,54,0,0,0,1
00Q000000002289,Nikhil Singh,HelixNetworks,Director of Sales,Director,Other,28,Paid Ad,3,2,1,0,0,0,0,17,33,1,0,0,0
00Q000000002290,Amit Nair,ApexDynamics,Head of Ops,Director,Technology,5,Cold Outbound,2,1,3,0,0,3,0,3,96,1,0,0,0
00Q000000002291,Aarav Gupta,SummitSolutions,Sales Manager,Manager,Other,69,Web,3,2,9,1,0,0,2,4,94,1,1,0,1
00Q000000002292,Rahul Kapoor,CobaltSolutions,Head of Ops,Director,Healthcare,1875,Web,5,1,3,2,1,3,1,1,75,1,0,0,1
00Q000000002293,Sanjay Bose,LumenGroup,CEO,C-Level,Manufacturing,71,Partner,1,0,2,0,0,1,1,18,31,1,0,0,1
00Q000000002294,Amit Patel,ZenNetworks,Coordinator,Individual,Healthcare,84,Web,10,0,4,1,1,4,1,9,89,1,0,0,1
00Q000000002295,Sneha Nair,CobaltHealth,Director of Sales,Director,Finance,350,Paid Ad,5,1,7,1,1,2,1,13,27,0,0,0,1
00Q000000002296,Priya Rao,OrbitIndustries,IT Manager,Manager,Technology,102,Event,12,3,13,0,1,2,4,9,100,0,0,0,1
00Q000000002297,Rohan Mehta,NovaWorks,Sales Manager,Manager,Other,72,Referral,3,1,0,0,0,0,0,1,47,1,0,0,0
00Q000000002298,Sanjay Joshi,ApexLabs,Sales Manager,Manager,Manufacturing,399,Web,2,0,2,0,0,2,0,8,29,1,0,0,0
00Q000000002299,Vikram Malhotra,PioneerPartners,VP Sales,VP,Education,201,Partner,0,1,1,1,0,1,0,7,82,1,0,0,0
00Q000000002300,Rahul Rao,PioneerSolutions,Coordinator,Individual,Finance,153,Web,4,0,2,0,0,1,0,6,105,1,0,0,0
00Q000000002301,Priya Sharma,CobaltHealth,IT Manager,Manager,Finance,80,Web,3,0,0,0,1,0,0,12,63,1,0,0,0
00Q000000002302,Sanjay Sharma,OrbitLabs,Director of IT,Director,Finance,59,Event,1,0,1,0,0,2,0,8,22,1,0,0,0
00Q000000002303,Pooja Iyer,BlueDynamics,Analyst,Individual,Technology,393,Web,1,1,1,0,0,1,0,30,70,1,1,0,0
00Q000000002304,Rahul Nair,ApexGroup,Head of Ops,Director,Healthcare,60,Paid Ad,5,3,2,0,0,0,0,1,108,0,0,0,0
00Q000000002305,Nikhil Singh,PioneerDynamics,CTO,C-Level,Other,630,Cold Outbound,3,0,4,0,0,1,2,2,89,1,0,0,0
00Q000000002306,Divya Iyer,ApexDynamics,Coordinator,Individual,Education,20,Partner,7,2,5,2,2,2,1,1,82,1,0,0,0
00Q000000002307,Isha Rao,ZenSolutions,Engineer,Individual,Healthcare,854,Paid Ad,7,2,5,0,1,0,0,14,72,1,0,0,0
00Q000000002308,Ananya Mehta,CobaltHealth,CEO,C-Level,Finance,201,Event,3,0,5,0,1,0,0,2,38,0,0,1,1
00Q000000002309,Isha Bose,VertexLabs,Engineer,Individual,Manufacturing,23,Cold Outbound,3,1,3,1,0,3,1,21,14,1,0,0,0
00Q000000002310,Sanjay Rao,BlueDynamics,Analyst,Individual,Manufacturing,213,Cold Outbound,4,0,2,1,0,0,2,2,65,1,0,1,0
00Q000000002311,Pooja Bose,HelixPartners,COO,C-Level,Retail,37,Cold Outbound,2,0,3,3,0,2,2,7,100,1,0,1,1
00Q000000002312,Amit Reddy,PioneerPartners,VP Marketing,VP,Manufacturing,104,Web,4,5,4,3,0,3,1,7,26,1,0,0,1
00Q000000002313,Riya Verma,VertexPartners,Director of IT,Director,Technology,47,Web,2,0,1,0,0,0,2,12,38,1,0,0,0
00Q000000002314,Rohan Rao,OrbitHealth,Ops Manager,Manager,Technology,81,Web,3,1,4,3,0,2,0,2,101,1,0,0,0
00Q000000002315,Dev Reddy,ZenGroup,VP Marketing,VP,Other,408,Web,2,3,3,0,0,2,0,8,9,1,0,0,1
00Q000000002316,Isha Iyer,OrbitDynamics,Director of IT,Director,Retail,216,Web,0,0,2,0,0,1,0,1,93,1,0,0,0
00Q000000002317,Sanjay Nair,CobaltSystems,Director of Sales,Director,Other,18,Cold Outbound,3,0,3,0,0,2,0,80,3,1,0,0,0
00Q000000002318,Karan Malhotra,VertexSystems,VP Sales,VP,Finance,20,Web,10,2,9,1,2,4,1,10,37,1,0,1,1
00Q000000002319,Sneha Gupta,ZenSystems,Director of IT,Director,Manufacturing,149,Web,3,1,1,0,0,1,0,22,27,0,0,0,0
00Q000000002320,Sanjay Joshi,HelixDynamics,Ops Manager,Manager,Finance,166,Cold Outbound,4,2,3,0,0,2,2,5,40,1,0,0,1
00Q000000002321,Kavya Gupta,ApexWorks,Sales Manager,Manager,Other,36,Cold Outbound,3,3,6,0,1,0,2,5,101,1,0,0,0
00Q000000002322,Pooja Malhotra,OrbitNetworks,IT Manager,Manager,Finance,1082,Web,6,0,4,1,1,3,2,10,92,1,0,0,0
00Q000000002323,Arjun Das,BlueDynamics,Ops Manager,Manager,Retail,337,Referral,2,2,1,0,0,3,0,7,27,1,0,0,1
00Q000000002324,Amit Nair,BlueGroup,Sales Manager,Manager,Technology,38,Partner,2,0,1,0,1,1,0,34,19,1,0,0,1
00Q000000002325,Karan Joshi,ZenDynamics,Ops Manager,Manager,Technology,33,Cold Outbound,3,0,2,0,1,0,1,27,51,1,1,0,0
00Q000000002326,Meera Sharma,BlueNetworks,VP Sales,VP,Technology,70,Paid Ad,1,0,2,0,0,1,0,7,102,0,1,0,0
00Q000000002327,Amit Patel,CobaltLabs,Ops Manager,Manager,Manufacturing,60,Event,3,4,7,0,1,4,4,12,13,0,0,0,1
00Q000000002328,Meera Das,PioneerGroup,Engineer,Individual,Education,654,Paid Ad,3,4,2,0,1,2,0,3,11,1,0,0,0
00Q000000002329,Amit Sharma,CobaltHealth,Analyst,Individual,Other,435,Partner,5,0,1,1,0,3,0,2,2,0,0,1,1
00Q000000002330,Vikram Singh,CobaltSystems,Coordinator,Individual,Manufacturing,104,Web,1,1,1,1,1,1,1,11,85,1,0,0,0
00Q000000002331,Ananya Iyer,LumenLabs,Head of Ops,Director,Manufacturing,275,Event,0,0,1,1,0,3,0,23,42,1,0,0,1
00Q000000002332,Nikhil Das,VertexSolutions,IT Manager,Manager,Education,341,Cold Outbound,3,1,3,0,1,0,2,1,82,1,1,0,1
00Q000000002333,Divya Verma,QuantaSystems,Coordinator,Individual,Technology,108,Paid Ad,4,2,0,0,0,1,0,27,26,0,0,0,0
00Q000000002334,Isha Joshi,PioneerNetworks,VP Engineering,VP,Education,181,Web,2,0,0,0,1,0,0,4,3,0,0,0,0
00Q000000002335,Sanjay Mehta,VertexHealth,Analyst,Individual,Retail,242,Partner,1,0,2,0,0,1,2,0,98,1,0,0,0
00Q000000002336,Priya Gupta,PioneerLabs,Engineer,Individual,Manufacturing,206,Paid Ad,15,4,7,2,0,3,4,2,71,1,0,0,1
00Q000000002337,Priya Singh,SummitIndustries,VP Engineering,VP,Technology,30,Web,3,2,4,0,0,0,1,2,84,1,0,1,1
00Q000000002338,Meera Verma,CobaltHealth,Sales Manager,Manager,Technology,35,Referral,3,1,6,1,0,1,1,6,93,1,0,1,1
00Q000000002339,Vikram Rao,LumenSystems,Director of IT,Director,Finance,64,Referral,4,2,3,1,0,1,1,8,62,0,0,1,0
00Q000000002340,Rohan Kapoor,NovaGroup,VP Marketing,VP,Other,34,Cold Outbound,8,3,6,1,1,1,3,1,99,0,0,1,1
00Q000000002341,Divya Nair,BluePartners,COO,C-Level,Manufacturing,10,Web,3,1,1,1,0,0,1,7,7,1,0,0,0
00Q000000002342,Kavya Verma,QuantaWorks,Coordinator,Individual,Manufacturing,274,Cold Outbound,1,0,1,0,0,0,0,46,61,1,0,0,0
00Q000000002343,Rohan Reddy,NovaHealth,Director of IT,Director,Healthcare,167,Paid Ad,2,0,3,0,0,1,0,63,108,1,0,0,0
00Q000000002344,Sanjay Sharma,ZenDynamics,Head of Ops,Director,Retail,13,Cold Outbound,4,2,6,0,0,2,0,5,47,1,1,1,1
00Q000000002345,Divya Mehta,NovaPartners,Analyst,Individual,Finance,69,Cold Outbound,0,1,0,0,0,0,0,16,76,1,0,0,0
00Q000000002346,Meera Sharma,HelixGroup,CTO,C-Level,Technology,75,Cold Outbound,0,1,4,0,0,0,0,4,108,1,0,0,1
00Q000000002347,Dev Joshi,PioneerGroup,Ops Manager,Manager,Retail,130,Cold Outbound,1,2,2,0,0,0,0,9,58,1,0,0,0
00Q000000002348,Vikram Joshi,ApexHealth,VP Sales,VP,Finance,19,Event,9,1,10,1,0,2,0,15,111,1,0,1,1
00Q000000002349,Priya Rao,LumenPartners,Director of Sales,Director,Finance,13,Web,4,2,4,1,2,2,1,4,26,1,0,1,1
00Q000000002350,Nikhil Das,QuantaSystems,IT Manager,Manager,Healthcare,216,Referral,2,0,1,0,0,2,0,3,17,1,0,0,0
00Q000000002351,Sanjay Malhotra,PioneerDynamics,Analyst,Individual,Finance,9,Paid Ad,5,1,2,0,0,0,0,6,15,1,0,0,0
00Q000000002352,Karan Malhotra,QuantaPartners,VP Sales,VP,Other,70,Referral,1,2,2,1,0,1,2,4,81,1,0,0,1
00Q000000002353,Isha Bose,VertexIndustries,Sales Manager,Manager,Education,61,Event,6,1,1,1,0,1,1,4,84,1,0,0,1
00Q000000002354,Aarav Rao,NovaPartners,Analyst,Individual,Other,82,Web,1,2,1,0,0,0,1,16,10,0,0,0,0
00Q000000002355,Riya Nair,ZenDynamics,Coordinator,Individual,Other,145,Partner,2,0,0,0,0,0,0,8,29,0,0,0,0
00Q000000002356,Dev Das,ApexGroup,Director of Sales,Director,Finance,1094,Web,0,1,2,0,0,0,0,0,96,1,0,0,0
00Q000000002357,Kavya Patel,SummitHealth,Engineer,Individual,Healthcare,9,Referral,0,1,8,2,1,1,0,4,4,1,0,0,0
00Q000000002358,Kavya Gupta,VertexWorks,Ops Manager,Manager,Retail,370,Paid Ad,1,1,1,0,2,2,3,3,10,1,0,0,1
00Q000000002359,Aarav Mehta,CobaltNetworks,Director of IT,Director,Technology,2,Paid Ad,5,3,1,1,0,2,1,5,113,0,0,1,1
00Q000000002360,Riya Reddy,OrbitGroup,Coordinator,Individual,Other,804,Cold Outbound,4,1,9,0,0,0,3,8,28,1,0,1,1
00Q000000002361,Sanjay Verma,OrbitPartners,IT Manager,Manager,Technology,4,Paid Ad,2,1,0,0,0,1,0,13,49,1,1,0,1
00Q000000002362,Rohan Reddy,HelixNetworks,Analyst,Individual,Manufacturing,3845,Partner,2,0,2,0,0,0,0,5,75,1,1,0,0
00Q000000002363,Meera Reddy,NovaPartners,COO,C-Level,Retail,55,Referral,3,3,3,0,0,2,0,9,113,1,0,0,1
00Q000000002364,Arjun Joshi,ZenWorks,VP Marketing,VP,Other,689,Web,4,2,13,3,1,1,1,6,96,1,1,0,1
00Q000000002365,Arjun Singh,VertexLabs,Coordinator,Individual,Retail,505,Partner,6,2,3,2,1,3,0,2,85,0,0,0,1
00Q000000002366,Arjun Bose,NovaGroup,IT Manager,Manager,Manufacturing,51,Web,4,2,4,1,1,0,0,4,102,1,0,0,1
00Q000000002367,Rohan Singh,OrbitIndustries,Sales Manager,Manager,Finance,57,Cold Outbound,7,0,1,1,0,0,0,52,104,0,0,0,0
00Q000000002368,Vikram Sharma,QuantaSolutions,CTO,C-Level,Manufacturing,28,Cold Outbound,1,1,0,0,0,1,0,22,13,1,0,0,0
00Q000000002369,Priya Joshi,PioneerWorks,Sales Manager,Manager,Retail,324,Referral,6,0,4,1,1,3,1,23,17,0,0,0,0
00Q000000002370,Rohan Sharma,OrbitDynamics,Ops Manager,Manager,Manufacturing,52,Partner,2,1,0,0,0,2,0,15,81,1,0,0,0
00Q000000002371,Arjun Rao,HelixPartners,CEO,C-Level,Retail,29,Event,2,0,3,2,0,1,0,5,74,1,0,0,1
00Q000000002372,Rohan Rao,VertexHealth,Analyst,Individual,Technology,222,Referral,2,1,2,1,0,0,1,17,46,0,1,0,0
00Q000000002373,Dev Iyer,PioneerDynamics,IT Manager,Manager,Finance,25,Event,5,0,4,1,1,2,3,3,64,1,1,1,1
00Q000000002374,Divya Reddy,NovaHealth,Engineer,Individual,Other,60,Paid Ad,1,0,1,0,0,1,0,3,36,1,0,0,0
00Q000000002375,Sneha Mehta,SummitWorks,Head of Ops,Director,Finance,116,Cold Outbound,0,0,0,0,0,2,0,9,15,1,0,0,0
00Q000000002376,Aarav Nair,SummitHealth,Sales Manager,Manager,Manufacturing,37,Referral,4,3,3,2,1,3,0,10,36,0,0,0,0
00Q000000002377,Kavya Nair,SummitHealth,CEO,C-Level,Manufacturing,47,Paid Ad,6,0,2,0,0,2,1,10,1,0,0,0,1
00Q000000002378,Divya Reddy,ZenIndustries,IT Manager,Manager,Other,994,Referral,1,1,1,1,1,4,2,6,25,1,0,0,1
00Q000000002379,Sneha Verma,VertexSystems,Analyst,Individual,Technology,73,Web,2,0,2,0,0,2,0,6,47,0,0,0,0
00Q000000002380,Vikram Patel,ApexDynamics,VP Engineering,VP,Finance,58,Paid Ad,4,0,1,0,0,1,0,9,30,1,0,0,0
00Q000000002381,Divya Nair,SummitLabs,VP Sales,VP,Education,76,Partner,9,2,9,1,0,1,1,20,98,1,0,0,1
00Q000000002382,Sneha Kapoor,OrbitNetworks,Director of IT,Director,Retail,196,Paid Ad,1,0,2,0,0,3,0,2,63,0,0,0,0
00Q000000002383,Karan Joshi,OrbitGroup,Director of IT,Director,Manufacturing,21,Cold Outbound,1,1,1,0,0,1,0,13,118,0,0,0,0
00Q000000002384,Karan Patel,ApexIndustries,Analyst,Individual,Healthcare,188,Web,3,1,4,1,0,2,1,19,91,0,1,0,0
00Q000000002385,Karan Bose,BlueHealth,Director of Sales,Director,Healthcare,146,Paid Ad,2,0,1,0,0,2,0,13,99,1,0,0,0
00Q000000002386,Aarav Verma,ApexIndustries,Analyst,Individual,Other,6,Referral,0,0,1,0,0,2,0,24,15,1,0,0,0
00Q000000002387,Priya Das,BlueSolutions,Coordinator,Individual,Retail,1467,Partner,6,1,5,0,0,1,2,18,68,1,0,0,1
00Q000000002388,Nikhil Kapoor,ApexSolutions,CEO,C-Level,Other,889,Web,4,3,1,0,0,3,1,2,43,0,1,0,1
00Q000000002389,Priya Malhotra,HelixSolutions,Director of IT,Director,Other,29,Web,4,0,2,0,0,3,0,10,119,1,0,0,0
00Q000000002390,Pooja Bose,NovaSystems,Coordinator,Individual,Manufacturing,18,Partner,0,0,3,0,0,0,1,6,28,0,0,0,0
00Q000000002391,Sanjay Sharma,CobaltDynamics,Analyst,Individual,Manufacturing,140,Referral,5,2,3,0,1,6,0,14,89,0,1,0,0
00Q000000002392,Meera Reddy,ZenWorks,CFO,C-Level,Retail,11,Paid Ad,1,0,0,0,0,1,0,67,34,1,0,0,0
00Q000000002393,Dev Sharma,HelixDynamics,Engineer,Individual,Education,770,Cold Outbound,2,1,2,0,0,4,1,14,19,1,1,0,0
00Q000000002394,Rahul Rao,QuantaWorks,Coordinator,Individual,Retail,49,Event,0,1,0,0,1,1,1,5,117,1,0,0,0
00Q000000002395,Aarav Mehta,HelixWorks,Coordinator,Individual,Technology,1133,Paid Ad,3,0,1,0,1,1,2,90,116,1,0,0,0
00Q000000002396,Nikhil Nair,ApexNetworks,Coordinator,Individual,Other,28,Cold Outbound,5,1,2,0,2,2,1,27,99,1,0,0,0
00Q000000002397,Sneha Singh,VertexDynamics,IT Manager,Manager,Retail,84,Partner,1,1,0,0,1,0,2,4,112,1,0,1,1
00Q000000002398,Sneha Mehta,HelixGroup,COO,C-Level,Education,665,Web,0,1,0,0,0,1,1,13,17,1,0,0,0
00Q000000002399,Arjun Sharma,HelixDynamics,Ops Manager,Manager,Healthcare,61,Partner,6,1,3,1,1,2,0,4,109,0,0,0,1
00Q000000002400,Arjun Joshi,LumenGroup,IT Manager,Manager,Healthcare,149,Event,2,1,4,1,0,4,1,10,114,0,1,0,0
00Q000000002401,Meera Verma,NovaNetworks,Director of IT,Director,Retail,512,Partner,4,3,3,0,1,1,0,13,86,1,0,0,1
00Q000000002402,Rahul Das,HelixDynamics,Ops Manager,Manager,Retail,43,Paid Ad,0,0,3,0,0,1,1,5,57,1,0,0,0
00Q000000002403,Ananya Malhotra,VertexWorks,Director of IT,Director,Technology,14,Web,2,0,0,0,0,0,0,4,99,1,0,0,0
00Q000000002404,Dev Verma,HelixHealth,Director of IT,Director,Healthcare,11,Partner,2,0,0,0,0,0,0,3,113,1,0,0,0
00Q000000002405,Arjun Patel,HelixNetworks,Director of Sales,Director,Retail,238,Web,1,0,0,0,0,1,0,15,119,1,0,0,0
00Q000000002406,Karan Nair,ApexWorks,Director of Sales,Director,Other,178,Cold Outbound,2,2,2,0,1,1,1,17,11,1,0,0,0
00Q000000002407,Rahul Iyer,ApexLabs,Head of Ops,Director,Technology,489,Partner,7,1,2,0,0,1,2,2,10,1,0,0,1
00Q000000002408,Nikhil Patel,CobaltSolutions,Director of Sales,Director,Finance,65,Cold Outbound,0,1,1,0,0,0,0,19,35,1,0,0,0
00Q000000002409,Pooja Sharma,ZenPartners,Head of Ops,Director,Healthcare,11,Web,5,1,2,0,0,0,0,10,118,0,0,0,0
00Q000000002410,Rahul Nair,LumenSolutions,Engineer,Individual,Technology,2,Event,4,1,0,0,0,1,2,6,50,1,0,0,0
00Q000000002411,Divya Sharma,CobaltGroup,Head of Ops,Director,Technology,7346,Web,5,3,4,1,1,2,1,1,70,0,0,1,1
00Q000000002412,Karan Malhotra,ZenHealth,Head of Ops,Director,Manufacturing,219,Referral,0,0,0,0,0,1,0,19,92,1,0,0,0
00Q000000002413,Amit Mehta,SummitSystems,Coordinator,Individual,Retail,122,Referral,1,0,1,0,0,1,1,20,78,0,0,0,0
00Q000000002414,Riya Iyer,NovaWorks,VP Engineering,VP,Healthcare,151,Paid Ad,2,1,4,0,0,1,0,5,47,1,0,0,1
00Q000000002415,Isha Mehta,QuantaIndustries,Ops Manager,Manager,Finance,11,Event,5,4,6,0,1,1,2,5,26,1,0,0,1
00Q000000002416,Meera Gupta,ZenHealth,Engineer,Individual,Other,30,Cold Outbound,1,1,4,0,0,1,0,8,27,1,0,0,0
00Q000000002417,Sneha Sharma,NovaSolutions,VP Engineering,VP,Healthcare,1359,Web,4,1,2,0,0,0,1,9,53,1,1,0,0
00Q000000002418,Amit Sharma,PioneerHealth,Analyst,Individual,Education,267,Event,7,2,1,0,0,1,1,38,69,1,0,1,1
00Q000000002419,Dev Iyer,BlueNetworks,Ops Manager,Manager,Finance,31,Paid Ad,3,0,1,1,0,0,0,25,98,1,0,0,0
00Q000000002420,Aarav Reddy,CobaltNetworks,Sales Manager,Manager,Education,15,Web,0,0,1,0,0,0,0,35,116,0,0,0,0
00Q000000002421,Meera Malhotra,ApexHealth,VP Sales,VP,Education,45,Paid Ad,1,0,1,0,0,1,0,4,35,1,0,0,0
00Q000000002422,Aarav Das,PioneerNetworks,Ops Manager,Manager,Finance,61,Paid Ad,4,1,8,5,1,2,2,2,77,1,1,0,1
00Q000000002423,Sanjay Iyer,SummitLabs,Director of IT,Director,Retail,2151,Paid Ad,1,0,1,0,2,0,0,11,41,1,0,0,0
00Q000000002424,Priya Khan,BlueIndustries,Head of Ops,Director,Retail,75,Paid Ad,3,0,4,1,0,1,2,4,44,0,0,0,1
00Q000000002425,Ananya Bose,HelixIndustries,Head of Ops,Director,Healthcare,16,Partner,4,0,2,0,2,0,1,2,64,0,0,0,0
00Q000000002426,Karan Joshi,NovaNetworks,CEO,C-Level,Retail,91,Cold Outbound,11,4,8,3,0,2,2,2,90,0,0,0,1
00Q000000002427,Isha Patel,VertexLabs,VP Engineering,VP,Finance,147,Web,0,0,1,0,0,0,0,6,31,0,0,0,0
00Q000000002428,Divya Gupta,VertexSolutions,Sales Manager,Manager,Healthcare,14,Event,4,1,2,1,2,2,0,66,5,1,1,1,0
00Q000000002429,Amit Mehta,CobaltIndustries,CTO,C-Level,Other,181,Partner,4,1,7,1,2,2,0,27,72,1,0,1,1
00Q000000002430,Kavya Joshi,SummitSystems,Sales Manager,Manager,Technology,609,Web,2,0,1,0,0,1,1,45,7,0,0,0,0
00Q000000002431,Riya Mehta,ApexSolutions,Engineer,Individual,Technology,122,Paid Ad,3,0,6,1,0,2,0,18,117,1,1,1,1
00Q000000002432,Rahul Das,OrbitNetworks,Engineer,Individual,Technology,30,Paid Ad,3,1,2,0,0,2,1,27,23,0,1,0,0
00Q000000002433,Riya Verma,BlueDynamics,Head of Ops,Director,Other,45,Web,3,0,2,0,0,1,1,2,58,1,0,0,1
00Q000000002434,Priya Reddy,QuantaWorks,Analyst,Individual,Technology,8,Event,2,0,2,0,0,0,0,20,49,1,0,0,0
00Q000000002435,Sanjay Khan,LumenWorks,Sales Manager,Manager,Technology,81,Partner,2,1,1,0,0,0,0,2,102,1,1,0,0
00Q000000002436,Neha Patel,PioneerLabs,IT Manager,Manager,Retail,158,Web,0,1,0,0,0,1,0,51,95,1,0,0,0
00Q000000002437,Nikhil Bose,BluePartners,IT Manager,Manager,Retail,25,Web,3,2,2,0,0,0,0,13,99,1,1,1,1
00Q000000002438,Arjun Reddy,LumenWorks,Engineer,Individual,Manufacturing,1825,Partner,2,3,5,0,1,0,1,3,110,1,0,0,1
00Q000000002439,Vikram Reddy,ApexDynamics,VP Engineering,VP,Other,326,Partner,1,0,1,0,2,1,3,13,62,1,0,0,0
00Q000000002440,Priya Kapoor,SummitIndustries,Ops Manager,Manager,Technology,6,Paid Ad,3,1,2,0,0,1,1,3,94,1,1,0,0
00Q000000002441,Meera Khan,SummitWorks,Coordinator,Individual,Manufacturing,6,Event,3,1,5,0,1,0,0,6,76,1,0,0,0
00Q000000002442,Dev Verma,ApexSolutions,Sales Manager,Manager,Manufacturing,22,Web,1,0,0,0,0,2,0,11,66,1,0,1,1
00Q000000002443,Nikhil Gupta,QuantaIndustries,Sales Manager,Manager,Finance,1053,Partner,4,4,5,1,1,2,1,5,33,0,0,0,1
00Q000000002444,Kavya Bose,CobaltNetworks,Head of Ops,Director,Other,378,Web,2,1,7,1,1,1,0,34,95,1,0,0,0
00Q000000002445,Meera Gupta,SummitLabs,Ops Manager,Manager,Manufacturing,1136,Cold Outbound,10,4,14,3,2,3,3,6,55,1,1,1,1
00Q000000002446,Pooja Singh,LumenNetworks,Analyst,Individual,Finance,101,Partner,1,1,2,0,0,3,0,17,3,1,0,0,0
00Q000000002447,Kavya Rao,LumenIndustries,VP Sales,VP,Technology,72,Web,2,0,0,0,1,0,0,6,73,0,0,0,0
00Q000000002448,Kavya Gupta,ZenLabs,Sales Manager,Manager,Technology,15,Paid Ad,1,1,5,0,0,1,1,5,92,1,0,0,0
00Q000000002449,Priya Bose,ZenGroup,Coordinator,Individual,Other,168,Cold Outbound,2,2,7,0,0,1,1,16,29,0,0,0,0
00Q000000002450,Vikram Kapoor,QuantaSystems,Director of Sales,Director,Finance,74,Cold Outbound,5,0,3,1,0,2,0,6,81,1,0,0,0
00Q000000002451,Nikhil Iyer,ApexLabs,Director of IT,Director,Other,69,Paid Ad,3,1,1,0,0,1,0,6,102,0,0,0,0
00Q000000002452,Dev Joshi,QuantaWorks,Director of IT,Director,Technology,1126,Web,3,2,1,1,0,0,3,8,47,1,0,0,0
00Q000000002453,Dev Rao,HelixWorks,IT Manager,Manager,Other,82,Paid Ad,1,0,2,0,0,3,0,15,89,1,1,0,0
00Q000000002454,Priya Singh,LumenSystems,Ops Manager,Manager,Education,732,Paid Ad,0,0,3,1,1,0,0,7,40,1,1,0,0
00Q000000002455,Rahul Mehta,PioneerHealth,Ops Manager,Manager,Technology,9,Paid Ad,3,0,2,0,0,0,0,6,103,0,1,0,0
00Q000000002456,Rahul Malhotra,OrbitWorks,Coordinator,Individual,Technology,5609,Web,2,1,2,0,2,0,1,1,30,0,1,0,0
00Q000000002457,Amit Nair,PioneerGroup,Engineer,Individual,Education,56,Cold Outbound,3,1,2,0,0,0,0,21,15,0,0,0,0
00Q000000002458,Neha Iyer,OrbitSystems,CEO,C-Level,Technology,287,Event,0,0,0,0,0,1,1,9,95,1,0,0,1
00Q000000002459,Kavya Khan,LumenGroup,Director of IT,Director,Finance,364,Referral,0,1,0,0,0,1,1,16,56,1,0,0,0
00Q000000002460,Arjun Reddy,ApexSolutions,IT Manager,Manager,Education,47,Web,2,1,2,0,0,1,0,1,12,1,0,0,0
00Q000000002461,Vikram Singh,OrbitGroup,Analyst,Individual,Other,339,Referral,2,0,2,0,1,1,0,26,36,1,0,0,0
00Q000000002462,Sneha Sharma,ApexHealth,Director of IT,Director,Retail,367,Event,4,0,2,0,0,0,4,25,18,1,0,0,1
00Q000000002463,Rahul Verma,OrbitGroup,Coordinator,Individual,Other,34,Web,0,0,4,0,0,0,1,26,20,0,0,0,0
00Q000000002464,Karan Singh,ZenIndustries,Coordinator,Individual,Manufacturing,34,Event,0,1,1,0,0,1,0,22,70,1,0,0,0
00Q000000002465,Divya Iyer,OrbitWorks,Coordinator,Individual,Retail,106,Web,1,0,0,0,0,2,0,9,113,1,0,0,0
00Q000000002466,Pooja Verma,QuantaDynamics,Director of Sales,Director,Finance,83,Web,0,0,3,0,0,1,1,55,55,1,0,0,0
00Q000000002467,Ananya Malhotra,LumenWorks,Director of IT,Director,Education,804,Web,2,2,3,0,1,1,2,4,41,1,0,0,1
00Q000000002468,Vikram Gupta,HelixHealth,Analyst,Individual,Retail,285,Referral,3,2,0,0,0,1,1,27,64,1,0,0,0
00Q000000002469,Dev Verma,NovaWorks,Engineer,Individual,Manufacturing,89,Event,1,1,5,0,1,1,1,5,49,0,0,0,0
00Q000000002470,Neha Malhotra,BlueIndustries,Director of IT,Director,Other,246,Event,2,0,1,0,1,0,0,55,72,1,0,0,0
00Q000000002471,Riya Joshi,HelixLabs,Sales Manager,Manager,Healthcare,4,Paid Ad,4,0,3,0,0,2,0,11,101,1,0,0,0
00Q000000002472,Sanjay Malhotra,PioneerWorks,Head of Ops,Director,Manufacturing,39,Event,6,2,5,0,0,1,0,3,96,1,0,0,1
00Q000000002473,Pooja Gupta,HelixPartners,Coordinator,Individual,Manufacturing,153,Paid Ad,4,1,1,0,0,0,0,1,115,1,0,0,0
00Q000000002474,Riya Joshi,VertexSystems,Director of IT,Director,Finance,530,Web,1,2,0,0,0,1,1,7,12,1,0,1,0
00Q000000002475,Sneha Sharma,SummitIndustries,CTO,C-Level,Finance,134,Event,2,0,2,0,0,0,0,21,27,1,0,0,0
00Q000000002476,Riya Mehta,ZenWorks,Head of Ops,Director,Other,886,Web,0,0,0,0,0,0,1,9,110,1,0,0,0
00Q000000002477,Pooja Patel,OrbitWorks,Coordinator,Individual,Healthcare,365,Event,0,0,3,0,0,1,1,2,45,0,0,0,0
00Q000000002478,Isha Patel,CobaltWorks,Director of IT,Director,Retail,47,Paid Ad,0,1,3,1,1,2,0,5,65,1,0,0,0
00Q000000002479,Meera Patel,QuantaPartners,Sales Manager,Manager,Manufacturing,80,Partner,3,0,1,0,0,0,2,44,16,1,1,0,0
00Q000000002480,Rahul Patel,OrbitDynamics,Analyst,Individual,Other,183,Paid Ad,7,2,3,0,0,1,2,21,110,1,0,0,0
00Q000000002481,Dev Verma,OrbitSystems,Sales Manager,Manager,Retail,50,Referral,2,1,2,1,1,1,0,0,114,1,1,0,0
00Q000000002482,Neha Iyer,CobaltSolutions,VP Engineering,VP,Technology,989,Web,2,1,2,1,0,4,0,14,70,1,0,0,0
00Q000000002483,Karan Sharma,VertexSolutions,Ops Manager,Manager,Finance,18,Cold Outbound,4,0,2,0,0,0,0,14,87,1,0,0,0
00Q000000002484,Pooja Reddy,HelixHealth,VP Engineering,VP,Retail,159,Web,6,0,4,0,1,2,1,2,54,1,0,0,1
00Q000000002485,Priya Singh,LumenPartners,Ops Manager,Manager,Technology,299,Web,2,0,1,1,0,1,0,9,1,1,1,0,0
00Q000000002486,Divya Reddy,NovaIndustries,IT Manager,Manager,Manufacturing,62,Web,6,2,4,0,0,0,0,44,69,0,0,0,0
00Q000000002487,Karan Singh,SummitDynamics,Engineer,Individual,Finance,44,Cold Outbound,2,3,4,2,1,4,0,9,48,1,0,0,0
00Q000000002488,Aarav Sharma,PioneerSolutions,Director of Sales,Director,Technology,88,Cold Outbound,3,3,5,0,2,3,1,17,14,1,0,0,1
00Q000000002489,Pooja Joshi,ApexDynamics,Engineer,Individual,Other,336,Referral,1,1,4,0,1,0,1,2,10,0,0,0,1
00Q000000002490,Meera Joshi,BlueSolutions,Ops Manager,Manager,Other,47,Web,7,2,5,0,1,3,1,15,30,0,0,1,1
00Q000000002491,Riya Reddy,BlueIndustries,Engineer,Individual,Retail,20,Partner,0,0,1,0,0,0,1,10,80,1,1,0,0
00Q000000002492,Vikram Bose,CobaltPartners,Sales Manager,Manager,Technology,558,Referral,2,1,5,1,0,2,0,5,72,1,1,0,0
00Q000000002493,Isha Joshi,PioneerSolutions,Ops Manager,Manager,Other,181,Web,1,1,1,0,0,2,0,5,5,1,0,0,1
00Q000000002494,Pooja Rao,LumenSolutions,Analyst,Individual,Manufacturing,451,Event,2,3,2,2,0,3,1,3,4,1,0,1,1
00Q000000002495,Karan Khan,LumenSolutions,Analyst,Individual,Other,310,Event,8,2,10,4,0,2,0,4,21,1,0,0,1
00Q000000002496,Pooja Khan,HelixNetworks,CFO,C-Level,Technology,2617,Referral,2,2,0,0,1,2,1,5,41,0,0,0,1
00Q000000002497,Isha Reddy,BlueNetworks,Engineer,Individual,Technology,529,Paid Ad,0,0,1,1,0,0,0,43,11,1,1,0,0
00Q000000002498,Pooja Gupta,PioneerPartners,Ops Manager,Manager,Retail,33,Paid Ad,2,0,2,0,0,1,0,1,54,1,0,0,0
00Q000000002499,Vikram Gupta,ZenSystems,IT Manager,Manager,Other,201,Paid Ad,4,0,6,1,0,4,1,13,51,0,1,0,1
00Q000000002500,Sanjay Malhotra,ApexPartners,IT Manager,Manager,Technology,43,Web,5,0,3,1,1,1,0,1,66,1,0,0,1
00Q000000002501,Ananya Sharma,HelixIndustries,Director of IT,Director,Finance,50,Web,3,3,0,0,0,1,1,3,86,1,0,0,0
00Q000000002502,Aarav Das,ApexDynamics,Engineer,Individual,Manufacturing,11,Cold Outbound,7,1,0,0,0,2,2,14,92,1,0,0,0
00Q000000002503,Meera Das,LumenLabs,Ops Manager,Manager,Other,64,Web,4,1,2,0,1,1,0,17,43,1,0,1,1
00Q000000002504,Kavya Patel,QuantaDynamics,Director of Sales,Director,Education,225,Event,0,0,5,0,1,4,0,8,61,1,0,1,0
00Q000000002505,Sanjay Singh,ApexHealth,Ops Manager,Manager,Other,90,Web,3,0,1,1,0,1,1,15,20,1,0,0,0
00Q000000002506,Amit Reddy,VertexSystems,CEO,C-Level,Retail,19,Web,5,0,6,0,1,1,1,6,35,0,0,1,1
00Q000000002507,Pooja Kapoor,LumenNetworks,COO,C-Level,Education,10,Event,7,0,5,0,0,2,0,6,17,1,0,0,0
00Q000000002508,Aarav Rao,CobaltSolutions,Coordinator,Individual,Manufacturing,2363,Web,6,4,6,0,0,1,2,4,40,0,1,0,1
00Q000000002509,Divya Singh,LumenHealth,Ops Manager,Manager,Technology,162,Paid Ad,1,1,4,1,1,2,1,9,18,1,0,0,1
00Q000000002510,Priya Sharma,BlueLabs,Coordinator,Individual,Retail,28,Referral,0,0,1,0,0,3,1,11,110,1,0,0,0
00Q000000002511,Aarav Khan,NovaHealth,Coordinator,Individual,Manufacturing,198,Partner,6,2,4,2,0,1,1,3,26,0,0,0,1
00Q000000002512,Ananya Reddy,QuantaWorks,IT Manager,Manager,Healthcare,2653,Paid Ad,7,0,4,0,0,1,1,3,4,1,0,0,0
00Q000000002513,Amit Verma,LumenWorks,IT Manager,Manager,Finance,252,Web,5,0,3,0,0,3,0,1,13,1,1,0,0
00Q000000002514,Kavya Singh,HelixNetworks,Ops Manager,Manager,Education,2,Partner,4,1,1,0,0,0,0,3,115,1,0,0,0
00Q000000002515,Pooja Gupta,LumenHealth,Engineer,Individual,Education,5315,Cold Outbound,1,2,3,0,0,1,0,27,112,0,0,0,0
00Q000000002516,Sanjay Verma,VertexSystems,Analyst,Individual,Finance,6,Web,1,1,1,1,0,1,0,7,57,1,0,0,1
00Q000000002517,Arjun Mehta,VertexLabs,CEO,C-Level,Other,73,Paid Ad,7,3,5,2,0,1,2,3,16,1,0,0,1
00Q000000002518,Meera Malhotra,SummitNetworks,CEO,C-Level,Finance,18,Paid Ad,6,2,3,1,0,1,0,17,16,1,0,1,1
00Q000000002519,Riya Verma,QuantaSolutions,Coordinator,Individual,Technology,32,Paid Ad,3,0,0,0,0,0,0,15,119,1,1,0,0
00Q000000002520,Sneha Joshi,QuantaPartners,Director of IT,Director,Technology,152,Web,4,1,1,0,1,0,1,14,47,1,0,0,1
00Q000000002521,Riya Patel,ApexDynamics,Ops Manager,Manager,Healthcare,4,Web,3,0,6,2,2,1,1,3,70,1,0,0,1
00Q000000002522,Ananya Singh,SummitHealth,Director of IT,Director,Technology,86,Referral,5,1,1,0,1,0,0,7,1,0,0,0,0
00Q000000002523,Sanjay Rao,SummitSolutions,Sales Manager,Manager,Retail,556,Web,1,0,1,0,0,1,0,6,68,1,1,0,0
00Q000000002524,Neha Singh,OrbitHealth,VP Engineering,VP,Education,28,Referral,4,2,12,1,1,4,1,4,16,1,0,1,1
00Q000000002525,Aarav Rao,BlueLabs,Analyst,Individual,Manufacturing,12,Cold Outbound,7,3,1,0,0,0,2,3,34,0,1,0,0
00Q000000002526,Pooja Nair,ApexSystems,Ops Manager,Manager,Other,80,Referral,2,0,1,0,0,3,0,4,105,1,1,0,0
00Q000000002527,Karan Verma,BlueNetworks,COO,C-Level,Other,59,Event,2,0,4,0,0,1,0,11,42,0,0,0,0
00Q000000002528,Pooja Bose,ApexLabs,Coordinator,Individual,Healthcare,40,Web,11,0,6,0,2,1,1,6,65,1,0,0,1
00Q000000002529,Aarav Sharma,VertexSystems,Coordinator,Individual,Technology,16,Event,3,0,2,0,0,1,0,5,107,1,0,0,0
00Q000000002530,Vikram Rao,SummitGroup,Head of Ops,Director,Technology,216,Partner,5,3,4,0,0,2,0,4,26,1,0,0,1
00Q000000002531,Kavya Mehta,SummitHealth,Director of IT,Director,Retail,242,Cold Outbound,6,0,2,0,0,2,0,6,9,1,0,0,0
00Q000000002532,Ananya Nair,QuantaDynamics,Head of Ops,Director,Healthcare,20,Event,1,0,3,0,0,1,1,23,27,1,0,1,1
00Q000000002533,Arjun Iyer,ZenGroup,Head of Ops,Director,Retail,24,Event,2,1,1,1,0,0,3,2,79,1,0,0,1
00Q000000002534,Rohan Malhotra,SummitSystems,Head of Ops,Director,Retail,122,Web,2,1,2,1,0,0,2,28,70,1,0,0,0
00Q000000002535,Neha Singh,CobaltSystems,Analyst,Individual,Manufacturing,23,Cold Outbound,5,1,5,5,1,1,1,15,32,1,0,0,1
00Q000000002536,Nikhil Patel,BlueSystems,Director of Sales,Director,Technology,130,Referral,3,1,4,1,0,1,0,12,87,0,0,0,0
00Q000000002537,Kavya Das,SummitSolutions,Director of Sales,Director,Finance,899,Referral,0,0,1,0,1,0,1,23,114,1,0,0,1
00Q000000002538,Isha Khan,VertexDynamics,VP Engineering,VP,Finance,90,Event,4,0,3,0,2,2,3,11,51,0,0,0,1
00Q000000002539,Isha Joshi,HelixLabs,Analyst,Individual,Education,16,Web,3,4,4,1,0,5,1,2,112,1,0,0,0
00Q000000002540,Sneha Das,NovaWorks,Engineer,Individual,Retail,179,Referral,5,1,7,1,0,2,1,9,86,1,0,0,1
00Q000000002541,Sneha Bose,LumenHealth,Head of Ops,Director,Retail,76,Cold Outbound,3,1,3,1,1,0,0,5,14,1,0,0,0
00Q000000002542,Ananya Kapoor,SummitNetworks,Analyst,Individual,Retail,79,Web,2,2,0,0,0,3,0,1,95,1,0,0,0
00Q000000002543,Arjun Patel,HelixSolutions,Analyst,Individual,Manufacturing,202,Web,4,0,5,2,0,1,1,3,33,1,1,0,0
00Q000000002544,Kavya Das,ApexHealth,VP Sales,VP,Technology,280,Web,2,0,1,0,0,1,1,24,41,1,0,0,0
00Q000000002545,Rohan Malhotra,NovaDynamics,Sales Manager,Manager,Technology,104,Web,1,0,3,0,0,1,0,8,91,0,1,0,0
00Q000000002546,Meera Singh,PioneerSolutions,Ops Manager,Manager,Technology,90,Cold Outbound,1,1,2,0,1,0,0,22,56,1,1,0,0
00Q000000002547,Sanjay Singh,HelixLabs,Coordinator,Individual,Technology,2198,Paid Ad,9,6,8,1,1,5,1,5,53,0,1,0,1
00Q000000002548,Dev Patel,ApexLabs,Engineer,Individual,Finance,602,Cold Outbound,0,0,0,0,1,3,0,4,56,0,1,0,0
00Q000000002549,Neha Patel,NovaGroup,Director of Sales,Director,Education,347,Cold Outbound,1,0,0,0,0,2,0,15,96,1,0,0,0
00Q000000002550,Meera Reddy,NovaPartners,IT Manager,Manager,Technology,121,Paid Ad,2,0,2,1,0,1,0,34,85,1,0,0,0
00Q000000002551,Vikram Das,LumenHealth,Engineer,Individual,Technology,22,Paid Ad,1,0,2,0,0,1,0,5,58,1,0,0,0
00Q000000002552,Priya Khan,ZenDynamics,Ops Manager,Manager,Technology,539,Event,2,0,0,0,0,0,0,2,101,1,0,0,0
00Q000000002553,Amit Singh,SummitWorks,Analyst,Individual,Finance,123,Paid Ad,1,0,0,0,0,0,0,16,60,0,0,0,0
00Q000000002554,Amit Sharma,LumenSolutions,Analyst,Individual,Technology,41,Paid Ad,2,2,2,1,0,0,0,4,80,0,1,0,1
00Q000000002555,Amit Malhotra,QuantaWorks,Engineer,Individual,Technology,69,Paid Ad,5,1,1,1,0,1,1,9,46,0,0,0,0
00Q000000002556,Meera Malhotra,ZenPartners,Ops Manager,Manager,Finance,23,Event,0,0,1,0,0,0,0,57,113,0,0,0,0
00Q000000002557,Vikram Sharma,QuantaPartners,Engineer,Individual,Other,485,Paid Ad,3,2,8,0,0,0,0,17,79,1,1,0,0
00Q000000002558,Vikram Malhotra,CobaltDynamics,Sales Manager,Manager,Finance,277,Web,5,2,6,1,0,3,0,11,2,1,1,0,0
00Q000000002559,Kavya Nair,PioneerHealth,Sales Manager,Manager,Technology,130,Paid Ad,3,0,9,1,0,0,2,8,33,1,0,0,1
00Q000000002560,Ananya Verma,OrbitLabs,Ops Manager,Manager,Healthcare,93,Event,1,0,5,1,0,1,3,6,84,0,1,0,1
00Q000000002561,Isha Kapoor,HelixSystems,Analyst,Individual,Technology,35,Paid Ad,4,0,2,0,0,1,0,26,52,0,1,0,0
00Q000000002562,Aarav Singh,PioneerWorks,Engineer,Individual,Manufacturing,4,Event,4,1,5,2,1,1,0,2,117,1,0,1,0
00Q000000002563,Karan Patel,PioneerGroup,Analyst,Individual,Healthcare,11,Partner,6,3,1,1,0,2,1,2,45,1,0,0,0
00Q000000002564,Dev Das,ZenSystems,Sales Manager,Manager,Other,32,Partner,3,4,4,3,1,2,0,9,103,0,0,0,0
00Q000000002565,Vikram Patel,OrbitNetworks,Head of Ops,Director,Other,26,Referral,2,0,1,0,0,4,0,87,82,1,0,0,0
00Q000000002566,Rahul Joshi,VertexDynamics,Engineer,Individual,Retail,153,Referral,4,1,3,1,0,2,1,7,4,1,1,1,1
00Q000000002567,Isha Singh,HelixDynamics,Director of IT,Director,Technology,336,Web,3,1,2,2,2,1,1,21,77,1,0,0,1
00Q000000002568,Nikhil Mehta,ZenIndustries,Director of Sales,Director,Healthcare,82,Web,0,0,1,0,0,1,2,6,85,1,0,0,0
00Q000000002569,Neha Nair,ZenWorks,Coordinator,Individual,Finance,823,Web,4,2,1,0,0,0,2,9,20,1,0,0,1
00Q000000002570,Ananya Malhotra,PioneerWorks,Analyst,Individual,Education,30,Partner,12,4,8,3,1,1,1,7,36,1,0,1,1
00Q000000002571,Pooja Malhotra,NovaPartners,Coordinator,Individual,Technology,81,Partner,4,0,3,0,0,0,3,15,37,1,1,0,0
00Q000000002572,Ananya Joshi,NovaWorks,Engineer,Individual,Retail,92,Web,4,4,3,3,1,2,0,4,23,0,0,0,1
00Q000000002573,Rahul Patel,LumenSystems,IT Manager,Manager,Finance,511,Cold Outbound,10,1,2,0,1,0,1,4,74,1,0,0,1
00Q000000002574,Dev Iyer,ZenSystems,Engineer,Individual,Healthcare,116,Referral,3,0,4,0,1,2,1,3,69,0,0,0,1
00Q000000002575,Divya Mehta,OrbitLabs,VP Engineering,VP,Finance,121,Partner,1,0,3,0,0,3,0,6,74,1,0,0,0
00Q000000002576,Vikram Das,QuantaPartners,Ops Manager,Manager,Finance,8,Event,1,0,3,0,1,1,1,54,63,1,0,1,0
00Q000000002577,Divya Verma,BlueDynamics,Director of IT,Director,Retail,25,Paid Ad,1,0,0,0,1,1,0,9,106,1,0,0,0
00Q000000002578,Neha Kapoor,NovaLabs,Director of IT,Director,Manufacturing,514,Referral,2,1,1,0,0,3,5,54,78,0,0,0,0
00Q000000002579,Isha Patel,CobaltLabs,Sales Manager,Manager,Finance,4,Web,4,1,5,2,0,3,1,5,49,1,0,1,1
00Q000000002580,Sneha Bose,ZenPartners,CTO,C-Level,Technology,745,Web,0,0,1,1,0,1,0,27,52,1,0,0,0
00Q000000002581,Priya Verma,HelixGroup,CTO,C-Level,Education,210,Paid Ad,9,1,4,1,1,1,3,46,17,0,0,0,1
00Q000000002582,Sanjay Nair,SummitHealth,Sales Manager,Manager,Healthcare,32,Cold Outbound,0,1,3,0,0,1,0,10,90,0,1,0,0
00Q000000002583,Meera Patel,OrbitDynamics,Analyst,Individual,Manufacturing,28,Paid Ad,2,1,2,2,0,1,1,44,77,0,0,0,0
00Q000000002584,Neha Bose,NovaIndustries,IT Manager,Manager,Healthcare,1709,Partner,4,2,0,0,0,0,0,8,47,1,0,0,0
00Q000000002585,Rohan Kapoor,ApexGroup,Engineer,Individual,Manufacturing,826,Web,2,2,2,2,0,3,0,5,105,1,0,0,1
00Q000000002586,Rohan Reddy,QuantaGroup,Ops Manager,Manager,Manufacturing,83,Partner,5,0,3,0,0,4,0,9,45,0,0,1,1
00Q000000002587,Riya Iyer,ApexNetworks,IT Manager,Manager,Technology,121,Cold Outbound,3,2,8,3,0,1,0,1,38,0,0,0,1
00Q000000002588,Vikram Patel,VertexPartners,IT Manager,Manager,Manufacturing,37,Event,5,1,4,0,0,0,2,3,35,1,1,0,0
00Q000000002589,Kavya Rao,HelixIndustries,Head of Ops,Director,Manufacturing,121,Event,3,1,5,3,0,2,0,2,89,1,0,0,1
00Q000000002590,Ananya Patel,ZenNetworks,Coordinator,Individual,Technology,36,Web,0,0,0,0,1,2,1,12,108,0,0,0,0
00Q000000002591,Aarav Patel,QuantaHealth,Sales Manager,Manager,Retail,88,Web,11,5,7,5,1,1,3,7,74,1,1,1,1
00Q000000002592,Aarav Das,ZenNetworks,Ops Manager,Manager,Technology,1503,Web,1,1,3,2,1,1,2,4,81,0,0,0,1
00Q000000002593,Rahul Khan,CobaltIndustries,Head of Ops,Director,Technology,86,Paid Ad,0,1,2,0,1,1,2,67,90,0,0,0,0
00Q000000002594,Sanjay Singh,NovaSolutions,Director of IT,Director,Education,20,Partner,2,0,0,0,0,2,1,3,29,1,0,0,0
00Q000000002595,Kavya Joshi,CobaltSolutions,Engineer,Individual,Education,12,Web,2,0,2,0,1,0,0,4,14,0,1,0,0
00Q000000002596,Isha Das,SummitLabs,Head of Ops,Director,Finance,120,Cold Outbound,5,2,5,1,0,2,3,11,48,1,0,0,1
00Q000000002597,Priya Das,LumenWorks,Analyst,Individual,Retail,31,Cold Outbound,2,2,4,1,0,0,1,5,81,1,0,0,0
00Q000000002598,Ananya Mehta,HelixSystems,Director of Sales,Director,Technology,144,Paid Ad,0,0,1,0,0,1,1,2,101,0,0,0,0
00Q000000002599,Meera Verma,PioneerGroup,Sales Manager,Manager,Retail,8,Cold Outbound,3,1,3,0,0,0,0,9,74,1,1,0,0
00Q000000002600,Vikram Mehta,LumenWorks,IT Manager,Manager,Healthcare,280,Cold Outbound,1,1,2,0,0,2,1,14,85,1,1,0,0
00Q000000002601,Divya Iyer,OrbitDynamics,Director of Sales,Director,Education,20,Web,5,2,6,3,0,1,2,6,102,0,0,1,1
00Q000000002602,Rohan Verma,LumenSolutions,VP Engineering,VP,Healthcare,106,Cold Outbound,3,2,1,1,0,0,0,8,93,0,1,0,0
00Q000000002603,Rahul Malhotra,HelixSolutions,Director of IT,Director,Finance,59,Event,2,1,6,0,0,0,1,8,22,0,0,0,1
00Q000000002604,Meera Reddy,BluePartners,IT Manager,Manager,Education,1309,Web,2,2,6,3,0,1,1,27,28,0,0,0,1
00Q000000002605,Sneha Patel,PioneerPartners,Head of Ops,Director,Technology,128,Web,1,2,0,0,1,2,0,31,109,1,0,0,0
00Q000000002606,Ananya Bose,HelixHealth,IT Manager,Manager,Technology,1841,Paid Ad,1,2,2,0,0,0,0,25,49,1,0,0,0
00Q000000002607,Meera Patel,HelixGroup,Director of Sales,Director,Healthcare,230,Cold Outbound,3,1,0,0,0,0,0,26,97,1,0,0,0
00Q000000002608,Isha Bose,PioneerDynamics,VP Marketing,VP,Manufacturing,843,Event,4,2,4,1,0,1,1,6,119,1,0,0,1
00Q000000002609,Sneha Verma,CobaltWorks,Engineer,Individual,Technology,72,Paid Ad,2,1,0,0,0,2,0,19,32,1,0,0,0
00Q000000002610,Karan Verma,ZenPartners,Engineer,Individual,Manufacturing,167,Referral,1,0,0,0,1,0,1,0,53,1,1,0,0
00Q000000002611,Rahul Malhotra,CobaltNetworks,Engineer,Individual,Finance,618,Cold Outbound,6,1,1,1,0,0,0,66,110,0,0,0,0
00Q000000002612,Karan Verma,ApexSystems,Analyst,Individual,Manufacturing,386,Web,1,0,4,0,0,1,1,11,50,0,0,0,0
00Q000000002613,Priya Khan,ApexPartners,Ops Manager,Manager,Other,220,Paid Ad,0,1,1,1,0,1,0,30,105,1,0,0,0
00Q000000002614,Sanjay Iyer,ZenIndustries,Coordinator,Individual,Healthcare,60,Paid Ad,1,1,1,1,0,0,0,39,37,1,1,0,0
00Q000000002615,Kavya Bose,ZenPartners,IT Manager,Manager,Manufacturing,78,Web,1,0,6,0,1,2,2,23,116,1,0,0,0
00Q000000002616,Divya Verma,VertexWorks,Coordinator,Individual,Healthcare,548,Cold Outbound,2,1,7,0,0,2,1,6,119,1,0,0,0
00Q000000002617,Nikhil Rao,SummitPartners,Coordinator,Individual,Technology,749,Cold Outbound,2,1,2,1,0,3,2,21,13,1,0,1,1
00Q000000002618,Aarav Bose,CobaltHealth,Head of Ops,Director,Education,40,Event,2,1,0,0,0,1,0,25,89,0,0,0,0
00Q000000002619,Pooja Patel,PioneerGroup,Ops Manager,Manager,Other,32,Paid Ad,5,1,7,2,2,1,4,1,45,1,0,0,1
00Q000000002620,Divya Joshi,PioneerHealth,Sales Manager,Manager,Education,25,Cold Outbound,1,0,4,0,0,0,2,13,17,1,0,0,0
00Q000000002621,Rohan Das,VertexDynamics,Director of IT,Director,Other,345,Web,2,0,1,0,0,0,0,12,84,0,0,0,0
00Q000000002622,Ananya Verma,QuantaGroup,COO,C-Level,Healthcare,24,Web,8,1,1,1,1,3,2,3,48,1,0,0,1
00Q000000002623,Amit Kapoor,OrbitIndustries,IT Manager,Manager,Retail,339,Paid Ad,1,1,3,0,0,2,1,3,3,0,1,0,0
00Q000000002624,Karan Rao,VertexHealth,Coordinator,Individual,Technology,225,Paid Ad,1,0,2,0,0,0,0,4,31,0,0,0,0
00Q000000002625,Divya Singh,BlueNetworks,Coordinator,Individual,Other,43,Paid Ad,5,0,3,1,0,0,1,17,57,1,0,0,0
00Q000000002626,Riya Iyer,VertexSystems,CTO,C-Level,Manufacturing,1038,Paid Ad,6,3,9,3,0,4,2,3,97,1,0,0,1
00Q000000002627,Meera Bose,HelixGroup,Director of IT,Director,Finance,11,Paid Ad,3,1,5,1,2,1,0,8,35,0,0,0,0
00Q000000002628,Priya Das,LumenGroup,Director of IT,Director,Education,1199,Web,4,0,2,0,0,0,1,10,54,1,0,0,0
00Q000000002629,Riya Mehta,LumenSystems,Director of Sales,Director,Manufacturing,160,Web,1,2,1,1,0,3,1,8,58,1,0,1,1
00Q000000002630,Ananya Das,CobaltGroup,Analyst,Individual,Other,4,Web,4,2,6,1,2,2,0,3,36,1,0,0,0
00Q000000002631,Dev Mehta,VertexHealth,Ops Manager,Manager,Retail,1083,Event,1,2,1,0,0,1,0,7,103,1,1,0,0
00Q000000002632,Ananya Bose,BluePartners,Director of IT,Director,Education,427,Partner,0,1,2,0,0,1,2,8,110,1,0,1,1
00Q000000002633,Arjun Bose,ZenIndustries,VP Engineering,VP,Manufacturing,52,Cold Outbound,4,1,1,0,0,2,0,2,18,0,0,0,0
00Q000000002634,Karan Reddy,SummitIndustries,Coordinator,Individual,Manufacturing,23,Event,0,1,4,0,1,3,1,7,21,1,0,0,0
00Q000000002635,Pooja Iyer,SummitPartners,IT Manager,Manager,Retail,9,Paid Ad,4,0,8,1,0,4,0,5,22,1,1,0,0
00Q000000002636,Riya Iyer,QuantaPartners,Engineer,Individual,Technology,3726,Referral,0,0,0,0,0,0,1,2,118,1,0,0,0
00Q000000002637,Pooja Singh,LumenIndustries,CFO,C-Level,Technology,24,Event,3,0,1,0,1,1,0,8,48,1,0,0,0
00Q000000002638,Divya Das,HelixPartners,Coordinator,Individual,Other,14,Cold Outbound,2,0,3,0,1,0,0,0,82,1,0,0,0
00Q000000002639,Isha Sharma,CobaltPartners,Head of Ops,Director,Other,148,Web,4,0,0,0,0,2,0,7,1,1,0,0,0
00Q000000002640,Dev Iyer,OrbitPartners,Coordinator,Individual,Other,8,Partner,3,3,3,0,0,4,1,7,32,1,1,0,0
00Q000000002641,Riya Das,ApexPartners,Head of Ops,Director,Technology,22,Web,2,0,6,0,0,1,0,21,3,1,0,0,0
00Q000000002642,Dev Malhotra,ApexSystems,Director of IT,Director,Finance,442,Referral,1,1,3,0,0,0,0,90,99,1,0,0,0
00Q000000002643,Priya Bose,PioneerNetworks,Ops Manager,Manager,Other,199,Paid Ad,1,0,1,0,0,1,1,15,100,0,0,0,0
00Q000000002644,Isha Verma,ZenHealth,VP Sales,VP,Technology,55,Partner,7,3,10,2,2,1,0,7,82,1,0,1,1
00Q000000002645,Rahul Kapoor,NovaNetworks,VP Marketing,VP,Healthcare,102,Paid Ad,2,1,4,0,1,0,0,2,101,1,0,0,0
00Q000000002646,Rahul Bose,BlueIndustries,VP Engineering,VP,Finance,51,Cold Outbound,5,1,7,0,0,4,1,4,97,1,0,0,1
00Q000000002647,Rahul Iyer,ApexWorks,Sales Manager,Manager,Education,90,Cold Outbound,3,0,4,0,0,0,0,7,100,0,0,0,0
00Q000000002648,Vikram Kapoor,HelixDynamics,Director of Sales,Director,Manufacturing,31,Paid Ad,1,2,2,1,1,5,0,1,10,0,1,0,0
00Q000000002649,Rahul Malhotra,SummitHealth,Sales Manager,Manager,Finance,41,Referral,5,1,7,2,2,2,1,18,34,0,0,1,1
00Q000000002650,Isha Patel,NovaHealth,Ops Manager,Manager,Manufacturing,39,Referral,2,0,1,0,0,0,0,19,20,1,1,0,0
00Q000000002651,Amit Verma,NovaSolutions,Sales Manager,Manager,Technology,33,Paid Ad,1,0,2,0,0,0,0,28,97,1,1,0,0
00Q000000002652,Pooja Patel,QuantaIndustries,Head of Ops,Director,Retail,476,Paid Ad,4,2,3,0,2,1,0,26,1,1,0,1,1
00Q000000002653,Divya Patel,ZenPartners,Coordinator,Individual,Manufacturing,315,Event,4,1,1,0,0,0,2,3,115,1,0,0,0
00Q000000002654,Arjun Malhotra,LumenSolutions,Ops Manager,Manager,Manufacturing,24,Event,3,0,4,0,0,4,1,2,93,1,0,0,0
00Q000000002655,Karan Patel,LumenGroup,Coordinator,Individual,Healthcare,16,Web,4,1,3,0,1,1,0,39,43,1,0,0,0
00Q000000002656,Karan Patel,NovaWorks,Engineer,Individual,Finance,78,Web,6,3,1,0,1,3,0,3,41,1,0,0,1
00Q000000002657,Pooja Reddy,ApexIndustries,Engineer,Individual,Technology,2522,Event,5,1,1,1,0,0,1,23,52,0,0,0,0
00Q000000002658,Meera Gupta,LumenPartners,Coordinator,Individual,Other,21,Cold Outbound,2,1,2,0,0,1,0,12,92,1,1,1,0
00Q000000002659,Meera Singh,SummitSystems,Director of Sales,Director,Healthcare,78,Partner,1,2,3,0,1,1,0,47,36,1,0,0,0
00Q000000002660,Divya Iyer,SummitDynamics,Sales Manager,Manager,Healthcare,113,Cold Outbound,3,0,0,0,0,3,0,49,1,1,1,0,0
00Q000000002661,Aarav Kapoor,QuantaNetworks,Analyst,Individual,Finance,84,Paid Ad,0,0,3,0,0,0,0,46,66,0,0,0,0
00Q000000002662,Pooja Nair,SummitSystems,Director of Sales,Director,Other,50,Web,4,0,1,0,0,0,2,2,87,0,0,0,0
00Q000000002663,Rohan Reddy,ApexPartners,VP Engineering,VP,Education,562,Paid Ad,4,0,1,0,0,1,0,27,82,0,0,0,0
00Q000000002664,Aarav Malhotra,CobaltSolutions,VP Marketing,VP,Technology,196,Cold Outbound,4,1,1,1,1,1,2,27,72,1,0,0,0
00Q000000002665,Riya Kapoor,VertexNetworks,VP Engineering,VP,Manufacturing,353,Paid Ad,2,2,4,1,0,2,1,8,104,1,0,0,1
00Q000000002666,Amit Patel,ApexSystems,COO,C-Level,Healthcare,240,Event,2,2,1,0,0,1,0,6,76,1,0,0,0
00Q000000002667,Divya Reddy,BlueLabs,Ops Manager,Manager,Education,380,Paid Ad,3,1,1,0,1,1,1,8,58,1,0,0,0
00Q000000002668,Rohan Mehta,LumenSolutions,CEO,C-Level,Other,1071,Web,5,3,1,1,1,1,0,19,92,1,0,0,1
00Q000000002669,Amit Nair,SummitSolutions,CTO,C-Level,Retail,732,Web,1,1,1,0,0,0,0,3,5,1,0,0,0
00Q000000002670,Rohan Malhotra,PioneerPartners,Sales Manager,Manager,Education,3252,Web,3,0,2,1,1,1,0,35,62,0,0,0,0
00Q000000002671,Rahul Verma,VertexPartners,VP Sales,VP,Manufacturing,617,Event,4,4,9,2,0,1,4,1,69,1,0,1,1
00Q000000002672,Arjun Patel,BluePartners,Director of IT,Director,Finance,36,Cold Outbound,0,1,4,0,0,0,0,5,109,0,0,0,0
00Q000000002673,Sneha Khan,ZenSystems,Director of Sales,Director,Retail,354,Web,4,0,2,0,0,1,1,2,108,0,0,0,0
00Q000000002674,Amit Kapoor,HelixWorks,VP Engineering,VP,Retail,288,Web,0,1,2,2,0,2,1,10,96,1,0,0,1
00Q000000002675,Divya Sharma,VertexHealth,Sales Manager,Manager,Technology,1773,Partner,2,2,2,0,0,1,1,5,42,0,0,0,0
00Q000000002676,Rohan Joshi,PioneerSolutions,Sales Manager,Manager,Manufacturing,23,Cold Outbound,3,3,3,1,1,3,1,16,5,1,0,1,1
00Q000000002677,Sanjay Bose,BlueSolutions,Director of Sales,Director,Technology,229,Paid Ad,2,2,1,1,1,2,1,6,9,1,0,0,1
00Q000000002678,Sneha Das,ApexIndustries,Head of Ops,Director,Technology,35,Referral,1,0,0,0,0,0,0,22,27,1,0,0,0
00Q000000002679,Dev Patel,LumenGroup,VP Sales,VP,Other,214,Event,4,2,5,0,0,0,1,6,16,1,0,0,0
00Q000000002680,Riya Gupta,QuantaNetworks,VP Marketing,VP,Technology,72,Paid Ad,3,4,8,1,1,2,2,4,60,1,1,0,1
00Q000000002681,Neha Mehta,QuantaIndustries,Head of Ops,Director,Education,204,Cold Outbound,1,1,2,0,0,1,1,11,46,0,0,0,0
00Q000000002682,Riya Sharma,BlueHealth,CEO,C-Level,Finance,11,Web,4,1,3,0,0,3,1,1,23,1,1,1,1
00Q000000002683,Priya Patel,LumenDynamics,Engineer,Individual,Retail,326,Cold Outbound,1,1,0,0,0,1,0,4,71,1,0,0,0
00Q000000002684,Pooja Gupta,ZenSystems,CFO,C-Level,Other,135,Paid Ad,1,0,0,0,0,3,0,5,93,1,0,0,0
00Q000000002685,Isha Das,LumenPartners,Engineer,Individual,Education,124,Paid Ad,8,4,5,0,1,1,0,11,75,1,1,0,0
00Q000000002686,Rohan Patel,OrbitGroup,Ops Manager,Manager,Education,1854,Web,1,0,2,0,0,1,0,19,26,0,1,0,0
00Q000000002687,Isha Nair,LumenGroup,Engineer,Individual,Finance,56,Cold Outbound,0,1,2,2,0,1,0,11,11,1,1,0,0
00Q000000002688,Rohan Mehta,OrbitIndustries,Ops Manager,Manager,Finance,166,Paid Ad,3,1,6,1,2,4,0,5,65,1,1,0,1
00Q000000002689,Meera Mehta,VertexSystems,Ops Manager,Manager,Retail,115,Referral,0,0,1,0,0,0,0,25,58,1,0,0,0
00Q000000002690,Sneha Malhotra,VertexSolutions,Engineer,Individual,Retail,133,Event,3,0,0,0,1,0,2,9,112,1,0,0,0
00Q000000002691,Riya Das,NovaPartners,Head of Ops,Director,Education,2786,Referral,1,0,0,0,1,0,1,11,82,1,0,0,1
00Q000000002692,Sanjay Khan,ZenPartners,Director of IT,Director,Retail,109,Web,2,0,3,0,1,1,0,13,61,0,1,0,0
00Q000000002693,Aarav Bose,ApexWorks,Engineer,Individual,Technology,42,Web,2,2,1,1,0,1,2,5,13,1,1,0,0
00Q000000002694,Isha Malhotra,LumenSystems,Director of IT,Director,Finance,1646,Web,5,1,2,1,2,6,0,8,34,1,0,1,1
00Q000000002695,Priya Khan,NovaNetworks,Analyst,Individual,Other,62,Event,4,3,5,1,2,1,0,18,20,1,0,0,1
00Q000000002696,Nikhil Joshi,CobaltLabs,Coordinator,Individual,Manufacturing,8,Paid Ad,4,2,1,0,0,2,0,9,41,1,1,0,0
00Q000000002697,Priya Patel,BlueNetworks,Engineer,Individual,Retail,32,Paid Ad,3,0,2,0,0,3,0,31,6,1,1,0,0
00Q000000002698,Divya Iyer,ApexSystems,Sales Manager,Manager,Manufacturing,15,Paid Ad,3,3,4,0,0,2,2,7,57,1,0,0,0
00Q000000002699,Meera Mehta,HelixHealth,Head of Ops,Director,Other,6,Web,0,0,1,0,0,0,1,33,11,1,0,0,0
00Q000000002700,Sanjay Nair,LumenLabs,IT Manager,Manager,Education,57,Event,3,4,3,1,0,2,0,3,25,0,1,0,0
00Q000000002701,Isha Nair,ZenHealth,VP Marketing,VP,Finance,89,Paid Ad,2,0,0,0,0,0,0,17,56,1,0,0,0
00Q000000002702,Pooja Verma,HelixLabs,Sales Manager,Manager,Other,584,Partner,2,0,4,0,2,4,1,11,110,1,0,0,1
00Q000000002703,Priya Kapoor,PioneerWorks,Director of IT,Director,Finance,255,Referral,5,1,5,2,1,1,0,14,107,0,0,0,1
00Q000000002704,Sanjay Rao,NovaWorks,CEO,C-Level,Healthcare,238,Cold Outbound,1,1,2,1,1,1,1,13,64,0,0,0,1
00Q000000002705,Dev Joshi,NovaNetworks,Sales Manager,Manager,Education,26,Partner,3,1,6,1,1,1,1,39,115,0,0,0,0
00Q000000002706,Isha Kapoor,ApexIndustries,Analyst,Individual,Finance,375,Cold Outbound,3,1,1,0,1,0,1,15,58,0,0,0,0
00Q000000002707,Nikhil Nair,CobaltPartners,Coordinator,Individual,Finance,801,Paid Ad,0,1,0,0,0,1,1,26,40,0,0,0,0
00Q000000002708,Nikhil Joshi,CobaltNetworks,Ops Manager,Manager,Retail,179,Event,4,0,1,0,1,0,0,9,116,1,1,0,0
00Q000000002709,Pooja Patel,ApexSystems,IT Manager,Manager,Other,187,Cold Outbound,2,1,5,0,0,1,2,5,74,1,0,0,0
00Q000000002710,Meera Verma,CobaltHealth,Engineer,Individual,Technology,14,Cold Outbound,2,2,2,0,0,0,1,7,109,1,1,0,0
00Q000000002711,Neha Singh,SummitIndustries,VP Sales,VP,Retail,483,Cold Outbound,2,2,5,0,0,1,2,6,26,0,0,0,1
00Q000000002712,Ananya Nair,SummitWorks,CFO,C-Level,Manufacturing,1438,Cold Outbound,6,2,1,0,0,1,1,11,23,1,0,0,1
00Q000000002713,Pooja Singh,QuantaPartners,Coordinator,Individual,Healthcare,161,Cold Outbound,1,0,1,0,1,0,2,11,104,1,0,0,0
00Q000000002714,Sanjay Rao,LumenSolutions,Coordinator,Individual,Retail,40,Partner,4,0,4,2,0,2,2,2,43,0,0,0,0
00Q000000002715,Pooja Kapoor,OrbitPartners,Analyst,Individual,Manufacturing,78,Web,3,4,4,1,0,2,0,26,52,1,0,0,0
00Q000000002716,Isha Reddy,HelixSystems,Sales Manager,Manager,Education,52,Paid Ad,1,1,1,0,0,3,1,1,104,1,0,0,0
00Q000000002717,Kavya Iyer,QuantaDynamics,VP Sales,VP,Retail,57,Paid Ad,2,0,2,1,0,1,2,3,91,1,0,0,1
00Q000000002718,Sneha Singh,NovaSolutions,Ops Manager,Manager,Other,262,Partner,4,3,4,0,1,3,0,19,42,0,0,1,1
00Q000000002719,Meera Patel,BlueGroup,Analyst,Individual,Education,151,Event,1,0,2,0,0,1,0,6,10,1,0,0,0
00Q000000002720,Isha Sharma,LumenWorks,IT Manager,Manager,Technology,448,Event,2,2,1,1,1,2,1,21,98,1,0,0,0
00Q000000002721,Divya Sharma,CobaltWorks,Coordinator,Individual,Retail,173,Cold Outbound,7,6,5,0,1,6,1,7,6,1,0,0,1
00Q000000002722,Riya Sharma,NovaNetworks,Ops Manager,Manager,Retail,27,Event,1,0,2,1,2,0,0,27,25,0,1,0,0
00Q000000002723,Divya Rao,ApexWorks,IT Manager,Manager,Technology,46,Web,4,1,2,0,3,0,0,5,109,1,0,0,1
00Q000000002724,Isha Verma,QuantaDynamics,Director of IT,Director,Manufacturing,42,Paid Ad,0,1,2,0,1,1,1,8,50,1,0,0,0
00Q000000002725,Divya Mehta,BlueSystems,IT Manager,Manager,Retail,75,Referral,2,0,0,0,0,0,2,18,29,1,0,0,0
00Q000000002726,Arjun Singh,BlueDynamics,VP Sales,VP,Technology,1468,Web,0,0,2,0,2,1,0,13,68,1,0,0,0
00Q000000002727,Isha Sharma,CobaltNetworks,Engineer,Individual,Healthcare,1867,Paid Ad,2,1,4,0,0,3,0,6,104,0,0,0,0
00Q000000002728,Karan Khan,PioneerWorks,Head of Ops,Director,Manufacturing,348,Cold Outbound,7,0,12,3,4,2,1,4,32,0,0,0,1
00Q000000002729,Rahul Bose,PioneerDynamics,Coordinator,Individual,Healthcare,118,Referral,0,0,1,0,0,0,0,10,76,1,0,0,0
00Q000000002730,Pooja Das,ZenSolutions,Ops Manager,Manager,Education,12,Referral,1,0,2,0,0,0,0,4,112,0,1,0,0
00Q000000002731,Meera Rao,BlueNetworks,VP Marketing,VP,Technology,138,Event,1,0,1,0,0,1,0,15,116,1,0,0,1
00Q000000002732,Isha Khan,NovaDynamics,Head of Ops,Director,Retail,30,Paid Ad,1,2,10,1,0,1,1,9,1,0,0,0,0
00Q000000002733,Divya Verma,NovaGroup,Engineer,Individual,Retail,1148,Event,3,0,0,0,0,1,1,10,91,1,0,0,0
00Q000000002734,Meera Mehta,HelixHealth,Ops Manager,Manager,Healthcare,8,Event,3,0,0,0,0,0,1,8,95,1,0,0,1
00Q000000002735,Sneha Nair,VertexIndustries,Director of Sales,Director,Manufacturing,177,Paid Ad,2,1,2,1,0,1,0,13,55,1,0,0,0
00Q000000002736,Divya Khan,ApexWorks,CFO,C-Level,Technology,26,Cold Outbound,1,0,1,1,0,1,0,5,87,0,0,0,0
00Q000000002737,Divya Verma,OrbitNetworks,Head of Ops,Director,Technology,98,Referral,2,0,0,0,0,2,0,1,16,0,0,0,0
00Q000000002738,Rohan Singh,LumenSolutions,Engineer,Individual,Manufacturing,270,Paid Ad,12,5,6,1,1,2,2,8,82,0,1,1,1
00Q000000002739,Rohan Khan,PioneerSolutions,Ops Manager,Manager,Technology,460,Partner,5,0,2,2,0,1,2,9,52,1,0,0,1
00Q000000002740,Meera Bose,OrbitSystems,Engineer,Individual,Education,90,Web,4,0,1,1,0,3,2,2,7,0,0,0,0
00Q000000002741,Isha Iyer,PioneerLabs,Engineer,Individual,Manufacturing,311,Partner,4,4,3,0,0,1,3,6,22,0,0,0,1
00Q000000002742,Riya Patel,VertexHealth,IT Manager,Manager,Technology,36,Referral,1,1,1,0,0,1,1,11,101,1,0,0,0
00Q000000002743,Vikram Singh,HelixWorks,Head of Ops,Director,Finance,143,Web,1,0,3,1,1,1,0,11,50,1,0,0,1
00Q000000002744,Ananya Das,HelixHealth,Engineer,Individual,Education,447,Web,6,0,2,1,0,2,0,2,14,1,0,0,0
00Q000000002745,Sneha Joshi,QuantaNetworks,Director of Sales,Director,Finance,163,Web,2,3,4,2,1,2,0,5,19,0,0,1,1
00Q000000002746,Nikhil Patel,NovaLabs,Director of Sales,Director,Retail,44,Partner,6,1,3,1,0,2,1,3,21,1,0,0,1
00Q000000002747,Divya Singh,NovaSolutions,Director of IT,Director,Technology,65,Paid Ad,2,1,4,0,0,0,0,10,25,1,0,0,0
00Q000000002748,Amit Iyer,ApexNetworks,Coordinator,Individual,Other,456,Partner,2,0,2,0,0,1,1,2,106,1,0,0,0
00Q000000002749,Ananya Mehta,ApexPartners,IT Manager,Manager,Healthcare,19,Partner,7,1,2,0,1,2,0,11,8,1,1,1,1
00Q000000002750,Sneha Patel,PioneerWorks,Engineer,Individual,Healthcare,24,Event,2,1,0,0,0,0,1,33,56,1,1,0,0
00Q000000002751,Sanjay Das,SummitLabs,Analyst,Individual,Manufacturing,245,Cold Outbound,4,1,1,0,0,1,2,10,109,0,0,0,0
00Q000000002752,Neha Sharma,BlueWorks,Ops Manager,Manager,Finance,51,Cold Outbound,2,0,1,0,0,0,0,30,33,1,1,0,0
00Q000000002753,Arjun Verma,SummitWorks,Ops Manager,Manager,Retail,11,Referral,6,0,2,0,0,0,2,7,65,1,0,0,0
00Q000000002754,Rohan Singh,CobaltWorks,Coordinator,Individual,Technology,754,Partner,3,0,5,0,1,1,1,25,81,1,0,0,1
00Q000000002755,Amit Gupta,CobaltNetworks,Engineer,Individual,Technology,19,Partner,2,0,0,0,0,1,0,7,13,1,0,0,0
00Q000000002756,Nikhil Singh,CobaltPartners,VP Sales,VP,Technology,73,Event,2,1,3,1,1,0,0,1,23,1,0,1,1
00Q000000002757,Aarav Kapoor,ZenSolutions,Head of Ops,Director,Manufacturing,39,Web,5,1,5,1,0,0,2,2,101,1,0,1,1
00Q000000002758,Sanjay Iyer,ZenHealth,IT Manager,Manager,Other,63,Referral,6,2,3,0,0,1,0,3,56,1,0,0,1
00Q000000002759,Aarav Verma,LumenDynamics,COO,C-Level,Technology,26,Cold Outbound,5,2,3,0,2,1,1,7,115,1,0,0,1
00Q000000002760,Divya Patel,NovaWorks,Analyst,Individual,Education,290,Paid Ad,1,0,2,1,0,4,1,8,33,1,0,0,0
00Q000000002761,Karan Gupta,NovaDynamics,Sales Manager,Manager,Education,117,Partner,1,0,1,1,0,0,1,90,12,1,0,0,0
00Q000000002762,Arjun Singh,SummitHealth,VP Marketing,VP,Technology,435,Cold Outbound,3,1,1,0,1,1,0,13,41,1,0,0,0
00Q000000002763,Priya Iyer,SummitPartners,IT Manager,Manager,Technology,39,Web,7,1,12,0,0,4,5,7,108,1,0,0,0
00Q000000002764,Dev Singh,QuantaNetworks,Analyst,Individual,Finance,2439,Cold Outbound,2,0,1,1,0,2,1,12,102,0,0,0,0
00Q000000002765,Sanjay Verma,SummitIndustries,IT Manager,Manager,Technology,5,Event,3,1,0,0,0,0,0,37,103,1,0,0,0
00Q000000002766,Vikram Gupta,CobaltPartners,IT Manager,Manager,Retail,9,Partner,1,0,1,0,0,0,1,3,26,1,0,0,0
00Q000000002767,Meera Malhotra,QuantaIndustries,Head of Ops,Director,Manufacturing,1379,Referral,4,4,5,1,1,3,3,8,17,1,0,1,1
00Q000000002768,Neha Kapoor,QuantaGroup,Sales Manager,Manager,Healthcare,202,Referral,2,1,4,0,1,3,0,2,102,1,1,0,1
00Q000000002769,Divya Patel,BlueNetworks,IT Manager,Manager,Retail,166,Referral,4,1,2,0,2,0,0,9,47,0,0,0,1
00Q000000002770,Rahul Kapoor,CobaltHealth,Coordinator,Individual,Finance,189,Referral,3,1,6,1,0,1,2,4,81,1,0,1,0
00Q000000002771,Amit Khan,SummitLabs,Sales Manager,Manager,Education,234,Web,7,0,0,0,0,0,1,8,7,1,0,0,0
00Q000000002772,Ananya Joshi,HelixWorks,Engineer,Individual,Retail,155,Referral,0,1,4,0,0,2,0,15,113,1,0,0,0
00Q000000002773,Meera Reddy,LumenHealth,VP Sales,VP,Finance,23,Paid Ad,3,1,1,0,0,0,1,21,105,0,0,0,0
00Q000000002774,Riya Sharma,NovaGroup,Director of IT,Director,Manufacturing,339,Cold Outbound,2,0,2,0,1,1,1,16,45,0,0,1,0
00Q000000002775,Ananya Mehta,HelixPartners,IT Manager,Manager,Finance,268,Web,10,1,7,5,3,4,2,4,84,1,1,1,1
00Q000000002776,Rahul Kapoor,PioneerWorks,Director of Sales,Director,Other,847,Web,1,2,1,1,0,1,1,11,35,1,0,0,0
00Q000000002777,Karan Das,HelixNetworks,Analyst,Individual,Healthcare,1402,Paid Ad,2,0,1,0,1,1,0,10,92,1,0,0,0
00Q000000002778,Vikram Gupta,CobaltNetworks,Ops Manager,Manager,Other,163,Paid Ad,5,3,3,2,0,1,0,12,101,1,0,0,0
00Q000000002779,Nikhil Reddy,VertexDynamics,IT Manager,Manager,Other,15,Paid Ad,2,0,0,0,0,1,0,36,74,1,1,0,0
00Q000000002780,Nikhil Verma,VertexNetworks,IT Manager,Manager,Manufacturing,1420,Cold Outbound,6,3,7,0,3,1,1,27,78,0,0,1,1
00Q000000002781,Meera Joshi,BluePartners,Head of Ops,Director,Retail,21,Web,2,0,0,0,1,0,2,32,119,0,0,0,0
00Q000000002782,Dev Khan,PioneerPartners,CFO,C-Level,Manufacturing,165,Event,4,2,3,0,0,0,1,27,73,0,0,0,1
00Q000000002783,Divya Verma,OrbitNetworks,Sales Manager,Manager,Technology,67,Cold Outbound,6,1,5,2,0,2,2,2,63,1,0,0,0
00Q000000002784,Karan Malhotra,CobaltWorks,IT Manager,Manager,Other,52,Paid Ad,3,0,1,1,0,1,0,18,81,1,0,0,0
00Q000000002785,Meera Patel,ZenLabs,Head of Ops,Director,Healthcare,313,Paid Ad,6,2,4,0,1,2,1,10,50,1,0,0,0
00Q000000002786,Karan Nair,ApexPartners,Analyst,Individual,Other,143,Cold Outbound,0,0,2,0,0,3,3,4,34,0,0,0,1
00Q000000002787,Rohan Das,PioneerIndustries,Coordinator,Individual,Retail,214,Referral,3,0,2,0,0,0,0,5,86,0,1,0,0
00Q000000002788,Amit Iyer,SummitIndustries,CTO,C-Level,Technology,29,Web,1,0,0,0,0,1,1,29,95,0,0,0,0
00Q000000002789,Pooja Bose,PioneerHealth,VP Engineering,VP,Healthcare,76,Web,4,1,2,0,1,2,0,25,45,1,0,0,0
00Q000000002790,Amit Bose,PioneerDynamics,COO,C-Level,Technology,31,Cold Outbound,5,2,8,3,2,3,3,1,93,0,0,0,1
00Q000000002791,Aarav Rao,ZenSystems,Coordinator,Individual,Technology,73,Cold Outbound,4,0,2,1,1,1,0,8,8,1,0,0,0
00Q000000002792,Aarav Khan,PioneerHealth,Coordinator,Individual,Retail,83,Web,4,0,0,0,0,0,2,3,96,1,0,0,0
00Q000000002793,Kavya Singh,OrbitIndustries,IT Manager,Manager,Technology,1582,Event,1,1,1,0,0,2,0,7,68,1,0,0,0
00Q000000002794,Sneha Bose,ZenHealth,COO,C-Level,Other,67,Paid Ad,1,1,5,2,0,1,2,3,26,1,0,0,0
00Q000000002795,Neha Iyer,HelixPartners,Engineer,Individual,Healthcare,4,Web,2,1,5,1,1,2,1,6,28,0,1,0,0
00Q000000002796,Riya Reddy,LumenNetworks,Engineer,Individual,Healthcare,806,Cold Outbound,0,1,7,0,0,0,2,15,47,1,0,0,0
00Q000000002797,Sanjay Iyer,OrbitWorks,Analyst,Individual,Finance,195,Event,0,1,0,0,0,1,0,4,103,1,1,0,0
00Q000000002798,Meera Mehta,ApexGroup,Director of IT,Director,Technology,81,Cold Outbound,5,1,1,1,0,2,0,2,106,0,0,0,1
00Q000000002799,Kavya Bose,PioneerLabs,Head of Ops,Director,Manufacturing,51,Partner,3,1,2,1,0,1,0,11,92,1,0,0,1
00Q000000002800,Priya Kapoor,ZenWorks,Director of IT,Director,Finance,24,Referral,1,1,2,0,0,1,0,9,49,1,0,0,0
00Q000000002801,Rahul Das,PioneerDynamics,Analyst,Individual,Manufacturing,1820,Paid Ad,8,5,2,1,2,1,1,2,41,1,0,0,1
00Q000000002802,Pooja Mehta,OrbitSolutions,Director of Sales,Director,Manufacturing,107,Partner,2,0,0,0,1,0,0,10,102,1,1,0,1
00Q000000002803,Dev Singh,BlueNetworks,IT Manager,Manager,Technology,7,Referral,0,0,2,0,0,0,0,5,89,1,0,0,0
00Q000000002804,Amit Sharma,HelixPartners,Engineer,Individual,Healthcare,162,Web,3,1,2,0,0,0,1,41,4,0,0,0,0
00Q000000002805,Pooja Joshi,SummitSystems,Analyst,Individual,Finance,607,Cold Outbound,4,1,3,0,0,3,0,17,33,1,1,0,0
00Q000000002806,Meera Iyer,PioneerWorks,Ops Manager,Manager,Technology,125,Paid Ad,4,1,5,3,1,4,3,15,13,1,0,0,1
00Q000000002807,Isha Verma,LumenIndustries,IT Manager,Manager,Retail,25,Paid Ad,0,1,0,0,0,0,0,14,75,1,0,0,0
00Q000000002808,Ananya Rao,PioneerLabs,CEO,C-Level,Technology,22,Referral,2,1,2,1,0,2,0,32,27,0,1,0,0
00Q000000002809,Priya Rao,NovaSolutions,Ops Manager,Manager,Finance,25,Paid Ad,2,0,0,0,1,0,1,23,15,0,0,0,1
00Q000000002810,Rahul Mehta,PioneerLabs,Sales Manager,Manager,Manufacturing,975,Paid Ad,0,0,0,0,0,0,0,26,37,0,0,0,0
00Q000000002811,Meera Rao,LumenDynamics,Head of Ops,Director,Healthcare,89,Referral,2,0,3,0,1,1,1,26,93,0,0,0,0
00Q000000002812,Nikhil Kapoor,HelixLabs,Director of Sales,Director,Other,8,Web,4,0,4,0,0,1,0,21,25,1,0,0,0
00Q000000002813,Nikhil Kapoor,ZenHealth,Engineer,Individual,Education,177,Event,2,1,1,1,0,2,0,3,87,1,1,0,0
00Q000000002814,Sneha Reddy,NovaSystems,Director of IT,Director,Retail,122,Paid Ad,1,0,1,0,0,2,0,6,117,0,0,0,0
00Q000000002815,Sneha Kapoor,NovaIndustries,Engineer,Individual,Manufacturing,50,Web,5,0,1,0,0,0,0,13,44,1,0,0,0
00Q000000002816,Karan Kapoor,SummitHealth,Ops Manager,Manager,Healthcare,21,Cold Outbound,1,0,5,1,0,1,0,7,1,1,1,0,0
00Q000000002817,Kavya Patel,ApexGroup,Director of Sales,Director,Technology,20,Web,0,1,2,1,2,0,1,10,66,1,0,0,0
00Q000000002818,Vikram Malhotra,ApexDynamics,Sales Manager,Manager,Education,507,Cold Outbound,2,0,2,2,0,0,1,3,35,1,0,0,0
00Q000000002819,Isha Kapoor,ZenWorks,Ops Manager,Manager,Healthcare,144,Web,7,0,3,0,0,2,0,11,31,1,0,0,1
00Q000000002820,Karan Gupta,OrbitDynamics,Coordinator,Individual,Finance,203,Paid Ad,0,1,1,0,0,1,0,43,61,0,0,0,0
00Q000000002821,Meera Reddy,OrbitWorks,Ops Manager,Manager,Manufacturing,143,Paid Ad,4,2,2,1,0,1,0,54,96,1,1,0,0
00Q000000002822,Sanjay Gupta,QuantaLabs,Sales Manager,Manager,Retail,162,Paid Ad,2,1,6,0,0,0,1,6,52,1,1,0,0
00Q000000002823,Rohan Rao,CobaltWorks,VP Marketing,VP,Manufacturing,49,Cold Outbound,2,3,1,1,0,1,1,16,115,1,0,0,0
00Q000000002824,Neha Gupta,ZenSolutions,Sales Manager,Manager,Technology,73,Web,5,0,3,0,0,1,1,7,74,1,0,0,0
00Q000000002825,Aarav Kapoor,QuantaWorks,VP Sales,VP,Other,570,Web,4,1,2,1,0,1,0,19,8,1,0,0,1
00Q000000002826,Riya Sharma,CobaltHealth,Ops Manager,Manager,Technology,830,Web,4,3,9,1,3,5,5,4,87,1,0,1,1
00Q000000002827,Meera Mehta,LumenDynamics,VP Marketing,VP,Other,15,Event,10,3,9,2,1,0,4,3,45,1,0,1,1
00Q000000002828,Nikhil Nair,CobaltGroup,Engineer,Individual,Healthcare,72,Partner,1,0,0,0,0,1,1,90,24,1,0,0,0
00Q000000002829,Dev Patel,ZenGroup,Analyst,Individual,Other,350,Web,3,4,9,2,2,3,1,8,111,0,0,1,1
00Q000000002830,Ananya Joshi,PioneerNetworks,Coordinator,Individual,Other,1674,Partner,4,1,2,0,0,0,0,3,112,1,1,0,0
00Q000000002831,Neha Malhotra,LumenPartners,Coordinator,Individual,Healthcare,1440,Event,4,2,3,1,0,0,1,4,89,1,1,1,1
00Q000000002832,Nikhil Gupta,PioneerIndustries,VP Engineering,VP,Education,30,Cold Outbound,2,3,2,2,1,1,0,8,29,0,0,0,0
00Q000000002833,Amit Iyer,VertexSolutions,Director of IT,Director,Technology,673,Event,0,0,1,0,2,1,1,17,71,0,0,0,0
00Q000000002834,Rahul Kapoor,ApexGroup,Director of Sales,Director,Technology,108,Cold Outbound,2,2,3,0,1,1,1,1,29,1,0,0,0
00Q000000002835,Nikhil Bose,QuantaSolutions,Ops Manager,Manager,Finance,476,Paid Ad,2,0,2,0,0,3,1,7,79,1,0,0,1
00Q000000002836,Kavya Bose,NovaSolutions,Ops Manager,Manager,Manufacturing,324,Cold Outbound,4,3,3,0,2,1,0,31,113,0,0,0,0
00Q000000002837,Pooja Mehta,LumenSolutions,Head of Ops,Director,Technology,14,Paid Ad,3,0,1,0,0,1,1,18,67,1,0,0,0
00Q000000002838,Karan Verma,SummitSystems,VP Engineering,VP,Manufacturing,227,Referral,6,5,3,1,0,2,1,12,118,0,1,1,1
00Q000000002839,Priya Joshi,ApexLabs,Sales Manager,Manager,Other,449,Partner,4,2,3,1,0,1,0,1,21,1,0,0,1
00Q000000002840,Karan Khan,HelixPartners,Director of IT,Director,Education,96,Event,3,0,0,0,0,0,0,1,41,0,0,0,0
00Q000000002841,Sanjay Nair,VertexSystems,Engineer,Individual,Technology,68,Referral,7,1,3,0,1,1,0,5,74,1,1,1,1
00Q000000002842,Sneha Verma,QuantaSystems,CFO,C-Level,Manufacturing,9,Event,1,1,3,1,0,3,2,3,106,1,1,0,1
00Q000000002843,Aarav Khan,CobaltSolutions,Engineer,Individual,Technology,277,Cold Outbound,5,4,1,1,0,1,1,4,19,1,0,0,0
00Q000000002844,Riya Malhotra,BlueHealth,Sales Manager,Manager,Finance,136,Paid Ad,2,1,1,0,0,3,1,6,65,1,1,0,0
00Q000000002845,Kavya Malhotra,NovaGroup,VP Sales,VP,Other,24,Web,1,0,1,1,0,0,1,14,12,1,0,0,0
00Q000000002846,Rahul Reddy,VertexIndustries,Engineer,Individual,Other,61,Cold Outbound,3,2,0,0,0,2,1,7,11,1,0,0,0
00Q000000002847,Sneha Verma,HelixGroup,Analyst,Individual,Finance,125,Event,2,1,2,1,0,2,0,44,30,0,0,0,0
00Q000000002848,Divya Malhotra,ApexHealth,IT Manager,Manager,Technology,43,Web,5,1,2,0,0,0,3,0,109,0,0,0,1
00Q000000002849,Divya Khan,NovaSystems,Sales Manager,Manager,Healthcare,99,Web,4,1,4,2,2,0,0,9,73,1,1,0,1
00Q000000002850,Aarav Patel,OrbitIndustries,CEO,C-Level,Healthcare,7,Web,5,0,3,1,0,2,0,7,47,1,1,0,1
00Q000000002851,Arjun Khan,SummitGroup,VP Engineering,VP,Technology,753,Paid Ad,5,5,4,0,2,1,2,7,42,1,0,0,1
00Q000000002852,Vikram Patel,ZenLabs,Ops Manager,Manager,Technology,101,Web,5,2,6,0,1,4,0,7,62,1,0,0,1
00Q000000002853,Priya Reddy,LumenSystems,CEO,C-Level,Healthcare,19,Web,0,1,7,2,0,3,4,4,17,1,0,1,1
00Q000000002854,Ananya Kapoor,PioneerSolutions,Director of Sales,Director,Technology,2,Referral,1,2,3,0,1,2,1,10,27,1,0,0,0
00Q000000002855,Karan Rao,LumenLabs,VP Sales,VP,Education,465,Cold Outbound,6,2,2,0,0,2,4,8,62,0,0,0,1
00Q000000002856,Riya Verma,HelixLabs,Analyst,Individual,Retail,229,Paid Ad,3,3,5,0,0,3,0,5,38,1,1,0,0
00Q000000002857,Nikhil Bose,HelixIndustries,Ops Manager,Manager,Manufacturing,136,Event,2,0,2,0,1,3,1,15,19,1,1,0,0
00Q000000002858,Arjun Bose,CobaltLabs,Engineer,Individual,Healthcare,363,Paid Ad,2,0,2,1,0,1,1,23,13,1,0,0,0
00Q000000002859,Aarav Verma,OrbitSolutions,Engineer,Individual,Education,361,Web,1,0,0,0,0,0,0,3,65,1,0,0,0
00Q000000002860,Amit Verma,CobaltSolutions,Head of Ops,Director,Technology,133,Cold Outbound,1,0,1,1,0,0,1,6,39,1,0,0,0
00Q000000002861,Nikhil Das,PioneerSolutions,Engineer,Individual,Other,67,Web,3,3,3,0,0,2,0,0,7,1,0,0,0
00Q000000002862,Rohan Iyer,NovaGroup,IT Manager,Manager,Technology,53,Web,2,0,2,0,0,0,1,38,36,1,1,0,0
00Q000000002863,Kavya Khan,LumenGroup,Head of Ops,Director,Other,187,Referral,13,3,8,4,1,0,1,1,12,0,0,1,1
00Q000000002864,Amit Khan,ZenHealth,Engineer,Individual,Technology,808,Web,1,1,0,0,0,1,0,70,22,1,0,0,0
00Q000000002865,Riya Das,LumenNetworks,Sales Manager,Manager,Education,85,Web,0,1,2,2,0,1,0,10,88,1,1,0,0
00Q000000002866,Amit Khan,QuantaIndustries,Director of Sales,Director,Technology,911,Paid Ad,1,2,0,0,0,0,0,47,117,1,0,0,0
00Q000000002867,Aarav Mehta,QuantaIndustries,VP Marketing,VP,Education,174,Event,3,2,4,0,0,0,0,4,20,1,0,1,1
00Q000000002868,Ananya Reddy,NovaIndustries,Coordinator,Individual,Manufacturing,176,Web,3,0,3,0,1,0,0,2,92,1,0,0,1
00Q000000002869,Rohan Mehta,ZenLabs,CEO,C-Level,Technology,3668,Paid Ad,5,1,2,1,2,1,0,7,49,1,0,0,1
00Q000000002870,Isha Mehta,QuantaSolutions,VP Engineering,VP,Retail,1186,Paid Ad,1,0,1,0,0,1,0,11,98,1,0,0,0
00Q000000002871,Kavya Verma,SummitNetworks,Head of Ops,Director,Technology,1233,Cold Outbound,2,0,1,1,0,1,1,8,86,0,0,0,0
00Q000000002872,Ananya Kapoor,CobaltIndustries,Ops Manager,Manager,Manufacturing,30,Web,2,1,2,1,0,0,1,33,100,1,1,0,0
00Q000000002873,Pooja Nair,CobaltPartners,Director of Sales,Director,Finance,2665,Cold Outbound,2,1,1,0,0,0,0,34,93,1,0,0,0
00Q000000002874,Pooja Patel,QuantaIndustries,VP Engineering,VP,Retail,87,Paid Ad,0,1,0,0,0,2,0,10,23,1,0,0,0
00Q000000002875,Dev Iyer,LumenHealth,IT Manager,Manager,Education,70,Paid Ad,1,0,0,0,0,0,0,14,16,1,1,0,0
00Q000000002876,Dev Sharma,SummitSolutions,CEO,C-Level,Healthcare,3,Web,1,2,2,2,1,1,1,10,31,1,0,0,1
00Q000000002877,Riya Khan,ZenSystems,VP Marketing,VP,Retail,162,Event,3,1,2,1,0,0,1,18,46,1,0,0,0
00Q000000002878,Kavya Kapoor,QuantaDynamics,Sales Manager,Manager,Other,19,Web,1,0,1,0,0,1,0,56,75,0,0,0,0
00Q000000002879,Dev Iyer,QuantaNetworks,Head of Ops,Director,Retail,183,Paid Ad,4,1,3,1,0,0,3,21,37,1,0,0,0
00Q000000002880,Aarav Patel,SummitNetworks,Ops Manager,Manager,Finance,17,Paid Ad,2,1,2,0,0,1,1,2,4,1,0,0,1
00Q000000002881,Rahul Kapoor,LumenHealth,Director of Sales,Director,Healthcare,1475,Web,3,1,2,0,0,2,1,15,103,0,1,1,1
00Q000000002882,Aarav Verma,HelixSystems,VP Engineering,VP,Technology,227,Web,4,1,3,3,0,1,2,4,12,1,0,0,1
00Q000000002883,Arjun Joshi,ApexSolutions,Analyst,Individual,Healthcare,3040,Cold Outbound,3,3,1,1,0,5,1,5,5,1,0,0,1
00Q000000002884,Kavya Singh,CobaltPartners,Engineer,Individual,Finance,21,Event,1,0,1,0,1,1,2,21,90,0,0,0,0
00Q000000002885,Nikhil Iyer,BlueGroup,IT Manager,Manager,Education,1016,Paid Ad,4,0,1,0,0,1,1,8,19,1,1,0,0
00Q000000002886,Riya Khan,CobaltSystems,VP Sales,VP,Manufacturing,6,Cold Outbound,3,0,2,0,0,2,1,17,43,1,0,0,0
00Q000000002887,Kavya Bose,SummitPartners,Sales Manager,Manager,Manufacturing,135,Web,2,1,1,1,0,2,1,6,38,1,1,0,0
00Q000000002888,Vikram Iyer,LumenIndustries,VP Engineering,VP,Technology,38,Paid Ad,2,0,3,0,1,1,0,2,45,1,0,0,0
00Q000000002889,Isha Malhotra,OrbitGroup,IT Manager,Manager,Technology,50,Partner,4,2,0,0,0,1,1,5,3,1,0,0,0
00Q000000002890,Rahul Malhotra,QuantaHealth,Analyst,Individual,Education,45,Referral,0,1,0,0,0,2,0,2,11,1,0,0,0
00Q000000002891,Ananya Malhotra,OrbitIndustries,VP Engineering,VP,Manufacturing,25,Referral,2,0,1,0,0,1,1,11,10,0,0,0,1
00Q000000002892,Kavya Patel,SummitNetworks,IT Manager,Manager,Other,15,Cold Outbound,1,0,3,1,0,0,0,6,95,1,0,0,0
00Q000000002893,Priya Bose,QuantaHealth,IT Manager,Manager,Manufacturing,51,Web,3,0,1,0,1,0,0,8,60,0,0,0,0
00Q000000002894,Priya Singh,BluePartners,Engineer,Individual,Technology,118,Web,5,0,4,1,0,0,2,8,3,1,0,0,0
00Q000000002895,Kavya Verma,NovaHealth,Analyst,Individual,Retail,569,Event,3,1,4,0,0,1,0,30,80,1,0,0,0
00Q000000002896,Nikhil Mehta,SummitDynamics,Coordinator,Individual,Retail,154,Partner,3,3,5,3,0,1,0,9,57,0,0,0,1
00Q000000002897,Isha Sharma,PioneerPartners,Ops Manager,Manager,Technology,572,Event,4,0,2,0,0,1,0,0,38,1,0,0,1
00Q000000002898,Meera Sharma,HelixPartners,Head of Ops,Director,Retail,10,Web,2,3,3,0,0,1,3,1,69,1,0,0,0
00Q000000002899,Arjun Das,LumenWorks,Sales Manager,Manager,Technology,51,Event,2,2,1,0,2,2,2,17,32,1,1,0,1
00Q000000002900,Kavya Iyer,HelixSolutions,Analyst,Individual,Finance,289,Event,2,3,2,1,1,0,1,14,60,1,0,0,0
00Q000000002901,Riya Malhotra,BlueSystems,Engineer,Individual,Technology,166,Paid Ad,0,0,2,1,0,0,1,12,94,0,1,0,0
00Q000000002902,Vikram Rao,CobaltDynamics,Ops Manager,Manager,Manufacturing,27,Cold Outbound,3,0,2,1,0,3,1,6,61,1,0,0,0
00Q000000002903,Sanjay Nair,PioneerSystems,COO,C-Level,Retail,403,Referral,0,0,0,0,0,0,1,12,103,0,0,0,1
00Q000000002904,Dev Malhotra,NovaPartners,Sales Manager,Manager,Technology,44,Paid Ad,4,1,1,1,0,3,2,10,7,1,0,0,1
00Q000000002905,Amit Bose,SummitPartners,Coordinator,Individual,Education,30,Paid Ad,3,0,3,1,1,0,0,16,52,1,1,0,0
00Q000000002906,Meera Mehta,NovaIndustries,Ops Manager,Manager,Retail,206,Partner,3,1,5,0,0,1,1,2,62,0,0,1,1
00Q000000002907,Divya Sharma,ApexSystems,VP Sales,VP,Healthcare,100,Paid Ad,0,0,4,0,0,2,1,6,13,1,0,0,0
00Q000000002908,Nikhil Patel,PioneerSolutions,Director of Sales,Director,Technology,45,Web,0,0,0,0,0,2,0,12,90,1,0,0,0
00Q000000002909,Nikhil Patel,LumenGroup,VP Engineering,VP,Finance,43,Paid Ad,1,1,3,1,0,2,0,8,34,1,0,0,1
00Q000000002910,Aarav Sharma,SummitIndustries,CTO,C-Level,Technology,19,Paid Ad,3,0,0,0,0,0,0,9,52,1,0,0,0
00Q000000002911,Rohan Singh,QuantaIndustries,Head of Ops,Director,Other,54,Paid Ad,5,2,3,2,0,2,2,3,47,0,0,0,0
00Q000000002912,Pooja Mehta,SummitDynamics,CFO,C-Level,Education,518,Referral,1,1,1,0,0,2,0,14,17,0,0,0,1
00Q000000002913,Amit Joshi,PioneerSolutions,Engineer,Individual,Technology,143,Web,1,2,1,0,0,1,0,49,18,0,0,0,0
00Q000000002914,Arjun Nair,VertexIndustries,VP Engineering,VP,Manufacturing,419,Web,2,1,3,2,1,1,2,9,86,1,1,0,1
00Q000000002915,Vikram Bose,BlueIndustries,VP Marketing,VP,Finance,215,Web,5,3,7,3,1,1,1,1,84,1,0,1,1
00Q000000002916,Amit Joshi,VertexLabs,VP Sales,VP,Technology,39,Web,3,1,4,1,1,1,1,3,93,1,0,1,1
00Q000000002917,Dev Singh,ZenNetworks,Ops Manager,Manager,Finance,8,Web,4,3,6,4,1,0,0,1,113,1,0,1,1
00Q000000002918,Dev Reddy,OrbitGroup,Director of Sales,Director,Technology,24,Web,3,2,1,0,1,0,0,21,92,1,0,0,0
00Q000000002919,Aarav Singh,CobaltPartners,Coordinator,Individual,Technology,36,Web,1,1,4,0,1,2,2,5,60,1,0,0,1
00Q000000002920,Arjun Singh,HelixWorks,Director of Sales,Director,Finance,32,Cold Outbound,3,0,2,0,0,0,0,28,31,1,0,0,0
00Q000000002921,Rohan Singh,CobaltSystems,Sales Manager,Manager,Healthcare,433,Event,0,1,2,0,0,1,1,11,75,1,1,0,0
00Q000000002922,Isha Sharma,QuantaGroup,Sales Manager,Manager,Healthcare,426,Referral,1,0,0,0,0,1,0,21,28,1,0,0,0
00Q000000002923,Pooja Nair,BlueLabs,Director of Sales,Director,Manufacturing,2745,Paid Ad,2,0,3,0,0,0,1,3,66,1,0,0,1
00Q000000002924,Riya Iyer,SummitWorks,IT Manager,Manager,Finance,31,Event,1,1,3,0,0,1,0,4,111,1,0,0,0
00Q000000002925,Neha Malhotra,PioneerDynamics,Coordinator,Individual,Healthcare,1092,Web,4,1,4,0,0,1,1,5,30,1,0,0,1
00Q000000002926,Karan Das,HelixIndustries,IT Manager,Manager,Healthcare,1082,Paid Ad,2,3,9,1,0,1,1,4,45,0,1,0,0
00Q000000002927,Dev Khan,CobaltPartners,Director of Sales,Director,Other,70,Referral,2,0,4,0,0,1,3,6,78,0,0,1,1
00Q000000002928,Sanjay Nair,CobaltWorks,Director of IT,Director,Technology,202,Paid Ad,1,1,0,0,0,0,0,5,103,1,0,0,0
00Q000000002929,Ananya Sharma,PioneerWorks,Director of Sales,Director,Manufacturing,639,Web,5,2,3,0,1,2,2,16,31,1,0,0,1
00Q000000002930,Kavya Iyer,CobaltHealth,Coordinator,Individual,Technology,91,Event,1,0,1,0,0,2,1,9,96,0,0,0,0
00Q000000002931,Riya Singh,BluePartners,VP Engineering,VP,Finance,81,Web,4,1,3,0,0,1,0,16,100,0,0,0,0
00Q000000002932,Nikhil Reddy,SummitLabs,Director of IT,Director,Manufacturing,38,Referral,4,3,1,1,0,4,2,1,62,1,0,0,1
00Q000000002933,Rohan Gupta,ApexHealth,Coordinator,Individual,Retail,2,Paid Ad,3,1,6,1,1,2,1,23,31,1,0,1,0
00Q000000002934,Neha Khan,NovaIndustries,IT Manager,Manager,Other,110,Web,1,0,2,0,0,2,1,10,110,0,0,0,0
00Q000000002935,Divya Gupta,HelixSolutions,Sales Manager,Manager,Healthcare,34,Event,1,0,1,0,0,0,0,10,57,0,0,0,0
00Q000000002936,Riya Verma,NovaSystems,Ops Manager,Manager,Finance,19,Web,1,0,1,0,0,2,0,13,27,1,0,0,0
00Q000000002937,Rohan Gupta,CobaltNetworks,Engineer,Individual,Education,187,Paid Ad,6,3,1,1,0,3,1,2,45,1,0,1,0
00Q000000002938,Karan Patel,CobaltGroup,Analyst,Individual,Technology,11,Paid Ad,5,1,0,0,0,1,0,8,51,1,0,0,0
00Q000000002939,Pooja Malhotra,SummitHealth,Engineer,Individual,Manufacturing,333,Partner,1,1,1,0,0,1,0,30,2,1,1,0,0
00Q000000002940,Neha Joshi,QuantaSystems,Analyst,Individual,Education,205,Paid Ad,4,0,3,1,1,1,1,3,117,1,0,0,1
00Q000000002941,Riya Sharma,VertexWorks,Engineer,Individual,Healthcare,54,Cold Outbound,2,0,5,2,1,2,1,6,52,0,1,0,1
00Q000000002942,Sneha Sharma,NovaDynamics,VP Sales,VP,Manufacturing,90,Web,4,1,4,2,0,2,0,6,64,0,0,1,1
00Q000000002943,Rahul Khan,LumenNetworks,Ops Manager,Manager,Technology,16,Partner,4,0,0,0,0,0,1,8,114,1,0,0,0
00Q000000002944,Vikram Malhotra,OrbitGroup,Sales Manager,Manager,Technology,306,Event,1,0,1,1,1,0,0,6,58,1,1,0,0
00Q000000002945,Neha Mehta,OrbitSystems,Head of Ops,Director,Other,131,Referral,3,2,1,0,0,0,1,2,111,1,0,1,1
00Q000000002946,Pooja Gupta,CobaltIndustries,Ops Manager,Manager,Technology,147,Paid Ad,7,1,5,0,2,1,2,26,58,0,1,1,1
00Q000000002947,Dev Bose,LumenDynamics,Coordinator,Individual,Finance,211,Cold Outbound,2,1,4,0,0,1,1,10,50,1,0,0,1
00Q000000002948,Amit Singh,NovaSolutions,Engineer,Individual,Manufacturing,37,Partner,4,0,4,0,2,2,2,34,101,1,0,0,0
00Q000000002949,Rohan Mehta,PioneerSystems,Analyst,Individual,Finance,10,Referral,3,1,3,3,2,1,2,10,8,1,0,0,1
00Q000000002950,Rohan Verma,CobaltGroup,IT Manager,Manager,Technology,418,Event,1,1,2,0,0,0,0,2,62,0,0,0,0
00Q000000002951,Isha Malhotra,PioneerIndustries,Ops Manager,Manager,Technology,279,Web,3,1,1,1,0,0,1,9,25,1,0,0,1
00Q000000002952,Aarav Bose,LumenWorks,IT Manager,Manager,Healthcare,44,Paid Ad,2,1,2,0,0,1,2,9,105,1,0,0,0
00Q000000002953,Ananya Joshi,HelixSystems,Ops Manager,Manager,Healthcare,183,Event,1,0,0,0,0,2,0,17,47,1,0,0,1
00Q000000002954,Rohan Khan,BlueWorks,CFO,C-Level,Education,656,Web,1,1,0,0,0,1,0,14,106,1,0,0,1
00Q000000002955,Kavya Reddy,SummitWorks,IT Manager,Manager,Finance,548,Web,0,0,1,0,0,1,0,41,65,1,0,0,0
00Q000000002956,Ananya Kapoor,BlueIndustries,Ops Manager,Manager,Other,42,Cold Outbound,2,3,3,1,0,0,1,2,14,1,0,0,0
00Q000000002957,Meera Singh,HelixGroup,Sales Manager,Manager,Finance,10,Web,7,2,5,0,1,2,0,6,97,1,0,0,1
00Q000000002958,Dev Reddy,SummitSolutions,Director of IT,Director,Finance,13,Referral,3,1,2,0,0,1,0,12,58,1,0,1,0
00Q000000002959,Divya Patel,SummitLabs,Head of Ops,Director,Other,62,Web,11,5,6,1,0,3,0,2,88,1,0,0,1
00Q000000002960,Rohan Joshi,BlueSolutions,Director of Sales,Director,Education,892,Event,2,0,3,0,0,1,0,16,107,1,0,0,0
00Q000000002961,Riya Patel,ZenPartners,Analyst,Individual,Finance,33,Web,0,0,2,0,0,2,0,24,19,1,0,1,0
00Q000000002962,Aarav Bose,LumenSystems,IT Manager,Manager,Healthcare,40,Paid Ad,1,1,4,2,1,2,2,14,11,1,1,1,1
00Q000000002963,Pooja Sharma,VertexGroup,VP Sales,VP,Education,39,Web,2,3,2,0,0,1,0,2,102,0,0,0,0
00Q000000002964,Riya Verma,CobaltSystems,Ops Manager,Manager,Technology,44,Web,5,0,0,0,0,2,0,4,38,1,1,0,0
00Q000000002965,Divya Singh,ZenIndustries,CTO,C-Level,Finance,97,Web,1,0,0,0,0,1,0,7,106,1,0,0,0
00Q000000002966,Isha Patel,HelixIndustries,IT Manager,Manager,Manufacturing,14,Referral,6,2,5,3,0,4,3,9,47,0,0,0,1
00Q000000002967,Rahul Bose,CobaltLabs,Ops Manager,Manager,Education,506,Paid Ad,3,3,3,0,0,1,0,7,33,1,1,0,0
00Q000000002968,Kavya Nair,LumenSolutions,Sales Manager,Manager,Manufacturing,80,Web,4,3,3,1,1,3,1,4,64,1,0,0,1
00Q000000002969,Karan Kapoor,OrbitWorks,Ops Manager,Manager,Healthcare,4099,Paid Ad,1,0,2,0,1,2,2,5,110,1,0,0,0
00Q000000002970,Sneha Bose,QuantaHealth,VP Sales,VP,Other,17,Event,4,2,4,2,0,1,3,5,90,1,0,0,1
00Q000000002971,Vikram Malhotra,ZenSystems,Coordinator,Individual,Technology,1080,Web,2,1,0,0,0,1,2,46,96,1,0,0,0
00Q000000002972,Priya Sharma,OrbitDynamics,Ops Manager,Manager,Education,801,Web,3,0,0,0,1,2,1,73,105,1,1,0,0
00Q000000002973,Pooja Nair,CobaltWorks,Director of IT,Director,Technology,53,Paid Ad,6,1,6,0,0,1,0,14,14,1,0,0,0
00Q000000002974,Kavya Sharma,ZenIndustries,VP Sales,VP,Retail,55,Referral,5,1,2,1,1,1,1,3,102,1,0,0,1
00Q000000002975,Priya Singh,OrbitHealth,Head of Ops,Director,Manufacturing,24,Event,5,3,0,0,0,2,2,9,67,1,0,0,0
00Q000000002976,Aarav Kapoor,OrbitDynamics,COO,C-Level,Finance,25,Partner,1,0,3,0,0,0,0,47,25,0,1,0,0
00Q000000002977,Vikram Patel,ApexNetworks,VP Engineering,VP,Manufacturing,99,Web,5,1,1,0,0,1,0,11,96,1,0,0,0
00Q000000002978,Divya Rao,CobaltNetworks,Ops Manager,Manager,Education,102,Event,2,0,1,1,1,0,1,2,116,0,0,0,0
00Q000000002979,Divya Rao,QuantaSolutions,VP Sales,VP,Healthcare,8,Event,15,4,11,5,1,2,2,3,19,1,0,1,1
00Q000000002980,Rohan Iyer,CobaltLabs,CEO,C-Level,Technology,3103,Web,2,0,1,0,0,1,1,2,111,0,0,0,1
00Q000000002981,Sneha Singh,ApexLabs,Analyst,Individual,Technology,67,Event,6,2,8,1,0,1,2,2,50,1,0,1,1
00Q000000002982,Dev Khan,ZenHealth,Head of Ops,Director,Manufacturing,109,Paid Ad,1,2,0,0,1,2,1,8,13,1,0,0,0
00Q000000002983,Isha Kapoor,NovaGroup,Coordinator,Individual,Retail,38,Paid Ad,2,0,0,0,1,0,0,3,100,1,0,0,0
00Q000000002984,Rahul Nair,ZenIndustries,Director of IT,Director,Healthcare,66,Paid Ad,0,0,2,0,0,0,2,22,61,1,0,0,0
00Q000000002985,Meera Iyer,ZenSystems,Analyst,Individual,Finance,58,Web,1,0,1,0,0,1,1,24,11,0,1,0,0
00Q000000002986,Ananya Sharma,CobaltSystems,Head of Ops,Director,Retail,99,Event,2,3,1,0,0,3,1,2,55,1,0,0,1
00Q000000002987,Neha Khan,OrbitSystems,IT Manager,Manager,Finance,97,Partner,6,2,5,0,1,2,1,12,114,0,0,0,1
00Q000000002988,Isha Bose,ZenIndustries,Sales Manager,Manager,Technology,332,Event,3,1,5,2,2,2,0,17,2,1,0,0,1
00Q000000002989,Riya Verma,CobaltSystems,Coordinator,Individual,Healthcare,139,Paid Ad,9,5,10,0,2,3,2,6,117,1,0,0,1
00Q000000002990,Kavya Malhotra,CobaltWorks,Director of Sales,Director,Manufacturing,286,Paid Ad,1,0,3,3,2,1,0,9,104,1,0,0,1
00Q000000002991,Rohan Reddy,CobaltLabs,Sales Manager,Manager,Other,98,Event,8,1,3,0,1,2,1,8,44,1,0,1,1
00Q000000002992,Pooja Das,VertexSolutions,Director of IT,Director,Manufacturing,140,Web,1,2,1,1,0,4,0,23,93,0,0,1,1
00Q000000002993,Rahul Das,ApexHealth,IT Manager,Manager,Technology,69,Paid Ad,4,3,8,1,1,4,5,0,44,1,0,1,0
00Q000000002994,Isha Mehta,OrbitSolutions,Coordinator,Individual,Education,447,Paid Ad,3,0,1,0,3,3,1,24,62,1,0,0,0
00Q000000002995,Neha Sharma,HelixNetworks,Ops Manager,Manager,Finance,161,Web,2,1,1,1,0,0,0,32,111,1,0,0,0
00Q000000002996,Dev Nair,QuantaPartners,CEO,C-Level,Other,78,Web,2,0,1,1,0,1,1,16,30,1,0,0,0
00Q000000002997,Sanjay Sharma,HelixHealth,Coordinator,Individual,Finance,75,Web,8,1,9,1,3,0,5,8,98,1,0,1,1
00Q000000002998,Dev Mehta,PioneerNetworks,Head of Ops,Director,Other,84,Paid Ad,4,0,3,2,0,1,2,1,38,1,0,0,1
00Q000000002999,Isha Mehta,QuantaPartners,Engineer,Individual,Education,104,Web,4,1,3,1,0,0,1,21,44,1,1,0,0
00Q000000003000,Sneha Nair,ZenGroup,Director of IT,Director,Education,91,Cold Outbound,3,1,4,3,1,1,0,1,59,1,0,1,1
00Q000000003001,Rahul Reddy,CobaltDynamics,Engineer,Individual,Technology,43,Cold Outbound,4,0,3,0,0,1,1,17,28,0,0,0,0
00Q000000003002,Divya Singh,CobaltLabs,IT Manager,Manager,Education,313,Cold Outbound,6,3,3,2,1,1,1,26,11,1,1,0,0
00Q000000003003,Nikhil Joshi,OrbitSystems,Ops Manager,Manager,Retail,344,Web,1,0,1,0,0,1,1,70,20,0,1,0,0
00Q000000003004,Ananya Kapoor,SummitLabs,Analyst,Individual,Finance,1444,Event,3,0,1,0,1,0,1,40,102,1,0,0,0
00Q000000003005,Rahul Rao,BluePartners,IT Manager,Manager,Healthcare,40,Cold Outbound,1,0,0,0,0,1,0,8,51,0,1,0,0
00Q000000003006,Rohan Khan,QuantaLabs,Ops Manager,Manager,Manufacturing,270,Paid Ad,0,0,1,0,0,1,1,49,89,1,0,0,0
00Q000000003007,Aarav Das,VertexLabs,Sales Manager,Manager,Other,5,Referral,8,7,6,0,0,1,1,5,5,1,0,0,1
00Q000000003008,Nikhil Bose,CobaltSolutions,CFO,C-Level,Education,345,Cold Outbound,2,0,1,0,1,0,0,36,73,1,0,0,0
00Q000000003009,Aarav Rao,OrbitWorks,Sales Manager,Manager,Healthcare,11,Paid Ad,3,3,2,1,0,2,1,10,58,1,0,0,0
00Q000000003010,Neha Bose,HelixNetworks,VP Marketing,VP,Retail,22,Paid Ad,4,4,14,3,0,4,2,0,21,1,0,0,1
00Q000000003011,Sneha Khan,ZenHealth,IT Manager,Manager,Technology,163,Cold Outbound,2,0,2,0,1,2,1,21,24,1,0,0,0
00Q000000003012,Amit Verma,BlueNetworks,Engineer,Individual,Healthcare,39,Cold Outbound,2,1,0,0,1,1,1,2,7,1,0,0,0
00Q000000003013,Amit Verma,NovaGroup,Coordinator,Individual,Education,31,Event,1,1,3,0,0,0,1,47,47,1,1,0,0
00Q000000003014,Nikhil Verma,HelixPartners,Ops Manager,Manager,Manufacturing,48,Web,4,0,2,2,0,2,0,13,38,1,1,0,0
00Q000000003015,Kavya Verma,ApexLabs,Ops Manager,Manager,Education,297,Paid Ad,3,0,3,0,1,2,1,9,28,0,0,0,0
00Q000000003016,Ananya Kapoor,SummitDynamics,VP Marketing,VP,Manufacturing,24,Paid Ad,2,0,2,0,1,1,0,55,94,0,0,0,0
00Q000000003017,Kavya Rao,BlueWorks,Director of IT,Director,Healthcare,91,Paid Ad,4,2,10,3,0,1,3,7,17,1,0,1,1
00Q000000003018,Nikhil Iyer,VertexLabs,Ops Manager,Manager,Retail,56,Event,4,3,4,0,0,0,1,3,3,1,1,0,1
00Q000000003019,Rohan Bose,HelixWorks,IT Manager,Manager,Technology,340,Paid Ad,0,0,0,0,1,0,0,23,91,0,0,0,1
00Q000000003020,Rohan Sharma,VertexNetworks,Ops Manager,Manager,Other,354,Paid Ad,1,0,2,0,0,0,0,66,28,1,0,0,0
00Q000000003021,Pooja Gupta,VertexPartners,Director of Sales,Director,Other,6,Cold Outbound,2,3,4,1,0,3,2,8,73,0,0,1,1
00Q000000003022,Riya Sharma,VertexDynamics,Coordinator,Individual,Other,477,Cold Outbound,0,0,1,1,0,1,1,1,86,0,0,0,0
00Q000000003023,Riya Rao,NovaGroup,Engineer,Individual,Other,39,Event,3,0,2,0,0,2,0,15,82,1,0,0,0
00Q000000003024,Rohan Reddy,BluePartners,Ops Manager,Manager,Manufacturing,141,Paid Ad,2,1,0,0,0,0,1,14,1,1,0,0,0
00Q000000003025,Divya Kapoor,CobaltPartners,Analyst,Individual,Healthcare,24,Paid Ad,3,0,5,0,0,3,1,10,68,0,0,0,0
00Q000000003026,Rohan Rao,ZenLabs,Director of IT,Director,Education,173,Event,4,1,2,0,1,1,0,0,37,1,0,0,1
00Q000000003027,Karan Patel,PioneerPartners,Coordinator,Individual,Finance,4568,Web,3,1,2,0,1,0,1,7,97,1,0,0,0
00Q000000003028,Sneha Rao,ZenSolutions,Engineer,Individual,Education,120,Paid Ad,0,0,4,0,0,2,0,19,42,1,0,0,0
00Q000000003029,Divya Bose,QuantaPartners,VP Engineering,VP,Technology,49,Paid Ad,1,0,2,0,0,2,1,33,104,1,0,1,0
00Q000000003030,Ananya Joshi,CobaltIndustries,CTO,C-Level,Education,70,Event,2,1,2,0,1,1,0,4,77,0,0,0,0
00Q000000003031,Isha Verma,OrbitSolutions,IT Manager,Manager,Manufacturing,10,Cold Outbound,6,0,3,0,1,2,1,3,73,0,1,0,0
00Q000000003032,Nikhil Bose,VertexIndustries,Sales Manager,Manager,Education,874,Cold Outbound,1,0,3,1,1,1,1,6,29,1,0,0,0
00Q000000003033,Vikram Singh,PioneerDynamics,Director of Sales,Director,Healthcare,159,Partner,5,0,2,0,0,0,0,13,44,1,0,0,1
00Q000000003034,Meera Singh,LumenHealth,Engineer,Individual,Manufacturing,20,Cold Outbound,0,1,6,1,0,1,3,10,70,0,0,0,0
00Q000000003035,Divya Das,PioneerWorks,IT Manager,Manager,Other,21,Event,3,1,2,0,3,2,1,13,58,1,1,1,1
00Q000000003036,Kavya Malhotra,BlueSystems,Analyst,Individual,Healthcare,101,Cold Outbound,1,0,2,2,0,1,0,5,114,1,0,0,0
00Q000000003037,Vikram Gupta,PioneerSolutions,Ops Manager,Manager,Technology,402,Cold Outbound,1,0,1,1,1,0,1,5,113,0,0,0,0
00Q000000003038,Priya Gupta,BlueNetworks,CFO,C-Level,Technology,17,Paid Ad,1,0,2,0,0,2,0,20,8,0,0,0,0
00Q000000003039,Rahul Kapoor,SummitPartners,Director of IT,Director,Manufacturing,528,Web,3,1,2,0,1,0,0,33,119,0,0,0,0
00Q000000003040,Priya Patel,CobaltSystems,CTO,C-Level,Manufacturing,86,Web,8,0,4,2,1,3,0,7,10,1,0,0,1
00Q000000003041,Sneha Bose,OrbitSystems,Director of Sales,Director,Manufacturing,24,Event,1,1,2,1,0,1,0,13,80,1,0,0,1
00Q000000003042,Nikhil Joshi,VertexDynamics,Director of Sales,Director,Technology,49,Paid Ad,1,0,0,0,1,0,0,5,61,0,0,0,0
00Q000000003043,Sneha Iyer,BlueNetworks,Director of IT,Director,Technology,1370,Event,2,0,1,0,0,1,0,3,21,0,0,0,0
00Q000000003044,Karan Malhotra,HelixHealth,Head of Ops,Director,Other,12,Partner,0,1,0,0,0,1,1,14,112,1,0,0,0
00Q000000003045,Riya Reddy,CobaltSystems,IT Manager,Manager,Retail,33,Partner,3,0,4,0,0,3,0,7,95,1,1,0,0
00Q000000003046,Pooja Rao,QuantaSolutions,Engineer,Individual,Technology,415,Web,3,1,4,0,0,1,2,7,77,1,0,0,0
00Q000000003047,Rohan Nair,BlueIndustries,IT Manager,Manager,Technology,137,Web,3,0,3,0,0,3,2,15,25,0,0,0,0
00Q000000003048,Arjun Verma,QuantaNetworks,Analyst,Individual,Technology,30,Paid Ad,6,2,6,0,0,2,2,10,18,1,0,0,0
00Q000000003049,Isha Rao,BluePartners,IT Manager,Manager,Education,422,Referral,4,1,2,2,0,2,2,3,23,1,1,1,1
00Q000000003050,Aarav Reddy,CobaltPartners,Engineer,Individual,Retail,454,Cold Outbound,7,2,5,0,0,2,1,12,27,1,0,0,1
00Q000000003051,Nikhil Singh,VertexGroup,Sales Manager,Manager,Manufacturing,163,Cold Outbound,3,0,4,0,0,0,1,30,109,0,1,0,0
00Q000000003052,Arjun Singh,CobaltGroup,Coordinator,Individual,Retail,39,Event,3,0,1,0,0,0,0,45,47,0,1,0,0
00Q000000003053,Pooja Singh,NovaLabs,Engineer,Individual,Education,50,Paid Ad,0,1,4,0,0,2,2,7,10,1,0,0,0
00Q000000003054,Divya Reddy,CobaltSystems,Sales Manager,Manager,Finance,152,Cold Outbound,6,0,2,0,0,3,0,9,20,1,0,0,0
00Q000000003055,Kavya Mehta,PioneerPartners,Analyst,Individual,Finance,13,Cold Outbound,1,0,3,1,0,0,0,5,54,1,0,0,0
00Q000000003056,Amit Gupta,BlueGroup,CTO,C-Level,Healthcare,729,Paid Ad,2,3,3,0,0,0,1,21,24,1,0,0,1
00Q000000003057,Rahul Patel,NovaIndustries,Ops Manager,Manager,Other,1274,Cold Outbound,3,0,1,1,0,1,0,24,94,1,1,0,0
00Q000000003058,Riya Kapoor,OrbitIndustries,IT Manager,Manager,Manufacturing,69,Paid Ad,2,2,0,0,0,1,0,12,18,0,0,0,0
00Q000000003059,Amit Joshi,CobaltGroup,Coordinator,Individual,Manufacturing,169,Web,0,0,1,0,0,1,1,42,74,0,0,0,0
00Q000000003060,Ananya Kapoor,QuantaLabs,VP Engineering,VP,Education,589,Paid Ad,8,1,10,1,2,1,0,8,41,1,0,0,1
00Q000000003061,Amit Khan,CobaltIndustries,Head of Ops,Director,Technology,1869,Partner,3,1,3,1,2,1,0,4,109,1,0,0,1
00Q000000003062,Priya Sharma,HelixLabs,Sales Manager,Manager,Healthcare,1028,Cold Outbound,10,4,11,1,4,2,1,4,51,1,0,1,1
00Q000000003063,Riya Mehta,HelixWorks,Coordinator,Individual,Retail,7,Web,2,3,0,0,0,3,1,7,55,0,0,0,0
00Q000000003064,Sneha Malhotra,SummitNetworks,Director of Sales,Director,Other,61,Event,1,0,2,1,3,0,0,16,96,1,0,0,0
00Q000000003065,Ananya Kapoor,BlueSolutions,COO,C-Level,Technology,210,Paid Ad,1,0,1,1,0,1,1,90,1,1,0,0,0
00Q000000003066,Karan Kapoor,LumenNetworks,IT Manager,Manager,Healthcare,47,Cold Outbound,3,0,3,0,0,2,1,32,85,1,0,0,0
00Q000000003067,Sneha Das,ApexDynamics,Coordinator,Individual,Other,1442,Paid Ad,3,2,4,0,0,3,1,22,1,1,0,0,0
00Q000000003068,Dev Bose,NovaIndustries,Engineer,Individual,Retail,1146,Web,6,6,8,1,0,1,2,1,12,0,0,0,1
00Q000000003069,Rahul Khan,ApexHealth,Engineer,Individual,Manufacturing,29,Cold Outbound,3,1,4,0,0,1,0,43,113,1,0,0,0
00Q000000003070,Divya Singh,VertexHealth,Head of Ops,Director,Finance,77,Paid Ad,4,1,3,1,0,0,1,13,90,1,0,1,1
00Q000000003071,Neha Rao,HelixHealth,CTO,C-Level,Technology,32,Cold Outbound,1,1,0,0,0,2,1,30,98,1,0,0,1
00Q000000003072,Meera Patel,NovaNetworks,CEO,C-Level,Finance,74,Cold Outbound,1,1,1,0,1,0,0,3,85,1,0,0,0
00Q000000003073,Rahul Gupta,ApexPartners,Head of Ops,Director,Finance,70,Web,3,0,3,2,1,1,4,3,40,1,0,0,1
00Q000000003074,Karan Nair,LumenDynamics,Coordinator,Individual,Education,416,Cold Outbound,4,5,3,1,0,4,2,10,59,1,0,0,0
00Q000000003075,Priya Kapoor,QuantaLabs,CTO,C-Level,Retail,26,Event,4,0,0,0,0,1,0,2,3,1,0,0,1
00Q000000003076,Riya Patel,NovaDynamics,Ops Manager,Manager,Education,2,Cold Outbound,5,0,1,0,0,2,0,36,71,1,0,0,0
00Q000000003077,Sneha Bose,OrbitDynamics,Sales Manager,Manager,Technology,8,Web,0,1,1,0,0,0,0,29,52,1,1,0,0
00Q000000003078,Neha Das,ZenSolutions,Director of IT,Director,Finance,21,Partner,2,0,5,0,0,0,1,16,6,1,0,0,0
00Q000000003079,Neha Gupta,ZenLabs,Engineer,Individual,Retail,37,Referral,5,2,3,0,0,3,3,2,12,0,0,1,1
00Q000000003080,Sneha Malhotra,LumenIndustries,VP Engineering,VP,Technology,131,Web,1,1,4,0,0,2,1,5,33,1,0,0,0
00Q000000003081,Neha Nair,SummitLabs,CFO,C-Level,Technology,19,Cold Outbound,1,0,1,0,0,1,1,4,29,1,0,0,1
00Q000000003082,Amit Mehta,QuantaDynamics,Director of IT,Director,Healthcare,16,Referral,2,2,5,1,1,1,1,6,103,0,0,0,1
00Q000000003083,Pooja Patel,OrbitHealth,Head of Ops,Director,Technology,24,Web,1,0,1,0,0,1,0,24,78,0,0,0,0
00Q000000003084,Arjun Bose,PioneerHealth,Ops Manager,Manager,Technology,18,Cold Outbound,4,0,4,1,0,0,0,7,37,1,0,0,1
00Q000000003085,Amit Gupta,OrbitSystems,Analyst,Individual,Finance,43,Event,0,0,1,1,0,2,0,15,100,1,0,0,0
00Q000000003086,Ananya Reddy,LumenWorks,Head of Ops,Director,Education,40,Paid Ad,1,0,3,0,0,1,0,4,59,1,0,0,0
00Q000000003087,Rohan Joshi,ApexIndustries,Sales Manager,Manager,Technology,279,Cold Outbound,0,0,1,1,0,1,0,2,55,0,1,0,0
00Q000000003088,Sanjay Iyer,SummitPartners,VP Marketing,VP,Manufacturing,22,Event,5,0,4,0,0,1,0,24,44,1,0,0,0
00Q000000003089,Arjun Khan,OrbitGroup,Analyst,Individual,Manufacturing,58,Web,3,2,6,0,0,1,1,3,47,0,1,0,0
00Q000000003090,Riya Rao,NovaDynamics,IT Manager,Manager,Manufacturing,43,Paid Ad,3,3,8,1,3,1,0,5,5,1,0,0,1
00Q000000003091,Meera Verma,ApexIndustries,IT Manager,Manager,Manufacturing,334,Paid Ad,0,0,0,0,1,3,2,5,104,1,0,0,0
00Q000000003092,Riya Verma,CobaltPartners,Director of IT,Director,Technology,78,Web,2,3,3,0,1,2,0,8,35,1,1,1,1
00Q000000003093,Sanjay Joshi,ZenSolutions,Director of IT,Director,Technology,481,Paid Ad,1,2,2,1,0,0,1,55,7,1,1,0,0
00Q000000003094,Rahul Joshi,VertexDynamics,COO,C-Level,Manufacturing,17,Referral,9,4,2,2,4,2,1,2,27,0,0,1,1
00Q000000003095,Divya Malhotra,SummitNetworks,Engineer,Individual,Other,92,Web,0,1,0,0,0,0,0,3,23,1,0,0,0
00Q000000003096,Sneha Mehta,QuantaLabs,Ops Manager,Manager,Healthcare,41,Referral,5,2,5,1,1,2,1,1,63,1,0,0,1
00Q000000003097,Amit Bose,VertexIndustries,Analyst,Individual,Healthcare,15,Cold Outbound,1,2,0,0,0,0,1,11,119,1,1,0,0
00Q000000003098,Sanjay Malhotra,SummitWorks,Analyst,Individual,Other,89,Referral,11,3,10,2,0,4,1,1,118,0,0,1,1
00Q000000003099,Arjun Mehta,BlueSolutions,Sales Manager,Manager,Retail,1338,Web,4,2,4,2,1,1,0,3,83,0,1,0,1
00Q000000003100,Sanjay Sharma,OrbitGroup,Sales Manager,Manager,Retail,27,Cold Outbound,4,3,2,0,1,0,0,1,76,1,1,0,0
00Q000000003101,Vikram Rao,QuantaHealth,IT Manager,Manager,Manufacturing,82,Event,4,1,0,0,1,0,0,14,39,0,0,0,0
00Q000000003102,Dev Malhotra,PioneerDynamics,Sales Manager,Manager,Other,13,Cold Outbound,3,2,6,1,1,1,0,13,78,1,0,1,0
00Q000000003103,Arjun Sharma,ApexIndustries,Director of IT,Director,Manufacturing,11,Cold Outbound,4,2,5,2,0,3,1,2,77,1,0,0,0
00Q000000003104,Rahul Patel,LumenPartners,VP Sales,VP,Retail,30,Event,2,2,4,0,0,0,1,4,71,1,0,0,0
00Q000000003105,Kavya Joshi,OrbitSolutions,Coordinator,Individual,Education,50,Event,2,2,4,1,0,1,0,10,99,0,0,0,0
00Q000000003106,Sneha Sharma,QuantaLabs,Sales Manager,Manager,Healthcare,54,Web,3,1,3,0,0,1,1,11,99,1,0,0,1
00Q000000003107,Meera Das,NovaSolutions,Head of Ops,Director,Other,70,Web,5,1,1,0,1,1,1,9,89,1,0,0,1
00Q000000003108,Divya Singh,LumenLabs,Director of Sales,Director,Other,8,Web,0,1,3,0,1,0,0,15,28,0,0,0,0
00Q000000003109,Kavya Kapoor,ApexPartners,VP Sales,VP,Manufacturing,38,Event,1,1,2,1,1,0,2,8,31,1,0,0,0
00Q000000003110,Priya Verma,CobaltWorks,Engineer,Individual,Technology,211,Referral,1,2,0,0,0,2,0,14,25,0,0,0,0
00Q000000003111,Arjun Rao,PioneerIndustries,Sales Manager,Manager,Retail,12,Partner,5,2,3,1,0,1,2,8,47,1,0,1,1
00Q000000003112,Neha Verma,SummitWorks,VP Engineering,VP,Finance,58,Referral,8,1,7,1,0,2,1,2,109,1,0,1,1
00Q000000003113,Sneha Mehta,ApexGroup,Sales Manager,Manager,Manufacturing,154,Event,0,1,4,0,0,2,1,4,22,1,0,0,1
00Q000000003114,Sneha Mehta,SummitHealth,IT Manager,Manager,Technology,30,Web,3,0,2,0,1,2,1,13,50,1,0,0,0
00Q000000003115,Sneha Iyer,NovaIndustries,CFO,C-Level,Education,166,Web,5,3,3,0,0,0,1,11,6,1,0,0,0
00Q000000003116,Sanjay Reddy,VertexPartners,Coordinator,Individual,Other,10,Partner,1,0,2,0,1,4,0,4,112,1,0,0,0
00Q000000003117,Sanjay Gupta,PioneerSystems,Head of Ops,Director,Technology,377,Paid Ad,2,1,1,0,0,0,2,9,116,1,0,0,0
00Q000000003118,Aarav Bose,SummitHealth,VP Marketing,VP,Retail,172,Event,2,1,2,0,0,1,2,8,101,1,0,0,0
00Q000000003119,Rahul Bose,HelixGroup,Analyst,Individual,Education,108,Paid Ad,1,0,3,1,0,1,0,2,84,0,0,0,0
00Q000000003120,Priya Joshi,VertexHealth,Head of Ops,Director,Technology,537,Event,6,0,0,0,0,1,1,32,58,1,1,0,0
00Q000000003121,Rahul Singh,ApexGroup,Ops Manager,Manager,Finance,60,Cold Outbound,3,3,5,0,0,1,0,6,72,0,0,0,0
00Q000000003122,Ananya Gupta,NovaHealth,VP Marketing,VP,Healthcare,39,Event,4,0,1,1,1,1,1,3,6,0,0,0,1
00Q000000003123,Karan Kapoor,PioneerNetworks,VP Engineering,VP,Education,779,Paid Ad,0,0,4,1,0,4,0,7,39,1,0,0,1
00Q000000003124,Arjun Nair,BluePartners,VP Sales,VP,Healthcare,1573,Web,2,3,5,2,2,1,1,5,60,1,0,1,1
00Q000000003125,Karan Nair,VertexNetworks,Engineer,Individual,Technology,35,Event,4,2,3,0,3,0,2,24,74,1,0,1,0
00Q000000003126,Karan Rao,LumenSolutions,Director of IT,Director,Finance,83,Paid Ad,2,3,2,0,0,1,1,25,19,1,0,0,0
00Q000000003127,Isha Joshi,LumenDynamics,CEO,C-Level,Healthcare,477,Web,5,2,4,1,0,3,0,7,66,1,0,0,1
00Q000000003128,Kavya Khan,QuantaHealth,Director of Sales,Director,Technology,88,Paid Ad,1,1,3,1,0,2,2,26,7,1,0,0,0
00Q000000003129,Pooja Gupta,BlueSystems,Director of IT,Director,Manufacturing,242,Paid Ad,8,2,2,1,0,0,1,8,114,1,1,0,1
00Q000000003130,Vikram Mehta,VertexSystems,Engineer,Individual,Technology,320,Web,3,2,5,1,0,2,0,1,82,1,0,1,0
00Q000000003131,Amit Rao,ZenDynamics,VP Marketing,VP,Education,42,Cold Outbound,3,1,2,0,2,1,0,11,64,0,0,0,0
00Q000000003132,Kavya Joshi,VertexNetworks,Engineer,Individual,Retail,186,Web,3,1,3,0,0,1,0,5,15,1,0,0,0
00Q000000003133,Vikram Patel,SummitLabs,IT Manager,Manager,Education,98,Cold Outbound,0,1,1,0,0,1,1,5,75,0,1,0,0
00Q000000003134,Arjun Khan,LumenSolutions,CFO,C-Level,Technology,16,Event,1,0,1,1,0,3,2,18,8,1,0,0,0
00Q000000003135,Meera Patel,VertexNetworks,CFO,C-Level,Manufacturing,22,Web,2,0,1,0,1,1,2,86,65,1,0,0,0
00Q000000003136,Aarav Patel,SummitSolutions,CEO,C-Level,Education,37,Web,4,1,4,0,0,2,1,2,27,1,0,1,1
00Q000000003137,Karan Kapoor,HelixLabs,IT Manager,Manager,Manufacturing,400,Paid Ad,7,3,6,2,3,1,2,7,46,0,0,0,1
00Q000000003138,Riya Gupta,HelixIndustries,Analyst,Individual,Technology,420,Partner,4,0,3,0,0,1,1,8,74,1,1,0,0
00Q000000003139,Ananya Iyer,CobaltDynamics,Ops Manager,Manager,Technology,306,Paid Ad,6,3,4,2,1,2,1,26,3,1,0,0,1
00Q000000003140,Divya Rao,NovaSystems,Analyst,Individual,Manufacturing,192,Event,0,1,2,0,1,2,2,6,8,1,0,0,0
00Q000000003141,Sneha Mehta,HelixSolutions,VP Marketing,VP,Healthcare,184,Web,14,5,7,7,2,4,1,14,73,1,1,1,1
00Q000000003142,Divya Nair,ApexNetworks,Ops Manager,Manager,Other,150,Partner,5,1,1,0,0,5,1,1,116,1,0,0,0
00Q000000003143,Nikhil Iyer,VertexIndustries,Ops Manager,Manager,Education,183,Cold Outbound,0,1,3,0,1,0,1,4,85,1,0,1,0
00Q000000003144,Arjun Iyer,QuantaLabs,Analyst,Individual,Retail,202,Event,2,1,0,0,0,0,1,22,95,0,0,0,0
00Q000000003145,Ananya Malhotra,SummitWorks,Sales Manager,Manager,Other,12,Cold Outbound,4,1,4,1,0,0,0,1,61,1,0,0,0
00Q000000003146,Aarav Verma,ApexSolutions,VP Engineering,VP,Retail,30,Paid Ad,7,0,5,0,0,4,2,5,22,1,0,0,0
00Q000000003147,Nikhil Mehta,QuantaLabs,Director of Sales,Director,Technology,21,Paid Ad,3,1,1,0,1,2,3,2,83,0,0,0,0
00Q000000003148,Sneha Kapoor,CobaltSystems,Coordinator,Individual,Technology,523,Paid Ad,6,1,6,2,1,0,1,1,114,1,1,1,1
00Q000000003149,Isha Reddy,ZenSystems,Coordinator,Individual,Education,1189,Web,4,1,2,1,0,1,3,38,16,0,1,0,0
00Q000000003150,Sneha Verma,HelixNetworks,IT Manager,Manager,Finance,3,Web,4,1,0,0,0,3,2,20,118,1,0,0,0
00Q000000003151,Aarav Rao,ZenHealth,Analyst,Individual,Other,1040,Paid Ad,1,1,1,0,0,0,1,14,34,1,0,0,0
00Q000000003152,Riya Malhotra,ApexSolutions,CEO,C-Level,Technology,113,Cold Outbound,3,0,1,0,1,3,0,24,87,1,0,0,0
00Q000000003153,Karan Malhotra,PioneerWorks,Head of Ops,Director,Technology,454,Event,2,0,0,0,0,0,0,14,108,1,0,0,0
00Q000000003154,Karan Verma,PioneerHealth,Coordinator,Individual,Retail,212,Web,3,1,1,1,0,2,0,26,113,0,0,0,0
00Q000000003155,Priya Reddy,OrbitWorks,Director of IT,Director,Education,863,Web,1,1,4,1,1,0,0,15,117,1,0,0,1
00Q000000003156,Arjun Iyer,PioneerDynamics,IT Manager,Manager,Education,136,Event,10,4,9,4,4,4,2,2,20,1,1,1,1
00Q000000003157,Rohan Malhotra,HelixDynamics,Engineer,Individual,Technology,12,Paid Ad,3,1,4,0,0,1,1,5,11,0,0,0,0
00Q000000003158,Rahul Joshi,VertexPartners,Sales Manager,Manager,Healthcare,84,Web,2,1,1,0,0,0,2,12,38,1,0,0,0
00Q000000003159,Divya Rao,VertexSolutions,Analyst,Individual,Retail,215,Web,1,0,1,1,0,2,0,2,28,1,0,0,0
00Q000000003160,Karan Kapoor,CobaltHealth,Ops Manager,Manager,Other,71,Paid Ad,2,0,1,0,0,3,0,10,103,1,0,0,0
00Q000000003161,Rahul Khan,VertexIndustries,VP Marketing,VP,Technology,266,Web,3,2,2,0,0,0,0,29,88,1,0,0,1
00Q000000003162,Kavya Reddy,HelixGroup,CTO,C-Level,Manufacturing,90,Event,5,3,5,0,1,2,0,3,16,1,0,1,1
00Q000000003163,Rohan Khan,BlueGroup,IT Manager,Manager,Technology,40,Paid Ad,1,1,6,3,0,1,0,6,26,0,0,0,1
00Q000000003164,Arjun Rao,OrbitGroup,Director of Sales,Director,Retail,19,Web,0,0,3,0,0,0,3,1,42,0,0,0,0
00Q000000003165,Neha Kapoor,SummitNetworks,Analyst,Individual,Technology,55,Event,1,0,4,2,2,1,1,8,104,1,0,0,0
00Q000000003166,Rohan Iyer,ApexDynamics,IT Manager,Manager,Other,135,Web,1,2,2,0,0,0,0,90,11,1,0,0,0
00Q000000003167,Kavya Das,QuantaPartners,Coordinator,Individual,Technology,5,Referral,5,0,2,0,0,0,1,13,24,0,0,0,0
00Q000000003168,Rohan Bose,LumenHealth,IT Manager,Manager,Retail,30,Cold Outbound,2,1,1,0,0,0,0,30,42,0,1,0,0
00Q000000003169,Kavya Patel,ZenHealth,Coordinator,Individual,Retail,4,Paid Ad,2,0,1,1,0,2,0,8,109,0,0,0,0
00Q000000003170,Dev Khan,VertexSolutions,CEO,C-Level,Finance,39,Web,6,2,3,1,1,4,2,10,55,1,0,0,1
00Q000000003171,Arjun Sharma,HelixIndustries,VP Sales,VP,Finance,599,Web,3,4,6,2,1,4,0,4,99,0,0,0,1
00Q000000003172,Divya Gupta,VertexLabs,IT Manager,Manager,Manufacturing,16,Referral,4,3,5,1,2,4,1,7,100,1,1,0,1
00Q000000003173,Priya Patel,QuantaSystems,Head of Ops,Director,Manufacturing,285,Cold Outbound,3,1,3,1,2,1,2,1,30,0,0,0,0
00Q000000003174,Sneha Patel,LumenLabs,Coordinator,Individual,Retail,7138,Partner,4,5,3,0,1,1,2,18,51,1,0,0,1
00Q000000003175,Aarav Singh,SummitPartners,Head of Ops,Director,Manufacturing,880,Paid Ad,3,0,1,0,0,0,1,26,67,0,0,0,0
00Q000000003176,Vikram Joshi,QuantaSystems,Engineer,Individual,Technology,121,Web,3,0,3,0,1,2,1,12,52,1,0,0,1
00Q000000003177,Neha Bose,BlueGroup,Analyst,Individual,Other,360,Cold Outbound,3,0,2,0,0,1,0,5,56,0,1,0,0
00Q000000003178,Nikhil Reddy,HelixSystems,Director of IT,Director,Technology,12,Partner,2,1,1,1,4,4,1,11,82,0,0,0,0
00Q000000003179,Vikram Rao,LumenSystems,IT Manager,Manager,Manufacturing,9,Web,3,3,1,1,1,2,3,29,84,0,0,0,1
00Q000000003180,Rohan Khan,OrbitSystems,IT Manager,Manager,Other,103,Event,1,0,1,0,0,1,1,6,50,1,0,0,0
00Q000000003181,Riya Malhotra,ApexLabs,Sales Manager,Manager,Other,180,Event,0,0,1,0,0,0,1,30,43,1,0,0,0
00Q000000003182,Kavya Das,BlueHealth,Analyst,Individual,Technology,513,Paid Ad,2,0,2,0,0,1,0,11,46,1,0,0,0
00Q000000003183,Pooja Sharma,HelixSystems,Analyst,Individual,Technology,42,Referral,4,0,2,1,0,2,0,30,49,0,0,0,0
00Q000000003184,Karan Das,ZenPartners,Director of Sales,Director,Manufacturing,132,Web,3,0,0,0,0,0,1,3,53,1,0,1,0
00Q000000003185,Ananya Gupta,VertexSystems,Director of IT,Director,Finance,126,Paid Ad,1,0,2,0,0,0,0,9,71,1,0,0,0
00Q000000003186,Sneha Joshi,QuantaGroup,Coordinator,Individual,Retail,81,Paid Ad,1,2,1,1,0,0,1,30,40,1,0,0,0
00Q000000003187,Kavya Das,OrbitLabs,IT Manager,Manager,Manufacturing,89,Event,1,0,1,0,0,0,0,10,56,1,0,0,0
00Q000000003188,Kavya Verma,NovaSystems,Director of IT,Director,Finance,27,Event,4,0,1,0,0,1,0,15,34,0,0,0,0
00Q000000003189,Aarav Khan,LumenDynamics,Director of IT,Director,Healthcare,151,Web,2,0,2,0,0,0,1,28,94,1,1,0,0
00Q000000003190,Riya Verma,HelixDynamics,VP Engineering,VP,Retail,133,Event,3,0,1,0,0,1,0,17,108,1,0,0,0
00Q000000003191,Vikram Sharma,SummitSystems,Sales Manager,Manager,Education,51,Partner,2,0,1,0,0,1,1,2,33,1,0,0,0
00Q000000003192,Isha Nair,BlueSystems,Sales Manager,Manager,Finance,270,Paid Ad,2,0,3,0,0,0,0,15,39,1,0,1,0
00Q000000003193,Dev Verma,PioneerIndustries,IT Manager,Manager,Technology,464,Cold Outbound,2,0,0,0,0,1,0,7,45,0,0,0,0
00Q000000003194,Vikram Das,ApexWorks,Sales Manager,Manager,Finance,274,Paid Ad,5,0,2,0,0,1,0,2,97,1,1,0,0
00Q000000003195,Divya Das,LumenSystems,Analyst,Individual,Manufacturing,20,Partner,3,3,7,2,0,3,1,29,109,1,0,0,0
00Q000000003196,Neha Patel,BlueWorks,Coordinator,Individual,Retail,115,Event,1,1,4,0,0,2,1,40,38,1,1,0,0
00Q000000003197,Meera Das,CobaltIndustries,VP Marketing,VP,Education,25,Web,2,0,6,0,0,0,0,3,26,0,0,0,0
00Q000000003198,Rahul Kapoor,QuantaDynamics,Engineer,Individual,Other,114,Cold Outbound,2,0,3,1,0,1,1,0,79,1,0,1,0
00Q000000003199,Vikram Das,VertexIndustries,Head of Ops,Director,Manufacturing,25,Paid Ad,2,0,3,0,1,0,0,8,46,1,0,0,1
00Q000000003200,Divya Kapoor,CobaltPartners,IT Manager,Manager,Other,675,Cold Outbound,3,2,3,1,1,1,0,49,88,1,0,0,0
00Q000000003201,Kavya Bose,CobaltIndustries,Sales Manager,Manager,Finance,322,Paid Ad,1,2,4,0,0,3,2,2,27,0,1,0,1
00Q000000003202,Amit Mehta,BluePartners,VP Engineering,VP,Manufacturing,560,Event,3,0,0,0,1,2,0,6,102,1,0,0,1
00Q000000003203,Karan Kapoor,SummitIndustries,Director of IT,Director,Manufacturing,481,Web,1,2,6,0,1,3,2,2,23,1,0,0,1
00Q000000003204,Rahul Joshi,BlueIndustries,Engineer,Individual,Retail,66,Event,1,0,2,0,1,2,2,10,81,0,0,1,1
00Q000000003205,Amit Sharma,ApexSystems,Director of Sales,Director,Retail,52,Paid Ad,2,1,1,0,0,0,0,9,75,0,0,0,1
00Q000000003206,Vikram Joshi,LumenLabs,Sales Manager,Manager,Finance,1356,Cold Outbound,3,0,3,0,0,1,1,3,40,1,0,0,0
00Q000000003207,Karan Nair,CobaltGroup,Ops Manager,Manager,Other,77,Cold Outbound,1,1,0,0,1,0,3,2,80,1,0,0,0
00Q000000003208,Riya Iyer,CobaltIndustries,Director of IT,Director,Other,13,Event,4,2,4,0,0,1,0,7,17,1,0,0,0
00Q000000003209,Karan Mehta,BlueSystems,Head of Ops,Director,Other,450,Event,1,1,3,0,1,3,0,23,115,1,0,0,0
00Q000000003210,Pooja Bose,ZenGroup,IT Manager,Manager,Healthcare,123,Web,0,0,1,0,1,1,0,5,79,1,0,0,0
00Q000000003211,Riya Bose,BlueWorks,CFO,C-Level,Other,952,Referral,1,0,4,0,0,0,1,16,47,1,0,0,1
00Q000000003212,Arjun Rao,CobaltNetworks,Director of IT,Director,Education,143,Cold Outbound,2,0,0,0,0,3,1,6,11,1,0,1,0
00Q000000003213,Sanjay Patel,BluePartners,Head of Ops,Director,Retail,96,Partner,1,1,2,0,0,1,2,78,59,1,0,0,0
00Q000000003214,Neha Nair,ZenNetworks,Engineer,Individual,Healthcare,981,Paid Ad,3,3,5,0,2,1,0,21,40,1,0,0,1
00Q000000003215,Kavya Joshi,SummitSystems,Engineer,Individual,Education,9,Cold Outbound,5,0,3,2,1,1,0,11,66,1,0,0,0
00Q000000003216,Aarav Patel,SummitWorks,Sales Manager,Manager,Retail,41,Web,3,0,0,0,0,0,1,15,94,1,1,0,0
00Q000000003217,Rahul Singh,OrbitHealth,Head of Ops,Director,Manufacturing,26,Cold Outbound,4,3,3,1,0,3,2,6,32,1,0,0,1
00Q000000003218,Ananya Das,LumenPartners,Sales Manager,Manager,Other,3,Paid Ad,5,4,7,0,3,3,0,4,66,0,1,0,0
00Q000000003219,Pooja Khan,QuantaIndustries,Director of IT,Director,Finance,368,Web,5,0,6,0,0,1,4,5,84,1,0,0,1
00Q000000003220,Isha Sharma,NovaDynamics,Coordinator,Individual,Retail,43,Paid Ad,1,1,6,2,0,2,0,1,66,1,0,0,0
00Q000000003221,Pooja Das,VertexGroup,Head of Ops,Director,Finance,386,Web,3,2,3,0,3,0,1,41,115,0,0,0,1
00Q000000003222,Isha Bose,LumenHealth,VP Engineering,VP,Healthcare,178,Paid Ad,2,0,2,0,0,0,1,5,1,1,0,0,0
00Q000000003223,Rahul Bose,ZenSystems,Director of IT,Director,Finance,247,Referral,0,0,1,1,0,0,1,56,20,1,0,0,0
00Q000000003224,Vikram Khan,ApexSystems,Head of Ops,Director,Finance,50,Web,6,1,2,0,1,0,2,3,44,0,0,0,0
00Q000000003225,Kavya Bose,LumenLabs,VP Engineering,VP,Finance,31,Paid Ad,1,1,1,1,0,1,0,7,114,1,0,0,0
00Q000000003226,Arjun Kapoor,CobaltSolutions,Analyst,Individual,Technology,113,Event,3,1,3,0,0,1,0,13,55,1,1,0,0
00Q000000003227,Neha Joshi,HelixDynamics,Director of IT,Director,Technology,394,Web,5,1,3,1,0,4,0,10,33,1,0,0,0
00Q000000003228,Amit Mehta,ZenLabs,CEO,C-Level,Retail,92,Cold Outbound,3,2,4,2,0,2,0,1,111,1,0,0,1
00Q000000003229,Meera Patel,QuantaSolutions,IT Manager,Manager,Finance,34,Web,1,0,2,0,0,0,2,32,74,1,0,0,0
00Q000000003230,Priya Reddy,ZenDynamics,Engineer,Individual,Technology,16,Paid Ad,0,1,3,0,0,0,1,6,111,1,0,0,0
00Q000000003231,Kavya Kapoor,NovaDynamics,COO,C-Level,Technology,135,Paid Ad,3,0,2,1,2,1,1,8,57,1,0,1,1
00Q000000003232,Ananya Khan,NovaHealth,Analyst,Individual,Technology,43,Web,3,1,0,0,0,1,1,74,89,1,0,0,0
00Q000000003233,Kavya Khan,NovaSolutions,Sales Manager,Manager,Technology,89,Cold Outbound,5,1,5,0,0,0,1,6,50,1,0,0,1
00Q000000003234,Arjun Singh,QuantaHealth,Engineer,Individual,Other,69,Event,1,0,2,2,0,1,2,12,4,1,0,0,0
00Q000000003235,Rahul Gupta,HelixWorks,Ops Manager,Manager,Manufacturing,51,Web,5,2,4,0,1,2,0,2,9,1,0,0,0
00Q000000003236,Kavya Iyer,OrbitPartners,Ops Manager,Manager,Healthcare,154,Event,1,2,5,2,0,3,0,6,39,1,1,0,1
00Q000000003237,Karan Das,VertexHealth,Ops Manager,Manager,Manufacturing,228,Paid Ad,2,3,3,3,0,1,1,2,42,0,0,0,0
00Q000000003238,Nikhil Gupta,PioneerGroup,COO,C-Level,Technology,1896,Web,1,2,4,1,0,1,1,5,30,1,0,0,1
00Q000000003239,Arjun Joshi,HelixIndustries,IT Manager,Manager,Retail,310,Referral,1,0,1,1,0,0,0,18,15,1,0,0,0
00Q000000003240,Divya Iyer,ApexIndustries,Ops Manager,Manager,Other,1086,Paid Ad,2,1,3,1,1,1,3,1,26,1,0,0,1
00Q000000003241,Pooja Kapoor,SummitPartners,VP Marketing,VP,Technology,29,Paid Ad,1,0,1,0,0,2,0,5,97,0,0,0,0
00Q000000003242,Priya Rao,PioneerLabs,VP Engineering,VP,Technology,9,Referral,5,0,1,1,0,0,1,14,8,0,0,0,1
00Q000000003243,Vikram Bose,BlueDynamics,Coordinator,Individual,Manufacturing,97,Event,1,1,1,0,0,0,1,6,30,0,0,0,1
00Q000000003244,Nikhil Singh,QuantaPartners,Analyst,Individual,Technology,360,Web,5,2,4,0,1,1,2,6,37,0,1,0,0
00Q000000003245,Vikram Malhotra,NovaLabs,Head of Ops,Director,Technology,284,Referral,4,2,2,1,1,1,1,27,103,1,0,1,1
00Q000000003246,Meera Rao,HelixDynamics,VP Engineering,VP,Retail,612,Paid Ad,1,0,0,0,0,0,1,4,105,0,0,0,1
00Q000000003247,Riya Joshi,BlueWorks,Sales Manager,Manager,Manufacturing,2,Referral,1,1,2,1,1,2,0,4,25,1,0,0,0
00Q000000003248,Divya Nair,ApexSolutions,Analyst,Individual,Technology,651,Web,5,1,7,1,1,1,1,8,111,1,0,0,0
00Q000000003249,Nikhil Bose,SummitNetworks,Head of Ops,Director,Education,164,Referral,3,2,5,1,0,1,1,57,43,1,0,0,1
00Q000000003250,Rahul Sharma,ApexHealth,Head of Ops,Director,Technology,9,Paid Ad,1,2,6,0,0,1,1,9,95,1,0,0,1
00Q000000003251,Aarav Khan,SummitGroup,Ops Manager,Manager,Finance,294,Paid Ad,1,0,3,0,0,0,0,8,1,1,0,0,0
00Q000000003252,Amit Malhotra,CobaltSolutions,VP Sales,VP,Retail,128,Event,0,0,2,0,0,1,2,18,115,1,0,0,0
00Q000000003253,Isha Joshi,LumenSystems,Director of Sales,Director,Manufacturing,176,Paid Ad,2,2,5,1,1,3,2,4,95,1,0,0,1
00Q000000003254,Priya Mehta,VertexSystems,Head of Ops,Director,Manufacturing,445,Paid Ad,4,0,1,0,1,1,1,30,25,0,0,0,0
00Q000000003255,Dev Mehta,ApexPartners,Director of IT,Director,Retail,189,Web,4,0,5,0,1,0,2,3,105,1,1,0,0
00Q000000003256,Sneha Nair,CobaltNetworks,Director of IT,Director,Retail,10,Referral,2,0,3,0,0,1,1,8,110,1,0,1,0
00Q000000003257,Pooja Bose,CobaltDynamics,Ops Manager,Manager,Education,80,Web,2,2,3,1,0,2,1,20,59,1,0,0,0
00Q000000003258,Dev Singh,NovaNetworks,Ops Manager,Manager,Manufacturing,8,Cold Outbound,6,0,2,0,0,1,0,13,14,0,0,0,0
00Q000000003259,Aarav Verma,ApexIndustries,Director of IT,Director,Healthcare,263,Web,6,1,1,0,0,2,0,19,70,1,0,0,1
00Q000000003260,Isha Das,CobaltWorks,Director of Sales,Director,Retail,809,Referral,1,2,3,0,1,1,1,3,38,0,0,0,0
00Q000000003261,Dev Kapoor,OrbitDynamics,IT Manager,Manager,Finance,15,Paid Ad,1,2,0,0,1,1,0,7,20,1,0,0,0
00Q000000003262,Rohan Das,CobaltIndustries,Engineer,Individual,Retail,36,Paid Ad,5,2,1,0,0,0,1,8,19,1,0,0,0
00Q000000003263,Isha Kapoor,OrbitHealth,Director of Sales,Director,Finance,26,Partner,12,0,2,0,0,1,1,5,45,1,0,1,1
00Q000000003264,Aarav Kapoor,SummitIndustries,Head of Ops,Director,Healthcare,50,Event,3,0,2,2,0,1,2,8,105,0,0,0,0
00Q000000003265,Isha Rao,ApexLabs,IT Manager,Manager,Retail,184,Referral,4,2,4,2,1,0,1,2,5,1,0,0,1
00Q000000003266,Amit Das,LumenWorks,Ops Manager,Manager,Manufacturing,51,Paid Ad,2,0,0,0,0,0,0,32,70,0,0,0,0
00Q000000003267,Kavya Khan,QuantaSolutions,Engineer,Individual,Technology,264,Paid Ad,1,1,1,0,0,3,0,10,112,0,1,0,0
00Q000000003268,Riya Patel,PioneerGroup,CTO,C-Level,Healthcare,491,Cold Outbound,5,1,0,0,0,1,2,25,98,1,0,0,1
00Q000000003269,Ananya Iyer,BlueHealth,VP Engineering,VP,Education,519,Paid Ad,2,0,3,0,1,1,0,2,102,0,0,1,1
00Q000000003270,Nikhil Malhotra,HelixHealth,Sales Manager,Manager,Other,18,Event,2,3,0,0,1,2,1,2,96,0,0,0,1
00Q000000003271,Divya Mehta,NovaLabs,Ops Manager,Manager,Healthcare,795,Web,1,2,2,0,1,1,0,5,103,1,1,0,0
00Q000000003272,Riya Bose,NovaSystems,Director of IT,Director,Technology,897,Cold Outbound,3,2,5,0,1,0,0,1,75,1,0,0,1
00Q000000003273,Divya Gupta,NovaIndustries,Ops Manager,Manager,Finance,1021,Paid Ad,1,1,2,1,0,1,0,16,26,1,0,0,0
00Q000000003274,Vikram Gupta,OrbitWorks,CTO,C-Level,Healthcare,78,Web,0,1,1,0,0,0,0,10,54,1,0,0,0
00Q000000003275,Dev Mehta,ApexPartners,Coordinator,Individual,Technology,32,Event,1,1,2,0,1,3,0,7,62,1,1,0,0
00Q000000003276,Kavya Mehta,ApexGroup,Coordinator,Individual,Education,22,Paid Ad,2,1,3,0,0,1,1,6,2,0,0,0,0
00Q000000003277,Nikhil Joshi,QuantaDynamics,Sales Manager,Manager,Manufacturing,19,Web,0,0,1,0,0,2,0,6,37,1,0,0,0
00Q000000003278,Kavya Khan,CobaltHealth,Engineer,Individual,Healthcare,101,Paid Ad,3,0,0,0,0,1,3,8,67,1,0,0,0
00Q000000003279,Kavya Singh,QuantaNetworks,Director of Sales,Director,Healthcare,354,Paid Ad,1,1,5,0,1,0,1,22,25,1,0,0,0
00Q000000003280,Isha Reddy,VertexWorks,Director of IT,Director,Technology,706,Web,8,2,5,0,1,2,0,1,116,1,0,1,1
00Q000000003281,Divya Iyer,PioneerIndustries,Engineer,Individual,Manufacturing,48,Cold Outbound,1,0,4,0,0,0,2,3,30,1,0,0,0
00Q000000003282,Vikram Rao,NovaSolutions,Sales Manager,Manager,Healthcare,93,Cold Outbound,2,2,2,1,0,2,1,15,89,1,0,0,0
00Q000000003283,Ananya Patel,ZenSystems,Director of Sales,Director,Finance,85,Web,2,3,8,2,1,1,1,27,102,1,0,0,1
00Q000000003284,Nikhil Verma,OrbitLabs,VP Engineering,VP,Retail,38,Event,4,0,1,0,0,2,0,24,104,0,0,0,0
00Q000000003285,Meera Reddy,CobaltLabs,Ops Manager,Manager,Healthcare,299,Cold Outbound,3,2,0,0,0,0,1,6,35,0,1,0,0
00Q000000003286,Nikhil Nair,NovaIndustries,Coordinator,Individual,Manufacturing,171,Event,1,1,2,0,0,0,0,64,54,0,0,0,0
00Q000000003287,Dev Reddy,BlueDynamics,IT Manager,Manager,Other,123,Cold Outbound,3,2,5,0,0,0,4,2,89,1,1,0,0
00Q000000003288,Priya Reddy,LumenDynamics,Ops Manager,Manager,Finance,170,Web,5,0,1,0,0,0,1,26,13,1,0,0,0
00Q000000003289,Aarav Verma,QuantaGroup,Director of Sales,Director,Healthcare,250,Paid Ad,0,1,1,0,0,1,0,20,78,1,0,0,0
00Q000000003290,Kavya Sharma,BlueLabs,Ops Manager,Manager,Education,246,Paid Ad,0,1,2,0,1,0,0,22,112,0,0,0,0
00Q000000003291,Priya Rao,PioneerWorks,Engineer,Individual,Finance,28,Referral,5,0,1,1,1,1,1,51,12,0,0,0,0
00Q000000003292,Nikhil Khan,BlueSolutions,Director of IT,Director,Healthcare,381,Paid Ad,0,0,1,0,0,2,2,5,33,0,0,0,0
00Q000000003293,Rohan Iyer,NovaWorks,IT Manager,Manager,Education,145,Web,6,0,2,1,0,2,1,5,23,1,0,0,0
00Q000000003294,Sanjay Iyer,PioneerSolutions,Coordinator,Individual,Manufacturing,51,Web,3,1,1,0,0,1,0,9,60,0,0,0,0
00Q000000003295,Vikram Das,VertexDynamics,Ops Manager,Manager,Other,141,Web,8,2,2,0,1,3,0,20,106,1,0,0,1
00Q000000003296,Kavya Gupta,VertexSolutions,CFO,C-Level,Healthcare,166,Web,2,0,1,0,4,0,0,2,104,1,0,0,1
00Q000000003297,Amit Gupta,OrbitSolutions,Director of IT,Director,Healthcare,504,Web,1,1,0,0,1,1,0,24,35,1,0,0,0
00Q000000003298,Arjun Patel,BlueNetworks,Analyst,Individual,Technology,20,Referral,1,0,1,0,0,3,1,1,24,1,0,0,0
00Q000000003299,Priya Kapoor,LumenDynamics,Director of IT,Director,Technology,725,Web,3,2,2,1,0,1,0,12,24,0,0,0,1
00Q000000003300,Aarav Bose,LumenDynamics,Coordinator,Individual,Manufacturing,103,Web,2,2,1,1,0,3,2,2,101,1,0,0,0
00Q000000003301,Karan Sharma,QuantaGroup,Sales Manager,Manager,Technology,46,Web,6,2,5,1,0,3,1,3,53,0,0,0,0
00Q000000003302,Sanjay Das,HelixHealth,Ops Manager,Manager,Healthcare,44,Cold Outbound,4,1,3,1,0,1,1,4,77,1,0,0,0
00Q000000003303,Kavya Sharma,BlueLabs,Coordinator,Individual,Finance,22,Web,8,1,3,1,0,1,3,7,115,1,0,0,0
00Q000000003304,Ananya Mehta,ApexHealth,Ops Manager,Manager,Technology,7,Paid Ad,12,5,6,4,2,1,1,3,21,1,0,1,1
00Q000000003305,Karan Patel,VertexNetworks,COO,C-Level,Healthcare,274,Web,5,0,3,2,1,4,3,25,65,1,0,0,1
00Q000000003306,Arjun Das,QuantaIndustries,Analyst,Individual,Retail,1941,Web,3,0,3,0,0,1,1,2,103,1,0,0,0
00Q000000003307,Pooja Malhotra,ZenHealth,VP Sales,VP,Finance,8,Event,3,3,4,1,0,2,2,7,15,0,0,0,1
00Q000000003308,Arjun Joshi,PioneerSolutions,Director of Sales,Director,Retail,23,Event,1,1,2,0,0,1,0,15,13,1,0,0,0
00Q000000003309,Karan Khan,QuantaGroup,Ops Manager,Manager,Technology,307,Paid Ad,3,4,0,0,0,1,0,7,23,1,0,0,1
00Q000000003310,Ananya Kapoor,BlueLabs,Analyst,Individual,Technology,92,Paid Ad,3,2,0,0,0,0,1,11,111,0,0,0,0
00Q000000003311,Ananya Singh,ApexIndustries,Engineer,Individual,Other,347,Referral,4,1,2,1,0,2,2,5,2,1,0,0,0
00Q000000003312,Sanjay Khan,OrbitHealth,Engineer,Individual,Other,85,Web,2,1,0,0,1,0,2,38,91,1,0,1,0
00Q000000003313,Dev Reddy,LumenSolutions,IT Manager,Manager,Healthcare,41,Cold Outbound,1,0,1,0,0,1,1,17,55,1,0,0,0
00Q000000003314,Sanjay Singh,PioneerPartners,CTO,C-Level,Healthcare,70,Web,4,2,5,1,2,6,0,9,53,1,0,0,1
00Q000000003315,Amit Mehta,PioneerPartners,VP Engineering,VP,Education,2,Partner,7,2,7,1,1,1,0,49,44,1,0,0,1
00Q000000003316,Riya Rao,OrbitSystems,Engineer,Individual,Manufacturing,17,Paid Ad,4,1,3,0,0,1,0,8,62,1,0,1,0
00Q000000003317,Sneha Bose,QuantaLabs,Engineer,Individual,Technology,412,Referral,2,2,2,1,1,1,0,22,64,1,1,0,0
00Q000000003318,Ananya Singh,LumenDynamics,Analyst,Individual,Technology,594,Referral,7,1,4,2,1,2,2,3,73,1,0,0,1
00Q000000003319,Rohan Mehta,ApexGroup,CEO,C-Level,Technology,819,Referral,3,1,6,2,1,0,1,6,22,1,1,0,1
00Q000000003320,Sanjay Bose,CobaltWorks,Analyst,Individual,Education,192,Paid Ad,1,1,2,0,1,1,0,11,63,1,0,0,0
00Q000000003321,Aarav Mehta,ApexSolutions,Coordinator,Individual,Manufacturing,3,Cold Outbound,0,1,1,1,0,1,1,10,19,1,0,0,0
00Q000000003322,Arjun Sharma,VertexSolutions,Head of Ops,Director,Finance,38,Referral,1,1,5,0,0,2,1,16,13,1,0,0,0
00Q000000003323,Dev Kapoor,LumenSystems,IT Manager,Manager,Technology,725,Cold Outbound,6,0,2,0,0,1,0,6,112,1,0,0,0
00Q000000003324,Sanjay Das,OrbitGroup,Analyst,Individual,Technology,1135,Web,5,3,3,2,0,2,0,8,39,0,0,0,0
00Q000000003325,Arjun Khan,OrbitGroup,Director of IT,Director,Retail,768,Web,3,1,2,1,0,0,2,4,69,1,0,1,1
00Q000000003326,Divya Khan,OrbitHealth,Engineer,Individual,Other,69,Paid Ad,2,1,5,1,1,1,0,2,82,1,1,1,0
00Q000000003327,Nikhil Mehta,BlueSystems,Analyst,Individual,Manufacturing,14,Cold Outbound,1,2,1,1,1,2,0,7,84,1,0,1,0
00Q000000003328,Ananya Rao,ApexIndustries,Engineer,Individual,Retail,93,Event,1,2,5,0,0,1,2,5,20,1,1,0,0
00Q000000003329,Rohan Iyer,OrbitGroup,Sales Manager,Manager,Finance,101,Partner,2,0,2,0,0,0,0,24,55,0,0,0,0
00Q000000003330,Meera Sharma,VertexIndustries,CFO,C-Level,Manufacturing,1041,Event,4,0,2,0,2,3,0,11,70,1,0,0,1
00Q000000003331,Arjun Patel,ApexSystems,Sales Manager,Manager,Healthcare,140,Cold Outbound,5,0,1,0,0,3,1,6,46,1,0,0,0
00Q000000003332,Aarav Malhotra,PioneerWorks,Director of Sales,Director,Technology,102,Partner,2,0,1,0,0,1,1,20,49,1,0,0,0
00Q000000003333,Priya Khan,LumenNetworks,Ops Manager,Manager,Healthcare,111,Paid Ad,1,0,2,0,0,0,3,10,1,1,0,0,0
00Q000000003334,Neha Verma,QuantaIndustries,Head of Ops,Director,Education,181,Paid Ad,1,1,4,0,0,1,0,2,112,1,0,0,0
00Q000000003335,Nikhil Nair,VertexIndustries,CTO,C-Level,Technology,254,Event,0,1,0,0,0,0,1,7,38,1,0,0,1
00Q000000003336,Rohan Khan,NovaWorks,Ops Manager,Manager,Healthcare,33,Cold Outbound,2,1,1,0,2,0,1,8,50,0,0,0,0
00Q000000003337,Divya Sharma,ApexSolutions,COO,C-Level,Education,20,Paid Ad,4,1,6,1,3,2,0,15,116,0,0,0,1
00Q000000003338,Nikhil Khan,NovaWorks,Head of Ops,Director,Education,777,Referral,2,0,1,0,0,1,0,3,104,1,0,0,1
00Q000000003339,Karan Rao,CobaltDynamics,Director of IT,Director,Healthcare,8,Cold Outbound,1,0,0,0,0,0,1,10,20,1,0,0,0
00Q000000003340,Rahul Nair,OrbitLabs,Engineer,Individual,Technology,1160,Paid Ad,5,0,2,0,1,1,1,27,53,1,1,0,0
00Q000000003341,Rahul Das,NovaSolutions,Director of Sales,Director,Education,5,Paid Ad,4,0,5,2,0,0,3,5,72,1,0,0,0
00Q000000003342,Meera Rao,ZenSolutions,Sales Manager,Manager,Technology,41,Paid Ad,6,2,7,2,2,5,3,10,31,1,1,1,1
00Q000000003343,Amit Kapoor,OrbitSystems,CTO,C-Level,Finance,427,Referral,1,0,6,0,1,4,1,10,27,1,0,1,1
00Q000000003344,Neha Patel,PioneerSolutions,VP Marketing,VP,Technology,99,Event,0,0,0,0,1,0,0,30,74,1,0,0,0
00Q000000003345,Rohan Mehta,ApexGroup,Sales Manager,Manager,Healthcare,13,Web,0,1,1,1,0,0,1,7,111,0,0,0,0
00Q000000003346,Dev Verma,QuantaWorks,COO,C-Level,Manufacturing,188,Cold Outbound,0,1,2,0,0,3,0,2,36,1,0,1,1
00Q000000003347,Rahul Kapoor,LumenHealth,VP Engineering,VP,Education,110,Paid Ad,1,1,1,0,1,2,2,7,11,1,0,0,0
00Q000000003348,Vikram Das,OrbitLabs,IT Manager,Manager,Healthcare,71,Cold Outbound,4,0,1,1,0,1,0,11,113,0,0,0,0
00Q000000003349,Arjun Gupta,OrbitPartners,Coordinator,Individual,Other,39,Referral,0,0,3,0,1,0,0,34,52,1,0,0,0
00Q000000003350,Vikram Singh,LumenNetworks,Engineer,Individual,Manufacturing,94,Cold Outbound,7,1,2,0,0,1,0,4,21,0,0,0,0
00Q000000003351,Priya Joshi,PioneerNetworks,Engineer,Individual,Manufacturing,41,Referral,2,3,1,0,0,3,1,5,2,1,1,0,0
00Q000000003352,Priya Khan,NovaHealth,Coordinator,Individual,Technology,3834,Referral,6,0,3,1,2,0,0,4,90,0,1,0,1
00Q000000003353,Divya Joshi,SummitLabs,CTO,C-Level,Technology,69,Cold Outbound,2,0,0,0,0,3,2,53,19,1,0,1,0
00Q000000003354,Ananya Patel,NovaSystems,Coordinator,Individual,Manufacturing,56,Paid Ad,3,0,4,0,0,2,1,9,96,0,0,0,0
00Q000000003355,Neha Reddy,LumenSystems,Director of Sales,Director,Retail,44,Cold Outbound,0,0,0,0,0,1,0,30,105,1,0,0,0
00Q000000003356,Arjun Patel,SummitPartners,Director of Sales,Director,Technology,1429,Paid Ad,1,2,1,0,0,0,0,13,65,1,0,0,1
00Q000000003357,Amit Sharma,ApexIndustries,Director of Sales,Director,Healthcare,8,Web,1,0,1,0,0,2,0,1,15,1,0,0,0
00Q000000003358,Dev Verma,BlueGroup,Coordinator,Individual,Finance,170,Event,2,0,1,0,0,0,0,16,56,1,0,0,0
00Q000000003359,Rohan Malhotra,CobaltWorks,Sales Manager,Manager,Healthcare,69,Cold Outbound,1,1,0,0,0,0,0,7,96,1,0,0,0
00Q000000003360,Isha Mehta,ZenGroup,Director of IT,Director,Technology,11,Event,1,0,1,0,0,1,0,3,97,0,0,0,1
00Q000000003361,Vikram Singh,CobaltWorks,Sales Manager,Manager,Technology,29,Paid Ad,1,0,1,0,0,2,0,90,21,0,0,0,0
00Q000000003362,Neha Gupta,ApexSolutions,Analyst,Individual,Finance,160,Web,3,1,2,0,0,3,2,31,66,0,0,0,0
00Q000000003363,Rohan Verma,ApexLabs,Director of IT,Director,Education,27,Event,1,0,0,0,0,0,0,16,18,1,0,0,0
00Q000000003364,Ananya Nair,VertexDynamics,Analyst,Individual,Education,146,Cold Outbound,3,2,3,2,1,0,2,8,7,1,1,1,1
00Q000000003365,Dev Malhotra,PioneerNetworks,Sales Manager,Manager,Technology,1331,Cold Outbound,0,0,2,0,0,2,0,55,110,1,0,0,0
00Q000000003366,Meera Reddy,PioneerLabs,Sales Manager,Manager,Technology,128,Referral,4,0,5,0,0,2,0,24,78,1,0,0,1
00Q000000003367,Divya Nair,QuantaPartners,Coordinator,Individual,Healthcare,11,Web,2,0,1,0,1,0,0,7,55,1,0,0,0
00Q000000003368,Nikhil Sharma,CobaltGroup,VP Sales,VP,Finance,27,Web,1,1,2,0,0,2,2,9,26,1,0,0,0
00Q000000003369,Meera Verma,BlueHealth,Analyst,Individual,Education,64,Web,2,0,1,0,0,0,1,15,38,0,0,0,1
00Q000000003370,Nikhil Verma,ApexIndustries,CEO,C-Level,Healthcare,58,Cold Outbound,2,0,3,0,0,2,2,5,14,1,0,0,0
00Q000000003371,Arjun Nair,CobaltWorks,VP Engineering,VP,Education,124,Event,0,0,1,0,1,0,0,90,112,1,0,0,0
00Q000000003372,Kavya Nair,QuantaGroup,Sales Manager,Manager,Technology,158,Referral,0,0,1,0,0,1,0,32,41,1,0,0,0
00Q000000003373,Rahul Sharma,ApexIndustries,Ops Manager,Manager,Other,1333,Partner,0,1,2,0,0,1,0,7,95,1,0,0,1
00Q000000003374,Neha Malhotra,HelixHealth,Engineer,Individual,Retail,98,Partner,1,1,4,1,0,3,0,90,115,1,0,0,0
00Q000000003375,Vikram Joshi,LumenSystems,VP Marketing,VP,Retail,17,Referral,0,0,2,2,0,0,0,7,70,0,1,0,0
00Q000000003376,Sanjay Gupta,CobaltHealth,Head of Ops,Director,Other,561,Cold Outbound,2,0,5,0,0,1,1,18,82,1,0,1,1
00Q000000003377,Aarav Nair,ZenDynamics,Engineer,Individual,Healthcare,661,Event,0,0,2,2,0,1,0,6,33,1,0,0,0
00Q000000003378,Divya Bose,OrbitHealth,Sales Manager,Manager,Technology,140,Web,2,0,1,0,0,0,1,8,12,1,0,0,0
00Q000000003379,Amit Nair,ApexDynamics,Engineer,Individual,Healthcare,68,Cold Outbound,5,3,3,1,1,1,0,14,111,1,0,0,0
00Q000000003380,Isha Rao,HelixGroup,IT Manager,Manager,Education,253,Web,2,2,2,0,0,0,0,9,84,1,0,0,0
00Q000000003381,Dev Reddy,PioneerPartners,Sales Manager,Manager,Education,72,Cold Outbound,4,2,2,1,0,1,1,8,52,1,0,1,1
00Q000000003382,Karan Mehta,HelixWorks,Engineer,Individual,Healthcare,4,Paid Ad,6,4,8,3,1,2,0,5,116,1,0,1,1
00Q000000003383,Isha Das,LumenSystems,VP Marketing,VP,Retail,231,Cold Outbound,0,1,3,0,0,1,2,26,14,0,0,0,0
00Q000000003384,Divya Singh,SummitLabs,Analyst,Individual,Finance,379,Web,3,0,1,1,1,3,0,29,81,1,0,1,1
00Q000000003385,Neha Khan,BlueSolutions,Sales Manager,Manager,Technology,864,Event,1,1,2,1,0,0,0,90,110,1,0,0,0
00Q000000003386,Vikram Singh,SummitDynamics,Director of Sales,Director,Manufacturing,33,Cold Outbound,2,0,2,0,0,2,0,26,89,1,0,0,1
00Q000000003387,Kavya Rao,QuantaGroup,COO,C-Level,Healthcare,139,Cold Outbound,3,2,2,2,0,3,0,8,77,0,0,0,0
00Q000000003388,Rohan Rao,ApexGroup,Sales Manager,Manager,Technology,144,Cold Outbound,1,0,0,0,0,0,0,8,118,1,0,0,0
00Q000000003389,Rohan Sharma,ZenNetworks,VP Marketing,VP,Retail,113,Referral,4,1,1,0,0,1,0,24,108,1,0,0,0
00Q000000003390,Pooja Nair,ZenSystems,Ops Manager,Manager,Manufacturing,118,Paid Ad,5,0,0,0,0,3,0,10,93,1,0,0,0
00Q000000003391,Aarav Malhotra,SummitLabs,VP Marketing,VP,Manufacturing,105,Event,2,0,1,0,0,0,0,8,58,1,0,0,0
00Q000000003392,Divya Malhotra,HelixDynamics,Engineer,Individual,Technology,136,Referral,0,0,1,1,0,2,0,3,110,1,0,0,1
00Q000000003393,Rohan Iyer,SummitNetworks,Director of Sales,Director,Finance,302,Paid Ad,3,0,0,0,0,2,1,10,85,0,0,0,0
00Q000000003394,Dev Joshi,BlueIndustries,Engineer,Individual,Retail,620,Paid Ad,1,0,2,0,0,3,0,1,92,1,1,0,0
00Q000000003395,Ananya Patel,SummitDynamics,CFO,C-Level,Education,31,Event,4,1,2,2,3,2,0,13,8,0,0,0,1
00Q000000003396,Meera Rao,VertexDynamics,CTO,C-Level,Technology,76,Web,3,1,1,1,1,1,0,4,28,1,0,0,1
00Q000000003397,Meera Verma,LumenSolutions,Sales Manager,Manager,Education,52,Partner,0,0,4,0,0,0,3,21,34,1,0,0,0
00Q000000003398,Neha Malhotra,ZenLabs,Sales Manager,Manager,Education,42,Cold Outbound,2,2,1,0,1,0,1,59,90,1,0,0,0
00Q000000003399,Sneha Rao,SummitPartners,Sales Manager,Manager,Education,8,Referral,1,1,0,0,0,1,1,9,51,1,0,0,0
00Q000000003400,Isha Nair,NovaSystems,Coordinator,Individual,Manufacturing,103,Cold Outbound,2,0,4,0,1,2,0,1,4,1,0,0,0
00Q000000003401,Neha Mehta,ApexSystems,Director of Sales,Director,Finance,204,Cold Outbound,3,1,3,0,0,5,1,35,15,1,0,0,0
00Q000000003402,Vikram Mehta,LumenNetworks,Director of IT,Director,Retail,78,Web,0,1,1,1,0,1,0,12,47,1,0,0,0
00Q000000003403,Sanjay Iyer,CobaltSolutions,Sales Manager,Manager,Healthcare,98,Paid Ad,6,1,4,0,0,2,0,13,110,1,0,0,0
00Q000000003404,Isha Reddy,BlueSystems,Coordinator,Individual,Technology,186,Cold Outbound,3,0,3,0,0,1,1,4,79,0,0,0,0
00Q000000003405,Nikhil Mehta,SummitWorks,VP Sales,VP,Healthcare,826,Paid Ad,0,0,0,0,0,1,0,57,66,1,0,0,0
00Q000000003406,Neha Verma,PioneerSystems,Engineer,Individual,Healthcare,53,Web,3,1,4,2,0,0,0,0,43,1,0,0,1
00Q000000003407,Neha Sharma,SummitLabs,Director of IT,Director,Manufacturing,17,Paid Ad,6,2,6,1,1,1,1,1,31,1,0,1,1
00Q000000003408,Pooja Iyer,LumenDynamics,Engineer,Individual,Other,86,Partner,2,1,2,1,0,1,2,26,27,1,0,1,0
00Q000000003409,Sanjay Malhotra,BlueIndustries,Engineer,Individual,Healthcare,1677,Paid Ad,2,3,2,0,0,2,3,3,70,1,0,0,0
00Q000000003410,Karan Singh,OrbitIndustries,Analyst,Individual,Finance,17,Web,1,0,0,0,0,0,0,43,108,0,0,0,0
00Q000000003411,Neha Kapoor,OrbitDynamics,Sales Manager,Manager,Other,263,Web,1,0,1,0,0,1,1,32,2,1,1,0,0
00Q000000003412,Sneha Khan,QuantaLabs,Head of Ops,Director,Finance,565,Partner,1,1,2,0,0,1,2,17,18,0,0,0,0
00Q000000003413,Divya Iyer,ApexSolutions,Sales Manager,Manager,Technology,2,Event,1,2,5,0,1,1,1,31,94,1,0,0,0
00Q000000003414,Karan Das,QuantaSolutions,Director of Sales,Director,Education,184,Cold Outbound,1,1,1,0,1,2,0,5,13,1,0,0,0
00Q000000003415,Neha Joshi,OrbitHealth,Director of IT,Director,Other,245,Event,3,1,3,2,0,2,0,43,51,0,0,0,1
00Q000000003416,Rahul Malhotra,PioneerNetworks,Engineer,Individual,Retail,66,Cold Outbound,1,0,1,1,0,1,1,7,59,1,0,0,0
00Q000000003417,Karan Reddy,VertexHealth,Engineer,Individual,Healthcare,37,Web,2,3,4,0,0,1,3,13,22,0,0,0,0
00Q000000003418,Nikhil Sharma,BlueHealth,Director of IT,Director,Manufacturing,41,Cold Outbound,2,0,2,1,0,2,0,45,113,0,0,0,0
00Q000000003419,Kavya Malhotra,ZenIndustries,Director of Sales,Director,Education,60,Cold Outbound,3,1,6,0,0,0,2,6,98,1,0,1,1
00Q000000003420,Vikram Malhotra,SummitNetworks,Sales Manager,Manager,Other,63,Referral,0,1,1,0,0,2,0,90,8,1,0,0,0
00Q000000003421,Meera Singh,CobaltGroup,Coordinator,Individual,Technology,47,Referral,4,1,1,1,1,0,0,1,70,1,0,0,1
00Q000000003422,Amit Reddy,SummitWorks,VP Marketing,VP,Education,59,Cold Outbound,5,3,7,3,0,0,0,33,81,1,0,0,1
00Q000000003423,Rohan Nair,OrbitNetworks,Coordinator,Individual,Manufacturing,593,Partner,2,0,3,0,0,0,0,8,12,1,1,0,0
00Q000000003424,Divya Sharma,PioneerIndustries,Director of Sales,Director,Technology,16,Paid Ad,10,5,12,1,1,5,2,1,69,1,0,1,1
00Q000000003425,Rohan Reddy,CobaltHealth,Analyst,Individual,Technology,7,Event,3,0,3,0,0,1,0,90,50,1,0,0,0
00Q000000003426,Arjun Patel,BlueGroup,Head of Ops,Director,Technology,608,Cold Outbound,1,0,1,0,1,2,2,2,32,1,0,1,1
00Q000000003427,Dev Reddy,QuantaDynamics,Sales Manager,Manager,Other,74,Partner,3,2,2,1,1,3,3,3,97,1,0,0,0
00Q000000003428,Dev Reddy,LumenSystems,Director of Sales,Director,Healthcare,55,Event,4,3,4,0,3,1,1,11,1,1,0,1,1
00Q000000003429,Priya Reddy,QuantaSystems,Analyst,Individual,Retail,84,Event,2,1,2,1,0,1,1,16,32,0,1,1,1
00Q000000003430,Karan Joshi,NovaDynamics,Sales Manager,Manager,Technology,136,Web,2,0,1,0,0,0,0,13,13,1,0,0,0
00Q000000003431,Isha Das,LumenSolutions,Engineer,Individual,Education,45,Partner,5,1,2,1,0,0,1,1,77,1,0,1,1
00Q000000003432,Sanjay Gupta,HelixSystems,Director of Sales,Director,Healthcare,212,Cold Outbound,2,0,1,0,0,2,1,7,112,1,0,0,0
00Q000000003433,Amit Rao,QuantaWorks,Engineer,Individual,Other,23,Referral,5,1,3,2,0,1,2,6,9,0,1,0,0
00Q000000003434,Ananya Khan,ZenIndustries,Coordinator,Individual,Manufacturing,63,Referral,3,0,1,0,0,0,0,5,69,1,0,0,0
00Q000000003435,Dev Gupta,OrbitSolutions,Head of Ops,Director,Education,3,Web,2,0,1,0,1,4,0,4,11,1,0,1,0
00Q000000003436,Nikhil Patel,CobaltPartners,Engineer,Individual,Manufacturing,577,Web,1,0,2,1,1,0,1,36,63,1,0,0,0
00Q000000003437,Pooja Nair,HelixLabs,Engineer,Individual,Manufacturing,76,Cold Outbound,4,2,2,1,0,1,0,15,62,1,0,0,0
00Q000000003438,Vikram Gupta,OrbitSolutions,VP Sales,VP,Other,271,Partner,2,2,1,0,0,0,0,20,10,1,0,0,0
00Q000000003439,Vikram Singh,NovaSystems,VP Engineering,VP,Healthcare,203,Event,6,2,2,1,2,2,0,3,63,1,0,0,1
00Q000000003440,Priya Rao,SummitGroup,VP Marketing,VP,Other,226,Web,4,4,8,1,1,0,3,1,87,1,0,0,1
00Q000000003441,Vikram Bose,ZenPartners,Sales Manager,Manager,Technology,98,Web,2,1,2,0,2,0,1,40,3,1,0,0,0
00Q000000003442,Dev Nair,PioneerWorks,Sales Manager,Manager,Retail,178,Paid Ad,1,1,1,0,0,1,1,4,32,1,0,0,1
00Q000000003443,Neha Verma,OrbitHealth,Director of IT,Director,Other,23,Web,1,1,2,0,1,1,0,3,116,1,0,0,1
00Q000000003444,Meera Reddy,BlueWorks,Engineer,Individual,Other,17,Referral,2,3,3,0,1,2,0,8,69,1,0,0,1
00Q000000003445,Rohan Gupta,ZenIndustries,Head of Ops,Director,Healthcare,85,Cold Outbound,2,1,2,0,0,0,0,9,55,1,0,0,0
00Q000000003446,Sneha Joshi,LumenSolutions,Engineer,Individual,Healthcare,35,Paid Ad,1,1,1,0,0,3,1,5,85,0,0,0,0
00Q000000003447,Kavya Iyer,ApexSystems,VP Engineering,VP,Education,844,Partner,2,3,2,1,0,1,1,2,25,0,0,0,1
00Q000000003448,Riya Das,ZenWorks,Director of IT,Director,Finance,174,Web,1,0,2,0,0,0,0,3,76,0,0,0,0
00Q000000003449,Neha Bose,SummitDynamics,IT Manager,Manager,Other,33,Referral,3,1,4,0,0,0,0,12,115,1,1,0,0
00Q000000003450,Neha Iyer,SummitPartners,IT Manager,Manager,Finance,66,Cold Outbound,0,0,1,0,0,2,0,7,102,0,0,0,0
00Q000000003451,Sneha Reddy,NovaIndustries,Engineer,Individual,Technology,121,Partner,6,3,5,1,0,0,1,24,112,0,0,0,1
00Q000000003452,Nikhil Das,SummitSystems,Ops Manager,Manager,Retail,89,Paid Ad,4,3,7,0,0,0,0,10,108,1,1,1,1
00Q000000003453,Vikram Singh,CobaltWorks,Director of Sales,Director,Healthcare,149,Paid Ad,4,0,4,0,0,1,1,8,104,0,1,1,1
00Q000000003454,Kavya Das,QuantaSystems,Sales Manager,Manager,Finance,110,Web,11,2,6,1,0,1,0,5,81,0,1,0,1
00Q000000003455,Riya Mehta,HelixGroup,IT Manager,Manager,Finance,12,Paid Ad,3,0,2,0,1,2,0,48,7,1,1,0,0
00Q000000003456,Amit Joshi,ApexWorks,Engineer,Individual,Other,3,Web,2,1,1,1,1,1,1,30,106,1,0,0,0
00Q000000003457,Riya Gupta,PioneerNetworks,Head of Ops,Director,Manufacturing,56,Web,0,0,2,0,0,0,0,45,26,1,0,0,0
00Q000000003458,Dev Patel,VertexLabs,IT Manager,Manager,Other,230,Event,1,1,2,0,0,0,0,26,118,1,1,0,1
00Q000000003459,Sanjay Joshi,LumenHealth,Engineer,Individual,Finance,57,Web,8,3,5,1,1,0,0,5,36,1,0,0,1
00Q000000003460,Karan Nair,CobaltDynamics,CTO,C-Level,Healthcare,635,Web,3,1,3,0,0,2,1,54,99,0,0,0,1
00Q000000003461,Pooja Gupta,BlueDynamics,IT Manager,Manager,Technology,92,Web,0,0,0,0,0,0,0,16,100,0,0,0,0
00Q000000003462,Ananya Malhotra,VertexLabs,Ops Manager,Manager,Healthcare,761,Referral,0,0,5,0,0,1,1,15,65,1,0,0,0
00Q000000003463,Arjun Rao,QuantaWorks,CTO,C-Level,Technology,559,Cold Outbound,1,2,1,0,1,1,1,10,108,0,0,0,0
00Q000000003464,Divya Verma,OrbitPartners,IT Manager,Manager,Technology,481,Cold Outbound,4,1,4,0,0,1,0,4,117,1,0,1,1
00Q000000003465,Vikram Rao,HelixSystems,COO,C-Level,Healthcare,16,Web,10,3,7,1,0,2,2,5,8,1,0,1,1
00Q000000003466,Ananya Das,ZenNetworks,Director of IT,Director,Retail,102,Web,6,2,6,2,1,1,3,2,10,1,0,0,1
00Q000000003467,Vikram Rao,NovaWorks,Director of IT,Director,Healthcare,622,Cold Outbound,0,0,0,0,0,1,0,11,94,1,1,0,0
00Q000000003468,Divya Khan,PioneerPartners,Coordinator,Individual,Manufacturing,149,Web,7,3,5,1,0,1,4,18,108,1,0,0,0
00Q000000003469,Rahul Verma,CobaltGroup,Coordinator,Individual,Healthcare,228,Partner,7,5,7,3,0,2,0,11,8,1,0,0,0
00Q000000003470,Sneha Bose,OrbitWorks,Ops Manager,Manager,Manufacturing,12,Web,0,0,0,0,0,0,2,26,72,0,0,0,0
00Q000000003471,Karan Malhotra,LumenLabs,Analyst,Individual,Retail,1769,Paid Ad,0,1,1,0,0,0,0,2,22,1,1,0,0
00Q000000003472,Isha Iyer,PioneerSystems,Coordinator,Individual,Education,30,Web,4,1,7,1,0,1,2,54,61,0,0,0,0
00Q000000003473,Kavya Singh,HelixWorks,Ops Manager,Manager,Education,4,Partner,2,1,3,0,0,2,1,3,17,1,1,0,0
00Q000000003474,Vikram Gupta,PioneerWorks,Director of Sales,Director,Technology,58,Event,2,0,0,0,0,0,1,12,66,1,0,0,0
00Q000000003475,Divya Kapoor,PioneerIndustries,Engineer,Individual,Healthcare,2,Web,4,1,3,0,0,3,0,8,86,1,0,0,0
00Q000000003476,Kavya Das,QuantaPartners,Director of Sales,Director,Education,19,Event,0,1,0,0,0,1,0,26,69,1,0,0,0
00Q000000003477,Sneha Verma,HelixWorks,CEO,C-Level,Other,4618,Event,1,1,4,1,0,2,2,10,31,0,0,0,1
00Q000000003478,Rohan Iyer,PioneerDynamics,Head of Ops,Director,Manufacturing,56,Cold Outbound,4,1,4,3,0,3,0,4,43,0,0,1,1
00Q000000003479,Pooja Das,CobaltGroup,Director of Sales,Director,Healthcare,11,Event,3,2,1,0,0,1,2,4,30,1,0,0,0
00Q000000003480,Amit Gupta,ZenSystems,Director of IT,Director,Retail,103,Web,0,1,4,1,1,2,0,6,95,1,0,0,0
00Q000000003481,Aarav Reddy,VertexSystems,Coordinator,Individual,Other,25,Paid Ad,1,1,2,0,2,1,2,0,59,1,0,1,0
00Q000000003482,Dev Mehta,CobaltGroup,Sales Manager,Manager,Healthcare,363,Web,2,2,2,0,1,1,2,26,66,1,0,0,0
00Q000000003483,Pooja Sharma,PioneerIndustries,CEO,C-Level,Technology,26,Cold Outbound,7,3,3,3,0,0,0,54,65,1,0,1,1
00Q000000003484,Nikhil Reddy,OrbitNetworks,Director of Sales,Director,Education,149,Cold Outbound,1,2,2,1,0,2,0,35,2,1,0,0,0
00Q000000003485,Priya Khan,SummitSolutions,Director of Sales,Director,Retail,17,Web,3,2,5,0,1,3,1,13,10,1,1,1,0
00Q000000003486,Kavya Kapoor,ZenHealth,COO,C-Level,Technology,4907,Paid Ad,5,1,5,0,0,0,2,13,23,0,0,0,1
00Q000000003487,Karan Mehta,SummitIndustries,Analyst,Individual,Finance,211,Paid Ad,3,1,1,1,1,1,1,11,28,0,1,0,0
00Q000000003488,Aarav Iyer,PioneerSystems,Ops Manager,Manager,Manufacturing,79,Web,2,0,0,0,0,2,0,11,27,1,0,0,1
00Q000000003489,Isha Malhotra,NovaHealth,Head of Ops,Director,Retail,64,Paid Ad,3,0,1,1,0,1,3,7,49,0,0,0,0
00Q000000003490,Amit Singh,LumenLabs,Coordinator,Individual,Education,43,Event,1,1,0,0,1,0,0,8,22,1,0,0,0
00Q000000003491,Rahul Khan,VertexGroup,Ops Manager,Manager,Technology,31,Event,2,0,2,0,0,1,0,1,95,1,0,0,0
00Q000000003492,Pooja Sharma,CobaltLabs,VP Marketing,VP,Technology,30,Paid Ad,3,1,2,0,0,3,0,10,37,0,1,0,0
00Q000000003493,Dev Reddy,NovaPartners,Director of Sales,Director,Retail,1233,Paid Ad,2,1,1,0,0,2,0,7,9,1,0,0,0
00Q000000003494,Vikram Iyer,ApexGroup,Engineer,Individual,Technology,43,Paid Ad,1,1,2,1,0,1,0,6,85,1,0,0,0
00Q000000003495,Ananya Gupta,BlueGroup,Director of IT,Director,Healthcare,4,Event,3,0,2,0,0,0,0,15,111,1,0,0,0
00Q000000003496,Dev Iyer,ApexLabs,Coordinator,Individual,Manufacturing,17,Paid Ad,6,1,5,1,0,2,2,8,1,0,0,0,1
00Q000000003497,Meera Verma,HelixLabs,VP Engineering,VP,Finance,400,Event,3,3,5,0,2,0,3,7,70,1,0,0,1
00Q000000003498,Arjun Gupta,VertexDynamics,Analyst,Individual,Education,68,Paid Ad,2,0,0,0,0,1,0,5,42,1,1,1,0
00Q000000003499,Divya Khan,BlueIndustries,VP Marketing,VP,Technology,81,Web,2,1,1,0,1,1,3,7,57,1,0,0,1
00Q000000003500,Pooja Malhotra,OrbitHealth,IT Manager,Manager,Retail,575,Paid Ad,1,0,1,1,0,0,1,13,104,0,0,0,0
00Q000000003501,Rahul Gupta,NovaWorks,IT Manager,Manager,Retail,31,Event,2,1,7,0,0,3,1,3,88,1,0,0,0
00Q000000003502,Riya Kapoor,LumenIndustries,Sales Manager,Manager,Manufacturing,256,Referral,6,1,5,0,0,2,1,5,116,1,0,1,1
00Q000000003503,Divya Nair,HelixSystems,Coordinator,Individual,Education,36,Web,3,0,0,0,1,0,1,2,23,1,0,0,0
00Q000000003504,Riya Patel,ApexIndustries,Sales Manager,Manager,Technology,235,Event,4,1,2,0,0,1,0,54,51,1,0,0,0
00Q000000003505,Nikhil Iyer,PioneerGroup,VP Marketing,VP,Education,55,Web,6,3,4,1,0,2,1,1,4,1,0,0,1
00Q000000003506,Dev Malhotra,QuantaPartners,VP Sales,VP,Technology,69,Event,0,1,6,1,0,3,0,19,76,0,0,0,1
00Q000000003507,Ananya Singh,PioneerSystems,Engineer,Individual,Other,340,Referral,2,1,2,0,0,1,0,14,102,1,1,0,0
00Q000000003508,Amit Joshi,SummitHealth,Head of Ops,Director,Technology,305,Paid Ad,3,2,2,0,1,0,2,3,38,1,0,0,0
00Q000000003509,Kavya Singh,HelixNetworks,VP Sales,VP,Manufacturing,77,Cold Outbound,4,0,5,0,0,2,0,31,64,1,0,0,0
00Q000000003510,Arjun Malhotra,CobaltIndustries,VP Marketing,VP,Technology,49,Cold Outbound,1,0,3,1,1,3,1,12,55,1,0,0,1
00Q000000003511,Nikhil Rao,CobaltSystems,Ops Manager,Manager,Healthcare,1095,Cold Outbound,1,0,0,0,0,1,0,5,118,1,0,0,0
00Q000000003512,Amit Khan,BlueHealth,Coordinator,Individual,Technology,240,Cold Outbound,1,0,1,1,0,5,0,7,94,1,1,0,1
00Q000000003513,Karan Das,BlueIndustries,CTO,C-Level,Technology,55,Web,3,1,2,1,0,1,2,4,75,1,0,0,1
00Q000000003514,Karan Das,PioneerSystems,IT Manager,Manager,Technology,37,Referral,1,2,0,0,1,2,2,13,78,1,0,0,1
00Q000000003515,Sneha Verma,ZenPartners,IT Manager,Manager,Technology,462,Referral,3,1,4,1,2,2,0,18,85,0,0,0,1
00Q000000003516,Arjun Patel,BlueSolutions,Head of Ops,Director,Retail,118,Web,3,3,1,1,0,1,4,4,81,0,1,0,1
00Q000000003517,Rahul Verma,SummitWorks,Coordinator,Individual,Healthcare,77,Cold Outbound,3,1,3,0,1,1,3,15,107,0,0,0,1
00Q000000003518,Priya Malhotra,NovaWorks,VP Engineering,VP,Technology,118,Cold Outbound,3,0,2,0,1,1,1,7,6,0,0,0,0
00Q000000003519,Riya Gupta,NovaSolutions,Engineer,Individual,Other,165,Paid Ad,3,1,6,1,0,4,0,9,84,1,1,0,0
00Q000000003520,Karan Rao,HelixIndustries,Head of Ops,Director,Retail,91,Cold Outbound,3,1,2,1,0,0,0,19,103,1,0,0,0
00Q000000003521,Divya Bose,LumenNetworks,COO,C-Level,Finance,605,Paid Ad,4,2,2,0,2,2,1,17,47,1,0,1,1
00Q000000003522,Vikram Iyer,QuantaGroup,CFO,C-Level,Healthcare,657,Event,1,2,0,0,0,2,0,6,28,1,1,1,1
00Q000000003523,Riya Joshi,LumenWorks,CEO,C-Level,Healthcare,220,Web,2,1,4,0,0,1,0,4,32,1,0,0,1
00Q000000003524,Priya Verma,OrbitSystems,VP Engineering,VP,Manufacturing,782,Cold Outbound,2,0,0,0,0,0,1,10,62,1,0,0,0
00Q000000003525,Rahul Singh,NovaGroup,Coordinator,Individual,Education,100,Paid Ad,7,2,6,0,1,1,2,5,56,0,0,1,1
00Q000000003526,Pooja Reddy,HelixNetworks,CFO,C-Level,Manufacturing,280,Referral,3,1,0,0,0,1,2,1,115,1,0,0,1
00Q000000003527,Amit Mehta,BlueNetworks,CTO,C-Level,Other,448,Web,3,0,0,0,0,0,0,10,57,0,0,0,0
00Q000000003528,Sanjay Singh,HelixSystems,Ops Manager,Manager,Retail,458,Partner,1,1,0,0,0,1,0,8,42,1,0,0,0
00Q000000003529,Rahul Mehta,PioneerHealth,Ops Manager,Manager,Other,393,Partner,2,0,4,0,0,2,1,5,55,0,0,0,1
00Q000000003530,Nikhil Iyer,LumenWorks,Coordinator,Individual,Manufacturing,256,Paid Ad,7,2,6,0,1,2,1,2,105,1,0,0,1
00Q000000003531,Arjun Joshi,QuantaGroup,Ops Manager,Manager,Retail,1873,Cold Outbound,2,0,3,1,1,1,1,15,53,0,0,0,0
00Q000000003532,Rohan Bose,CobaltHealth,Director of Sales,Director,Retail,44,Event,3,3,6,1,1,2,1,1,74,1,0,1,1
00Q000000003533,Sneha Nair,NovaSolutions,IT Manager,Manager,Retail,78,Cold Outbound,1,0,6,2,0,1,0,13,114,1,0,0,0
00Q000000003534,Rahul Mehta,NovaPartners,Ops Manager,Manager,Technology,72,Paid Ad,1,1,0,0,0,2,1,18,14,1,0,0,0
00Q000000003535,Meera Mehta,HelixNetworks,Sales Manager,Manager,Technology,57,Paid Ad,1,0,3,0,0,2,1,47,79,0,1,0,0
00Q000000003536,Vikram Singh,NovaSystems,Engineer,Individual,Technology,5,Cold Outbound,0,1,1,1,0,1,2,7,2,1,1,1,0
00Q000000003537,Rohan Joshi,LumenIndustries,CEO,C-Level,Finance,782,Cold Outbound,5,4,1,0,0,3,1,31,37,0,0,0,1
00Q000000003538,Pooja Iyer,BlueNetworks,Coordinator,Individual,Other,21,Referral,5,1,3,1,0,1,1,4,16,1,0,0,0
00Q000000003539,Divya Joshi,PioneerHealth,Engineer,Individual,Retail,128,Cold Outbound,2,0,2,1,0,3,0,11,104,1,0,0,0
00Q000000003540,Priya Malhotra,QuantaLabs,Analyst,Individual,Technology,11,Paid Ad,5,1,8,0,2,1,1,18,53,0,0,0,0
00Q000000003541,Amit Singh,SummitPartners,VP Sales,VP,Healthcare,252,Web,3,0,6,1,1,1,0,8,99,1,0,0,0
00Q000000003542,Riya Iyer,ApexDynamics,VP Engineering,VP,Finance,30,Paid Ad,4,0,1,1,0,1,1,5,92,0,0,0,0
00Q000000003543,Aarav Malhotra,LumenSystems,Analyst,Individual,Education,18,Event,2,2,7,0,0,0,2,2,32,1,0,0,0
00Q000000003544,Riya Sharma,BlueGroup,Engineer,Individual,Other,133,Paid Ad,5,2,0,0,0,2,0,19,39,1,0,0,0
00Q000000003545,Isha Mehta,CobaltSystems,Ops Manager,Manager,Technology,34,Event,2,0,0,0,0,0,0,12,85,1,1,0,0
00Q000000003546,Neha Singh,NovaNetworks,Engineer,Individual,Healthcare,42,Web,5,3,8,2,0,3,3,5,13,0,1,1,0
00Q000000003547,Ananya Bose,CobaltPartners,Head of Ops,Director,Other,128,Web,4,4,2,2,0,4,0,10,69,1,0,0,0
00Q000000003548,Rohan Kapoor,PioneerDynamics,Analyst,Individual,Retail,330,Partner,2,1,2,0,0,1,1,4,11,1,1,0,0
00Q000000003549,Sneha Bose,NovaPartners,IT Manager,Manager,Education,29,Web,2,3,2,1,0,0,3,10,45,1,0,0,0
00Q000000003550,Riya Patel,PioneerSolutions,Ops Manager,Manager,Finance,22,Paid Ad,2,0,0,0,0,1,0,10,56,1,0,0,0
00Q000000003551,Amit Rao,HelixNetworks,IT Manager,Manager,Technology,103,Paid Ad,1,1,1,0,0,1,0,5,53,1,1,0,1
00Q000000003552,Isha Reddy,QuantaHealth,Sales Manager,Manager,Retail,223,Web,6,2,5,0,0,0,2,4,61,1,0,1,1
00Q000000003553,Arjun Verma,HelixLabs,Engineer,Individual,Technology,892,Referral,1,0,1,1,0,0,0,53,72,1,1,0,0
00Q000000003554,Neha Reddy,HelixPartners,Engineer,Individual,Education,19,Event,5,0,4,0,2,4,2,3,114,1,1,0,1
00Q000000003555,Pooja Nair,HelixNetworks,Engineer,Individual,Retail,61,Cold Outbound,2,2,2,0,0,1,1,12,108,0,0,0,0
00Q000000003556,Neha Reddy,LumenNetworks,Coordinator,Individual,Finance,580,Cold Outbound,0,1,1,0,0,1,0,20,114,1,0,0,0
00Q000000003557,Amit Mehta,LumenLabs,COO,C-Level,Healthcare,1919,Event,9,2,5,1,0,2,3,4,79,1,0,0,1
00Q000000003558,Riya Singh,BlueDynamics,Engineer,Individual,Education,22,Web,2,1,3,1,1,2,0,49,101,1,0,0,0
00Q000000003559,Riya Iyer,LumenHealth,IT Manager,Manager,Other,32,Paid Ad,0,0,0,0,0,0,1,27,114,0,0,0,0
00Q000000003560,Dev Iyer,ApexIndustries,Engineer,Individual,Finance,176,Event,2,1,7,2,0,2,2,4,19,0,0,0,0
00Q000000003561,Amit Das,PioneerLabs,Director of Sales,Director,Education,41,Event,2,2,2,2,1,2,2,9,73,1,0,0,1
00Q000000003562,Amit Gupta,LumenHealth,CEO,C-Level,Technology,31,Event,2,1,3,0,0,0,0,0,116,1,0,0,1
00Q000000003563,Riya Reddy,CobaltIndustries,Director of IT,Director,Other,143,Paid Ad,2,1,1,0,0,2,0,13,93,0,0,0,0
00Q000000003564,Meera Gupta,BlueSolutions,Director of IT,Director,Retail,1016,Referral,3,1,1,1,0,3,1,52,34,1,1,0,0
00Q000000003565,Sneha Verma,PioneerHealth,VP Engineering,VP,Technology,13,Cold Outbound,5,1,6,1,0,1,0,5,91,1,0,1,1
00Q000000003566,Isha Bose,NovaIndustries,Sales Manager,Manager,Retail,941,Event,4,1,2,0,0,3,2,4,2,1,0,1,1
00Q000000003567,Amit Gupta,QuantaSolutions,VP Marketing,VP,Retail,42,Referral,1,0,1,0,0,0,0,19,105,1,0,0,0
00Q000000003568,Vikram Das,NovaNetworks,Director of IT,Director,Retail,167,Cold Outbound,5,1,4,0,0,4,0,1,39,0,0,0,1
00Q000000003569,Arjun Reddy,LumenSystems,Analyst,Individual,Finance,1081,Referral,1,1,6,0,1,0,0,20,37,1,1,0,0
00Q000000003570,Meera Malhotra,SummitPartners,Ops Manager,Manager,Retail,162,Web,2,3,2,1,0,2,1,5,79,0,1,0,1
00Q000000003571,Rohan Nair,LumenDynamics,Engineer,Individual,Education,63,Web,2,0,3,3,1,2,2,3,41,0,0,0,0
00Q000000003572,Nikhil Malhotra,CobaltWorks,Coordinator,Individual,Finance,292,Paid Ad,0,1,2,1,0,1,0,4,90,1,0,0,0
00Q000000003573,Amit Nair,HelixIndustries,VP Marketing,VP,Technology,76,Paid Ad,3,1,1,0,1,1,0,13,57,0,0,0,0
00Q000000003574,Arjun Singh,LumenDynamics,Coordinator,Individual,Other,217,Paid Ad,0,0,0,0,2,1,0,24,101,1,1,0,0
00Q000000003575,Kavya Patel,LumenPartners,Director of Sales,Director,Manufacturing,73,Web,2,0,0,0,0,1,0,16,57,1,0,0,0
00Q000000003576,Vikram Nair,VertexGroup,CTO,C-Level,Healthcare,362,Web,3,2,2,0,0,0,1,14,54,0,0,0,1
00Q000000003577,Karan Mehta,OrbitNetworks,Ops Manager,Manager,Education,12,Event,5,0,4,2,0,0,0,12,84,1,0,0,0
00Q000000003578,Aarav Rao,LumenIndustries,Ops Manager,Manager,Technology,21,Event,5,0,6,1,0,4,0,2,6,0,0,0,0
00Q000000003579,Rohan Kapoor,LumenDynamics,Director of Sales,Director,Education,12,Referral,0,0,1,0,0,2,0,29,23,1,0,0,0
00Q000000003580,Amit Reddy,VertexWorks,VP Engineering,VP,Healthcare,91,Event,2,1,6,1,0,2,1,10,56,1,0,0,1
00Q000000003581,Rohan Bose,LumenPartners,Coordinator,Individual,Technology,10,Paid Ad,7,7,6,1,2,0,3,3,24,1,0,1,1
00Q000000003582,Isha Khan,ApexDynamics,Coordinator,Individual,Other,35,Paid Ad,1,0,2,1,1,2,1,25,110,1,0,0,0
00Q000000003583,Isha Khan,VertexLabs,Director of Sales,Director,Retail,18,Paid Ad,3,1,2,0,1,0,1,8,20,1,0,0,0
00Q000000003584,Vikram Sharma,VertexPartners,CEO,C-Level,Technology,915,Paid Ad,2,0,3,2,1,0,0,14,108,1,0,1,1
00Q000000003585,Rohan Iyer,VertexSystems,Engineer,Individual,Other,22,Web,8,3,7,1,0,2,0,1,79,1,0,0,0
00Q000000003586,Karan Reddy,ApexDynamics,Ops Manager,Manager,Other,14,Paid Ad,3,1,2,0,0,1,0,42,14,0,0,0,0
00Q000000003587,Sanjay Rao,NovaHealth,COO,C-Level,Education,144,Web,1,0,0,0,1,1,1,33,23,0,1,0,0
00Q000000003588,Neha Bose,BlueDynamics,Coordinator,Individual,Technology,1249,Paid Ad,1,2,0,0,0,0,1,3,40,1,0,0,0
00Q000000003589,Karan Bose,QuantaWorks,Analyst,Individual,Technology,83,Event,3,0,4,0,0,1,0,3,75,1,1,0,0
00Q000000003590,Isha Mehta,CobaltPartners,IT Manager,Manager,Retail,93,Paid Ad,0,1,4,1,0,1,3,10,91,1,1,0,0
00Q000000003591,Amit Verma,HelixGroup,Coordinator,Individual,Other,689,Cold Outbound,6,5,5,3,0,1,0,25,104,1,0,0,1
00Q000000003592,Meera Rao,ZenDynamics,Analyst,Individual,Technology,371,Referral,5,4,5,1,1,2,0,12,51,1,0,0,1
00Q000000003593,Amit Rao,PioneerSystems,Director of Sales,Director,Healthcare,188,Web,1,0,2,1,0,0,1,7,69,1,0,0,1
00Q000000003594,Meera Iyer,BlueSystems,Director of IT,Director,Technology,41,Cold Outbound,3,1,0,0,0,0,1,11,108,1,0,0,0
00Q000000003595,Meera Singh,QuantaNetworks,Sales Manager,Manager,Healthcare,197,Referral,10,5,12,3,0,2,1,1,56,1,1,1,1
00Q000000003596,Pooja Malhotra,VertexSystems,IT Manager,Manager,Retail,12,Event,5,0,0,0,0,1,0,19,82,1,1,0,0
00Q000000003597,Neha Malhotra,ApexNetworks,Sales Manager,Manager,Technology,39,Referral,2,0,1,0,0,2,2,4,13,1,0,0,0
00Q000000003598,Rohan Das,LumenNetworks,Head of Ops,Director,Retail,851,Event,5,0,0,0,0,0,0,59,49,1,0,0,0
00Q000000003599,Kavya Das,BlueIndustries,VP Sales,VP,Manufacturing,701,Paid Ad,7,4,4,1,1,3,0,8,79,0,0,1,1
00Q000000003600,Divya Bose,QuantaHealth,Director of IT,Director,Healthcare,191,Cold Outbound,2,1,3,1,0,2,0,1,55,1,0,0,0
00Q000000003601,Arjun Joshi,SummitNetworks,Director of IT,Director,Other,5,Paid Ad,4,3,8,2,3,0,2,5,54,1,0,0,1
00Q000000003602,Kavya Iyer,PioneerIndustries,VP Sales,VP,Technology,16,Event,0,1,3,0,0,2,1,14,115,1,0,0,0
00Q000000003603,Isha Joshi,CobaltGroup,VP Sales,VP,Technology,35,Partner,7,2,3,0,1,4,2,1,59,1,0,0,1
00Q000000003604,Kavya Malhotra,PioneerNetworks,Coordinator,Individual,Healthcare,76,Cold Outbound,5,2,5,0,1,1,1,5,35,0,0,1,0
00Q000000003605,Rahul Bose,BlueNetworks,CEO,C-Level,Manufacturing,15,Web,3,2,4,1,0,1,1,14,61,1,0,0,1
00Q000000003606,Divya Khan,LumenLabs,VP Marketing,VP,Finance,68,Paid Ad,1,0,3,0,2,1,1,24,27,1,0,0,0
00Q000000003607,Riya Rao,QuantaDynamics,Sales Manager,Manager,Other,1409,Web,4,2,5,3,1,0,2,5,80,1,0,0,1
00Q000000003608,Sneha Das,CobaltDynamics,Engineer,Individual,Finance,181,Referral,3,1,4,1,2,3,1,5,82,1,1,0,1
00Q000000003609,Arjun Iyer,BlueDynamics,Director of Sales,Director,Finance,138,Partner,2,2,2,0,0,1,1,3,114,1,0,0,0
00Q000000003610,Vikram Mehta,SummitWorks,IT Manager,Manager,Education,21,Partner,3,2,3,0,0,0,1,5,31,0,1,0,0
00Q000000003611,Aarav Malhotra,VertexNetworks,Director of Sales,Director,Other,8,Cold Outbound,0,0,0,0,1,1,1,17,35,0,1,0,0
00Q000000003612,Karan Malhotra,LumenWorks,IT Manager,Manager,Manufacturing,15,Event,2,2,3,2,0,1,1,7,43,1,1,0,0
00Q000000003613,Ananya Bose,CobaltNetworks,Coordinator,Individual,Technology,8,Web,2,0,2,0,0,1,1,22,59,1,0,0,0
00Q000000003614,Karan Singh,SummitGroup,Analyst,Individual,Finance,111,Web,0,0,0,0,0,0,0,6,64,1,0,0,0
00Q000000003615,Neha Khan,LumenPartners,VP Sales,VP,Technology,176,Web,2,1,0,0,2,3,0,7,25,0,0,0,0
00Q000000003616,Aarav Sharma,CobaltWorks,Coordinator,Individual,Manufacturing,23,Referral,5,3,4,0,0,3,2,7,39,1,0,1,1
00Q000000003617,Amit Kapoor,HelixPartners,Head of Ops,Director,Retail,124,Paid Ad,2,0,1,0,0,4,1,27,102,0,0,0,0
00Q000000003618,Arjun Gupta,CobaltLabs,Engineer,Individual,Healthcare,900,Paid Ad,1,0,0,0,0,3,1,13,31,1,0,0,0
00Q000000003619,Pooja Bose,CobaltLabs,IT Manager,Manager,Manufacturing,1875,Web,0,1,5,0,0,1,2,4,2,0,1,0,0
00Q000000003620,Riya Iyer,SummitHealth,Ops Manager,Manager,Retail,315,Web,2,0,4,1,0,2,1,19,63,1,0,0,0
00Q000000003621,Meera Gupta,HelixPartners,Engineer,Individual,Finance,76,Web,3,1,1,1,1,1,1,7,30,0,0,0,1
00Q000000003622,Dev Verma,CobaltGroup,Director of IT,Director,Technology,301,Partner,1,0,0,0,1,1,0,6,53,1,0,0,0
00Q000000003623,Riya Verma,SummitWorks,Director of IT,Director,Education,755,Referral,6,2,7,0,0,1,0,4,114,1,0,0,1
00Q000000003624,Vikram Iyer,NovaLabs,Coordinator,Individual,Technology,4,Web,4,1,1,1,1,0,0,9,66,1,1,0,1
00Q000000003625,Riya Rao,NovaGroup,Ops Manager,Manager,Technology,918,Event,8,3,4,2,1,3,1,13,27,1,1,1,1
00Q000000003626,Karan Verma,BlueIndustries,Head of Ops,Director,Technology,43,Web,3,1,4,1,0,1,0,13,71,0,0,0,0
00Q000000003627,Isha Mehta,HelixGroup,Head of Ops,Director,Manufacturing,44,Referral,0,0,0,0,0,1,0,35,118,0,0,0,0
00Q000000003628,Dev Rao,HelixHealth,Ops Manager,Manager,Manufacturing,58,Cold Outbound,6,1,1,1,1,3,0,11,71,0,0,0,1
00Q000000003629,Dev Singh,LumenPartners,Head of Ops,Director,Manufacturing,160,Referral,3,0,6,1,0,1,0,20,47,1,0,0,1
00Q000000003630,Vikram Joshi,BlueWorks,Engineer,Individual,Healthcare,18,Web,3,1,3,3,1,3,1,5,64,1,1,0,1
00Q000000003631,Arjun Mehta,PioneerWorks,Coordinator,Individual,Manufacturing,64,Web,3,1,3,2,0,1,3,0,47,0,0,0,0
00Q000000003632,Rahul Khan,QuantaIndustries,Director of IT,Director,Technology,218,Web,3,0,1,0,0,1,0,49,56,1,0,0,1
00Q000000003633,Divya Patel,PioneerSolutions,Director of IT,Director,Education,138,Cold Outbound,2,3,4,1,0,0,0,13,75,1,0,0,0
00Q000000003634,Isha Verma,BlueIndustries,VP Marketing,VP,Other,176,Paid Ad,2,0,1,0,0,2,1,26,103,0,0,0,0
00Q000000003635,Kavya Malhotra,OrbitHealth,Coordinator,Individual,Manufacturing,61,Event,1,0,0,0,0,2,0,1,109,1,0,0,0
00Q000000003636,Rohan Malhotra,NovaGroup,Sales Manager,Manager,Finance,281,Paid Ad,1,2,1,1,0,2,3,35,118,1,0,0,0
00Q000000003637,Isha Patel,BlueGroup,Director of Sales,Director,Education,485,Web,3,1,4,1,0,3,1,29,88,1,0,0,0
00Q000000003638,Arjun Iyer,BlueIndustries,Coordinator,Individual,Technology,443,Event,2,2,8,1,0,0,0,50,107,1,0,0,0
00Q000000003639,Nikhil Reddy,HelixLabs,Sales Manager,Manager,Finance,188,Referral,2,1,1,0,0,0,0,5,50,1,0,0,1
00Q000000003640,Priya Das,VertexGroup,Director of Sales,Director,Other,406,Cold Outbound,1,0,1,1,1,1,1,2,11,0,0,0,0
00Q000000003641,Divya Das,ApexWorks,Engineer,Individual,Technology,367,Partner,2,0,8,1,0,2,1,2,70,1,0,1,1
00Q000000003642,Sneha Khan,ZenIndustries,IT Manager,Manager,Technology,5512,Referral,4,0,1,1,0,0,1,10,105,1,0,0,1
00Q000000003643,Sanjay Sharma,ZenGroup,Engineer,Individual,Manufacturing,618,Partner,3,0,4,0,0,1,0,20,19,1,1,0,0
00Q000000003644,Arjun Verma,VertexLabs,VP Sales,VP,Manufacturing,87,Web,5,2,1,1,0,2,1,6,71,1,0,0,0
00Q000000003645,Aarav Mehta,OrbitSolutions,Coordinator,Individual,Manufacturing,25,Web,1,0,1,1,0,0,0,30,51,1,0,0,0
00Q000000003646,Meera Rao,ZenPartners,Coordinator,Individual,Technology,67,Web,1,2,2,2,1,0,1,3,44,1,1,0,0
00Q000000003647,Isha Joshi,ApexDynamics,Engineer,Individual,Retail,60,Web,2,2,2,1,0,2,0,9,101,0,0,0,0
00Q000000003648,Divya Rao,NovaSolutions,Analyst,Individual,Finance,214,Web,9,0,6,2,0,5,0,5,51,1,0,0,1
00Q000000003649,Sanjay Das,LumenLabs,Analyst,Individual,Other,34,Cold Outbound,1,0,1,1,0,0,1,2,85,1,0,0,0
00Q000000003650,Isha Singh,BlueGroup,Director of Sales,Director,Technology,594,Referral,4,1,7,1,2,3,4,3,38,1,1,0,1
00Q000000003651,Pooja Mehta,QuantaHealth,Coordinator,Individual,Technology,12,Referral,9,1,4,0,0,0,1,7,47,0,0,0,0
00Q000000003652,Isha Malhotra,OrbitIndustries,Analyst,Individual,Manufacturing,8,Web,1,0,3,1,1,2,1,4,33,0,0,0,1
00Q000000003653,Arjun Malhotra,QuantaIndustries,Engineer,Individual,Technology,81,Web,3,1,2,2,0,1,0,4,117,0,0,0,0
00Q000000003654,Ananya Bose,LumenPartners,Ops Manager,Manager,Manufacturing,28,Web,3,1,8,1,0,4,2,8,92,1,0,0,0
00Q000000003655,Vikram Das,NovaHealth,Engineer,Individual,Technology,15,Web,2,3,1,1,0,3,2,1,23,1,1,0,0
00Q000000003656,Isha Singh,CobaltDynamics,Head of Ops,Director,Healthcare,38,Referral,2,2,0,0,0,2,0,25,37,1,0,0,0
00Q000000003657,Riya Reddy,OrbitPartners,Head of Ops,Director,Technology,31,Web,5,2,8,4,0,1,2,16,114,0,0,1,1
00Q000000003658,Aarav Das,SummitLabs,Director of Sales,Director,Healthcare,101,Web,0,0,1,0,0,1,0,9,14,0,0,0,0
00Q000000003659,Sanjay Gupta,ZenDynamics,Coordinator,Individual,Technology,39,Paid Ad,4,0,2,0,0,3,1,13,61,1,1,0,0
00Q000000003660,Ananya Sharma,NovaSystems,VP Engineering,VP,Finance,44,Cold Outbound,2,1,3,1,0,1,1,17,21,0,0,0,0
00Q000000003661,Amit Iyer,ZenDynamics,Director of IT,Director,Technology,98,Web,2,0,2,1,1,0,0,21,62,1,0,0,0
00Q000000003662,Karan Singh,NovaGroup,Coordinator,Individual,Education,455,Paid Ad,0,0,1,1,1,1,1,10,56,1,0,0,0
00Q000000003663,Priya Khan,HelixIndustries,Sales Manager,Manager,Retail,903,Paid Ad,4,0,3,0,1,2,0,19,95,1,0,0,0
00Q000000003664,Pooja Patel,VertexDynamics,Head of Ops,Director,Technology,124,Paid Ad,2,1,2,0,0,4,0,17,56,1,0,1,1
00Q000000003665,Kavya Rao,BlueSolutions,Ops Manager,Manager,Technology,139,Paid Ad,2,0,2,1,0,0,0,9,56,0,0,0,0
00Q000000003666,Rohan Gupta,ApexWorks,IT Manager,Manager,Technology,75,Event,3,3,4,0,0,3,1,3,109,1,0,0,0
00Q000000003667,Aarav Iyer,ZenWorks,Head of Ops,Director,Technology,204,Cold Outbound,0,1,0,0,0,1,0,5,97,1,0,0,0
00Q000000003668,Rahul Reddy,PioneerSolutions,Coordinator,Individual,Healthcare,178,Web,0,0,1,0,0,1,1,4,74,1,0,0,0
00Q000000003669,Karan Rao,LumenSystems,CTO,C-Level,Healthcare,726,Event,2,0,1,0,0,3,1,6,97,0,0,0,1
00Q000000003670,Divya Rao,BlueIndustries,Coordinator,Individual,Other,5,Paid Ad,2,2,3,2,1,2,0,8,9,1,0,0,0
00Q000000003671,Nikhil Joshi,LumenIndustries,Analyst,Individual,Education,69,Cold Outbound,4,3,2,0,0,0,1,3,81,1,0,0,0
00Q000000003672,Pooja Patel,OrbitPartners,Coordinator,Individual,Technology,165,Event,4,0,7,2,1,0,1,4,114,1,0,0,0
00Q000000003673,Meera Rao,PioneerHealth,IT Manager,Manager,Technology,95,Cold Outbound,1,1,1,1,0,1,1,6,28,1,0,0,1
00Q000000003674,Amit Das,PioneerHealth,VP Sales,VP,Technology,24,Paid Ad,1,0,0,0,0,1,0,31,44,1,0,0,0
00Q000000003675,Meera Nair,BlueWorks,VP Engineering,VP,Technology,14,Paid Ad,7,3,6,0,4,3,3,5,112,1,0,0,1
00Q000000003676,Pooja Patel,ZenNetworks,VP Marketing,VP,Manufacturing,333,Partner,0,1,1,0,0,2,0,20,53,1,0,0,0
00Q000000003677,Riya Patel,BlueIndustries,Ops Manager,Manager,Technology,31,Paid Ad,2,0,6,1,1,3,0,5,31,1,0,0,0
00Q000000003678,Pooja Verma,CobaltWorks,IT Manager,Manager,Technology,7,Paid Ad,5,0,0,0,1,0,0,8,80,1,0,0,0
00Q000000003679,Kavya Mehta,SummitWorks,IT Manager,Manager,Technology,359,Partner,1,2,2,0,0,3,1,8,50,1,0,0,0
00Q000000003680,Amit Singh,SummitDynamics,Coordinator,Individual,Retail,198,Web,3,1,5,0,0,1,1,3,90,0,1,0,0
00Q000000003681,Dev Kapoor,QuantaDynamics,VP Sales,VP,Technology,83,Cold Outbound,1,0,6,1,0,2,1,7,100,0,0,0,1
00Q000000003682,Amit Nair,PioneerIndustries,IT Manager,Manager,Other,25,Cold Outbound,2,0,4,2,0,2,1,6,93,1,0,0,0
00Q000000003683,Neha Mehta,LumenWorks,Sales Manager,Manager,Healthcare,83,Paid Ad,3,0,1,0,0,0,0,3,99,1,0,0,1
00Q000000003684,Aarav Rao,NovaDynamics,Sales Manager,Manager,Finance,616,Web,0,0,2,0,0,1,0,8,27,0,0,0,0
00Q000000003685,Nikhil Bose,QuantaPartners,Director of IT,Director,Healthcare,8,Referral,3,1,6,0,0,2,0,5,32,1,0,0,1
00Q000000003686,Rohan Patel,BlueDynamics,Coordinator,Individual,Manufacturing,9,Web,0,0,0,0,0,1,1,6,92,1,1,0,0
00Q000000003687,Riya Malhotra,NovaSolutions,Head of Ops,Director,Healthcare,38,Web,3,2,1,1,1,0,1,26,56,1,0,1,1
00Q000000003688,Neha Sharma,CobaltIndustries,Director of IT,Director,Healthcare,95,Paid Ad,9,3,14,2,2,1,1,9,26,1,0,0,1
00Q000000003689,Ananya Kapoor,ZenDynamics,VP Engineering,VP,Finance,47,Cold Outbound,3,3,6,0,0,2,3,4,3,1,0,0,0
00Q000000003690,Rohan Khan,BlueNetworks,Analyst,Individual,Finance,260,Paid Ad,2,0,1,0,2,1,0,9,85,0,0,0,0
00Q000000003691,Karan Malhotra,SummitPartners,Engineer,Individual,Technology,509,Event,0,1,1,1,0,3,2,6,94,1,0,0,0
00Q000000003692,Nikhil Sharma,NovaIndustries,Ops Manager,Manager,Retail,151,Cold Outbound,0,0,0,0,0,0,0,16,66,1,0,0,0
00Q000000003693,Meera Gupta,OrbitGroup,VP Marketing,VP,Manufacturing,230,Cold Outbound,2,1,1,0,0,0,0,27,26,1,0,0,0
00Q000000003694,Vikram Rao,BlueDynamics,CEO,C-Level,Retail,149,Paid Ad,3,4,3,1,0,0,1,2,102,0,0,0,1
00Q000000003695,Isha Verma,PioneerGroup,Ops Manager,Manager,Other,100,Event,0,1,3,0,0,1,2,7,28,1,0,0,0
00Q000000003696,Rahul Das,HelixSystems,Coordinator,Individual,Healthcare,14,Paid Ad,4,0,2,0,1,1,1,12,64,1,0,0,0
00Q000000003697,Meera Mehta,HelixPartners,Coordinator,Individual,Other,21,Event,4,1,1,0,0,2,1,3,103,1,0,0,0
00Q000000003698,Dev Singh,SummitSystems,Head of Ops,Director,Healthcare,13,Web,1,1,3,0,0,3,0,17,49,1,0,0,0
00Q000000003699,Kavya Reddy,BlueWorks,Coordinator,Individual,Healthcare,79,Paid Ad,1,0,1,1,0,1,0,39,20,0,1,0,0
00Q000000003700,Vikram Verma,SummitLabs,Sales Manager,Manager,Manufacturing,140,Paid Ad,2,0,1,0,0,0,0,17,53,0,0,0,0
00Q000000003701,Sanjay Singh,SummitIndustries,VP Marketing,VP,Technology,11,Referral,2,0,3,0,0,2,0,24,62,0,0,0,1
00Q000000003702,Pooja Iyer,HelixPartners,Ops Manager,Manager,Technology,110,Cold Outbound,0,1,1,1,0,2,1,5,43,1,0,0,0
00Q000000003703,Kavya Das,VertexPartners,Ops Manager,Manager,Manufacturing,26,Cold Outbound,0,0,0,0,0,0,0,11,49,1,0,0,0
00Q000000003704,Sanjay Bose,VertexHealth,Engineer,Individual,Technology,20,Paid Ad,5,2,3,0,0,3,0,19,8,1,1,0,0
00Q000000003705,Aarav Khan,SummitGroup,Coordinator,Individual,Technology,38,Web,5,1,3,0,0,1,1,3,52,0,1,0,0
00Q000000003706,Divya Nair,LumenSystems,Head of Ops,Director,Education,18,Web,1,0,4,0,0,3,1,3,103,1,1,0,0
00Q000000003707,Nikhil Singh,PioneerWorks,Sales Manager,Manager,Healthcare,247,Paid Ad,4,0,6,0,0,0,1,7,24,1,0,0,1
00Q000000003708,Arjun Iyer,ApexGroup,Analyst,Individual,Technology,77,Partner,2,1,1,0,0,0,0,8,105,1,0,0,0
00Q000000003709,Priya Patel,BlueWorks,Coordinator,Individual,Technology,337,Event,6,0,1,0,1,1,0,29,75,1,0,0,0
00Q000000003710,Nikhil Verma,VertexWorks,Engineer,Individual,Other,51,Web,2,2,4,1,1,1,0,20,93,1,0,1,1
00Q000000003711,Meera Rao,QuantaWorks,Director of IT,Director,Other,54,Web,1,1,5,0,1,2,1,7,79,1,0,0,0
00Q000000003712,Arjun Rao,VertexHealth,Director of Sales,Director,Retail,1652,Web,1,2,1,1,0,2,0,7,85,0,0,0,1
00Q000000003713,Priya Malhotra,HelixNetworks,IT Manager,Manager,Technology,8,Paid Ad,5,1,1,0,1,1,1,6,38,1,0,0,0
00Q000000003714,Karan Khan,ZenSystems,Sales Manager,Manager,Finance,683,Event,2,1,3,2,0,3,2,4,59,1,0,0,0
00Q000000003715,Amit Das,LumenGroup,Analyst,Individual,Finance,1190,Web,2,0,4,0,0,2,0,7,98,1,0,0,0
00Q000000003716,Amit Sharma,LumenSystems,Sales Manager,Manager,Education,313,Event,5,2,2,0,0,3,1,2,25,1,0,0,1
00Q000000003717,Ananya Mehta,VertexWorks,Analyst,Individual,Manufacturing,60,Cold Outbound,4,1,2,0,0,2,2,6,82,1,1,0,0
00Q000000003718,Pooja Das,HelixGroup,CEO,C-Level,Retail,845,Event,3,3,1,1,1,1,0,4,51,0,0,0,1
00Q000000003719,Divya Bose,ZenWorks,Coordinator,Individual,Finance,61,Web,3,1,3,1,1,0,1,12,19,1,0,0,0
00Q000000003720,Rahul Verma,BlueLabs,Ops Manager,Manager,Education,34,Paid Ad,1,2,1,1,1,1,0,21,19,1,0,0,0
00Q000000003721,Rohan Bose,LumenDynamics,Coordinator,Individual,Healthcare,55,Cold Outbound,5,2,4,0,1,3,1,10,98,0,0,0,0
00Q000000003722,Pooja Verma,BlueSolutions,Director of Sales,Director,Healthcare,42,Web,4,0,3,2,0,1,1,9,93,1,0,0,1
00Q000000003723,Meera Nair,SummitIndustries,Coordinator,Individual,Healthcare,24,Web,7,2,1,0,0,3,0,14,7,0,0,0,1
00Q000000003724,Amit Mehta,VertexLabs,CTO,C-Level,Manufacturing,525,Paid Ad,2,1,3,1,1,0,1,9,34,0,0,1,0
00Q000000003725,Dev Nair,QuantaNetworks,Analyst,Individual,Other,31,Referral,6,3,4,0,0,4,1,40,70,1,1,0,0
00Q000000003726,Meera Reddy,ApexSystems,VP Marketing,VP,Healthcare,95,Cold Outbound,2,1,2,0,1,1,0,15,116,0,0,0,0
00Q000000003727,Sanjay Rao,ApexGroup,Director of IT,Director,Other,11,Paid Ad,3,3,3,0,0,1,0,4,20,0,0,0,0
00Q000000003728,Nikhil Verma,CobaltHealth,Coordinator,Individual,Healthcare,104,Web,4,0,6,2,0,2,1,5,80,0,0,0,0
00Q000000003729,Amit Kapoor,NovaDynamics,Analyst,Individual,Finance,17,Cold Outbound,2,0,2,1,0,2,2,4,36,0,1,0,0
00Q000000003730,Dev Nair,VertexGroup,IT Manager,Manager,Finance,16,Paid Ad,4,0,0,0,1,1,0,11,67,1,0,0,0
00Q000000003731,Vikram Kapoor,BlueDynamics,VP Marketing,VP,Technology,84,Event,4,2,4,0,0,0,0,2,101,1,0,0,1
00Q000000003732,Kavya Gupta,LumenDynamics,VP Marketing,VP,Education,485,Web,15,2,10,3,2,1,5,2,118,0,0,1,1
00Q000000003733,Arjun Khan,LumenGroup,Engineer,Individual,Technology,192,Paid Ad,3,1,4,0,1,0,0,0,17,1,0,0,1
00Q000000003734,Divya Reddy,VertexLabs,IT Manager,Manager,Finance,213,Cold Outbound,0,1,2,1,0,2,0,27,117,1,0,0,0
00Q000000003735,Vikram Iyer,ZenSolutions,Analyst,Individual,Finance,81,Web,2,1,1,0,0,0,0,9,28,0,0,0,1
00Q000000003736,Aarav Singh,ApexIndustries,Coordinator,Individual,Retail,60,Referral,4,1,1,0,0,0,1,90,30,1,0,0,0
00Q000000003737,Arjun Rao,ApexSystems,Director of IT,Director,Other,325,Cold Outbound,3,0,5,0,2,1,1,5,39,1,0,0,1
00Q000000003738,Sanjay Singh,OrbitPartners,Sales Manager,Manager,Education,42,Event,0,1,0,0,0,0,1,10,38,0,0,0,0
00Q000000003739,Sanjay Kapoor,BlueGroup,Engineer,Individual,Finance,347,Web,2,0,4,0,1,0,1,4,63,1,0,0,0
00Q000000003740,Priya Khan,NovaIndustries,VP Sales,VP,Healthcare,635,Web,1,2,3,1,0,2,0,13,63,1,0,0,0
00Q000000003741,Pooja Gupta,SummitIndustries,Director of IT,Director,Finance,28,Paid Ad,0,0,0,0,0,1,0,65,35,1,0,0,0
00Q000000003742,Divya Malhotra,OrbitLabs,Director of Sales,Director,Other,35,Paid Ad,2,0,0,0,0,2,0,20,20,1,0,0,0
00Q000000003743,Divya Kapoor,NovaLabs,Engineer,Individual,Technology,43,Web,6,1,4,0,2,2,1,19,85,0,0,0,1
00Q000000003744,Sanjay Malhotra,BlueSystems,VP Marketing,VP,Other,11,Web,15,4,10,1,2,0,3,3,100,0,0,1,1
00Q000000003745,Sanjay Rao,ApexSystems,Sales Manager,Manager,Education,49,Paid Ad,1,1,1,1,0,0,1,40,46,1,0,0,0
00Q000000003746,Priya Malhotra,LumenLabs,Ops Manager,Manager,Retail,700,Paid Ad,1,0,0,0,0,0,0,33,115,1,0,0,0
00Q000000003747,Dev Malhotra,SummitSolutions,Analyst,Individual,Retail,20,Web,7,2,5,1,0,2,1,3,59,1,0,0,0
00Q000000003748,Rohan Singh,OrbitDynamics,VP Sales,VP,Finance,726,Event,1,0,1,0,1,2,0,19,39,1,0,0,1
00Q000000003749,Riya Sharma,PioneerGroup,Sales Manager,Manager,Finance,51,Paid Ad,4,2,4,2,1,2,1,15,14,1,0,0,0
00Q000000003750,Arjun Sharma,LumenGroup,VP Marketing,VP,Healthcare,2370,Web,1,1,2,0,1,0,0,1,28,1,0,0,0
00Q000000003751,Dev Reddy,VertexWorks,Director of Sales,Director,Technology,35,Web,1,2,0,0,0,0,0,6,74,1,1,0,0
00Q000000003752,Isha Rao,ApexNetworks,Director of Sales,Director,Retail,80,Cold Outbound,4,1,3,1,2,0,0,2,54,1,0,0,0
00Q000000003753,Rohan Singh,BlueNetworks,Director of Sales,Director,Healthcare,25,Cold Outbound,3,3,3,0,1,1,1,15,93,1,0,0,0
00Q000000003754,Meera Verma,BlueDynamics,CEO,C-Level,Other,35,Referral,3,0,2,0,0,0,3,17,62,1,0,0,0
00Q000000003755,Isha Sharma,BlueGroup,Coordinator,Individual,Education,740,Cold Outbound,3,1,3,0,0,0,1,9,11,0,0,0,0
00Q000000003756,Karan Rao,ApexIndustries,Coordinator,Individual,Technology,202,Paid Ad,4,2,1,0,1,0,1,8,59,1,1,0,0
00Q000000003757,Rahul Reddy,PioneerWorks,Director of Sales,Director,Technology,465,Cold Outbound,2,1,1,0,2,0,1,17,78,1,0,0,0
00Q000000003758,Dev Iyer,ApexHealth,IT Manager,Manager,Healthcare,13,Cold Outbound,1,1,4,1,1,4,0,10,90,0,0,0,0
00Q000000003759,Dev Mehta,OrbitHealth,IT Manager,Manager,Technology,265,Paid Ad,1,1,1,0,1,0,0,90,82,1,0,0,0
00Q000000003760,Meera Singh,SummitHealth,Director of IT,Director,Retail,23,Event,2,1,3,0,0,0,1,8,99,1,0,0,1
00Q000000003761,Rahul Bose,SummitWorks,IT Manager,Manager,Retail,13,Web,4,0,4,0,0,0,1,7,52,1,1,0,0
00Q000000003762,Arjun Das,SummitWorks,Director of Sales,Director,Retail,142,Paid Ad,1,1,2,0,0,0,1,14,112,1,0,0,0
00Q000000003763,Isha Verma,ApexPartners,Sales Manager,Manager,Healthcare,140,Event,4,0,3,0,1,1,1,17,22,0,0,0,1
00Q000000003764,Ananya Singh,PioneerGroup,VP Marketing,VP,Education,107,Paid Ad,1,1,3,1,3,2,0,10,65,1,1,0,1
00Q000000003765,Pooja Joshi,ZenSystems,Engineer,Individual,Manufacturing,291,Web,5,1,4,0,0,5,0,8,37,0,1,0,0
00Q000000003766,Kavya Gupta,BlueIndustries,Director of IT,Director,Other,368,Cold Outbound,1,1,5,0,1,0,0,6,110,1,0,0,0
00Q000000003767,Aarav Iyer,QuantaNetworks,VP Engineering,VP,Education,901,Cold Outbound,3,0,3,2,0,2,0,6,55,0,0,1,1
00Q000000003768,Meera Iyer,CobaltDynamics,Analyst,Individual,Retail,16,Web,1,2,1,0,0,2,1,89,112,1,0,0,0
00Q000000003769,Vikram Malhotra,ApexNetworks,Ops Manager,Manager,Technology,946,Paid Ad,3,3,4,0,0,1,2,7,98,1,1,0,1
00Q000000003770,Kavya Reddy,QuantaHealth,IT Manager,Manager,Education,1674,Partner,1,1,3,2,1,1,1,44,116,1,0,0,0
00Q000000003771,Sanjay Iyer,QuantaHealth,IT Manager,Manager,Finance,57,Paid Ad,2,0,0,0,0,0,0,11,14,0,0,0,0
00Q000000003772,Neha Khan,OrbitIndustries,Sales Manager,Manager,Healthcare,8,Cold Outbound,3,1,2,2,0,1,0,3,112,1,0,0,0
00Q000000003773,Amit Nair,BlueGroup,Analyst,Individual,Healthcare,12,Event,2,0,4,2,1,2,1,2,24,0,1,0,0
00Q000000003774,Arjun Rao,BlueGroup,VP Engineering,VP,Finance,49,Web,5,2,4,2,0,4,4,4,22,1,0,0,1
00Q000000003775,Riya Verma,CobaltLabs,Coordinator,Individual,Technology,2041,Event,0,0,0,0,0,2,1,2,79,1,0,0,0
00Q000000003776,Neha Kapoor,ZenGroup,IT Manager,Manager,Technology,102,Event,0,1,2,0,1,3,2,41,52,1,0,0,0
00Q000000003777,Vikram Bose,CobaltPartners,Ops Manager,Manager,Education,39,Web,3,1,2,0,1,1,2,6,2,1,0,0,0
00Q000000003778,Ananya Gupta,OrbitGroup,Engineer,Individual,Retail,35,Partner,0,0,2,2,0,1,1,10,99,1,0,0,0
00Q000000003779,Nikhil Mehta,ApexNetworks,Coordinator,Individual,Other,13,Paid Ad,1,0,1,0,1,1,0,7,68,1,0,0,0
00Q000000003780,Aarav Malhotra,CobaltNetworks,CTO,C-Level,Education,369,Referral,3,1,3,1,0,1,2,2,20,1,0,0,1
00Q000000003781,Isha Rao,HelixLabs,Director of Sales,Director,Healthcare,86,Event,1,0,2,0,0,3,1,6,33,1,0,0,1
00Q000000003782,Priya Iyer,OrbitHealth,Engineer,Individual,Education,2320,Referral,1,0,0,0,0,2,0,36,106,0,1,0,0
00Q000000003783,Arjun Mehta,QuantaHealth,Director of Sales,Director,Manufacturing,255,Event,2,3,6,2,1,2,0,13,109,1,0,0,1
00Q000000003784,Isha Malhotra,BlueHealth,Ops Manager,Manager,Finance,345,Paid Ad,6,1,6,1,1,2,0,4,14,1,0,1,1
00Q000000003785,Neha Khan,NovaDynamics,Analyst,Individual,Other,69,Referral,1,0,1,0,0,1,0,4,15,1,1,0,0
00Q000000003786,Sanjay Kapoor,ApexDynamics,Director of Sales,Director,Other,19,Partner,2,3,1,0,1,1,0,11,54,1,0,0,0
00Q000000003787,Rohan Singh,LumenIndustries,IT Manager,Manager,Technology,26,Cold Outbound,5,1,0,0,0,1,0,26,30,1,0,1,0
00Q000000003788,Pooja Iyer,ZenLabs,Engineer,Individual,Education,12,Paid Ad,8,5,5,1,0,3,1,26,86,1,0,0,1
00Q000000003789,Priya Singh,HelixHealth,VP Engineering,VP,Technology,389,Paid Ad,1,1,3,2,0,2,1,84,110,0,0,0,0
00Q000000003790,Rahul Rao,ApexSystems,Coordinator,Individual,Other,55,Cold Outbound,4,0,2,0,0,0,0,14,37,1,1,0,0
00Q000000003791,Isha Gupta,SummitSolutions,Coordinator,Individual,Manufacturing,415,Web,4,2,8,0,2,4,1,2,66,1,0,1,1
00Q000000003792,Rohan Kapoor,VertexSystems,Coordinator,Individual,Technology,121,Web,0,0,2,1,1,1,0,13,45,1,0,0,0
00Q000000003793,Sanjay Nair,ZenGroup,Director of Sales,Director,Education,64,Web,4,0,1,1,0,0,1,3,94,1,0,0,0
00Q000000003794,Divya Verma,ApexHealth,Head of Ops,Director,Manufacturing,17,Event,2,1,0,0,0,0,0,46,71,1,0,0,0
00Q000000003795,Kavya Verma,VertexSolutions,VP Sales,VP,Technology,156,Referral,2,0,3,1,0,1,0,34,16,1,0,0,1
00Q000000003796,Rahul Das,LumenPartners,Engineer,Individual,Education,71,Paid Ad,1,0,2,1,0,2,0,13,42,1,1,0,0
00Q000000003797,Riya Mehta,LumenNetworks,Director of Sales,Director,Education,385,Event,0,0,0,0,1,1,1,25,101,1,0,0,0
00Q000000003798,Riya Khan,BlueSolutions,IT Manager,Manager,Healthcare,34,Web,4,3,4,3,0,1,0,19,27,1,0,1,1
00Q000000003799,Riya Bose,VertexPartners,IT Manager,Manager,Retail,250,Event,2,3,3,0,1,0,0,3,56,0,0,0,0
00Q000000003800,Rahul Singh,ZenSolutions,Analyst,Individual,Technology,1165,Web,1,2,2,1,0,2,1,27,102,0,0,0,1
00Q000000003801,Nikhil Reddy,OrbitSystems,VP Engineering,VP,Finance,149,Paid Ad,1,0,2,0,0,2,1,14,72,0,0,0,1
00Q000000003802,Nikhil Reddy,ZenLabs,Coordinator,Individual,Retail,323,Web,1,0,1,1,1,2,0,6,91,1,0,1,1
00Q000000003803,Priya Khan,NovaLabs,Director of IT,Director,Technology,234,Web,2,1,2,2,0,0,0,2,17,1,1,0,1
00Q000000003804,Rohan Das,LumenSystems,Sales Manager,Manager,Healthcare,1714,Web,6,3,3,3,1,2,1,9,119,0,0,0,1
00Q000000003805,Priya Reddy,CobaltSystems,Coordinator,Individual,Other,173,Paid Ad,2,0,0,0,0,1,0,42,113,0,0,0,0
00Q000000003806,Meera Malhotra,VertexGroup,CTO,C-Level,Education,284,Web,1,0,2,0,0,2,0,87,98,1,1,0,0
00Q000000003807,Priya Reddy,QuantaHealth,VP Engineering,VP,Manufacturing,94,Paid Ad,4,2,2,0,0,0,1,4,29,1,0,0,1
00Q000000003808,Meera Kapoor,NovaHealth,Ops Manager,Manager,Manufacturing,31,Partner,3,1,3,0,0,1,2,27,105,0,0,0,0
00Q000000003809,Rahul Singh,ZenPartners,Director of IT,Director,Other,16,Event,2,3,4,0,0,4,2,26,104,1,0,0,0
00Q000000003810,Rohan Iyer,NovaNetworks,Sales Manager,Manager,Education,665,Web,1,2,1,0,1,0,0,5,53,1,0,0,0
00Q000000003811,Priya Mehta,ApexLabs,Director of Sales,Director,Technology,21,Paid Ad,3,0,2,0,1,1,0,25,43,0,0,0,0
00Q000000003812,Rahul Joshi,ApexGroup,Analyst,Individual,Healthcare,304,Web,1,0,0,0,1,1,0,3,20,1,0,0,0
00Q000000003813,Vikram Rao,SummitIndustries,Sales Manager,Manager,Technology,185,Partner,3,1,5,0,0,1,0,59,18,1,0,0,1
00Q000000003814,Ananya Das,OrbitSolutions,Ops Manager,Manager,Technology,394,Partner,4,0,2,2,0,4,1,5,70,1,0,0,1
00Q000000003815,Sneha Verma,NovaWorks,Ops Manager,Manager,Finance,45,Event,1,1,1,0,0,0,0,5,26,0,0,0,0
00Q000000003816,Sneha Mehta,VertexGroup,IT Manager,Manager,Manufacturing,30,Web,1,1,2,0,1,3,0,8,61,1,0,0,0
00Q000000003817,Aarav Bose,ZenLabs,Analyst,Individual,Education,175,Paid Ad,7,2,4,0,0,0,0,9,67,1,1,0,0
00Q000000003818,Priya Iyer,VertexLabs,COO,C-Level,Other,64,Paid Ad,6,4,3,1,1,1,0,2,72,1,0,1,1
00Q000000003819,Meera Singh,VertexIndustries,Coordinator,Individual,Healthcare,15,Web,4,0,3,0,0,1,1,32,117,1,0,0,0
00Q000000003820,Karan Reddy,QuantaPartners,Coordinator,Individual,Healthcare,1822,Partner,5,1,3,0,3,1,2,9,114,0,0,0,0
00Q000000003821,Pooja Mehta,VertexSolutions,Ops Manager,Manager,Technology,30,Referral,7,2,5,1,1,0,0,6,104,0,0,0,0
00Q000000003822,Amit Rao,OrbitPartners,Director of IT,Director,Technology,22,Cold Outbound,0,0,0,0,0,2,1,3,70,0,0,1,0
00Q000000003823,Vikram Reddy,NovaDynamics,Analyst,Individual,Technology,69,Cold Outbound,0,0,4,1,0,1,0,19,89,1,1,0,0
00Q000000003824,Pooja Khan,BlueGroup,IT Manager,Manager,Other,651,Web,5,1,4,0,0,2,1,24,12,1,1,0,0
00Q000000003825,Isha Khan,SummitSystems,Director of Sales,Director,Technology,3,Web,2,2,0,0,2,0,2,16,116,1,0,0,0
00Q000000003826,Karan Kapoor,SummitNetworks,Coordinator,Individual,Retail,575,Event,4,2,4,1,1,1,1,6,43,1,0,0,1
00Q000000003827,Rohan Bose,LumenSolutions,CEO,C-Level,Finance,25,Partner,4,0,1,0,1,1,1,5,41,0,0,0,1
00Q000000003828,Divya Patel,VertexSystems,Sales Manager,Manager,Manufacturing,147,Web,2,0,3,1,0,0,2,10,119,1,0,0,0
00Q000000003829,Pooja Das,ZenGroup,Director of IT,Director,Education,36,Referral,2,2,0,0,0,0,1,16,74,1,0,0,0
00Q000000003830,Aarav Joshi,OrbitWorks,Analyst,Individual,Other,1974,Paid Ad,1,0,1,0,0,1,1,28,84,0,1,0,0
00Q000000003831,Sanjay Gupta,VertexWorks,Head of Ops,Director,Finance,119,Web,10,2,11,0,3,3,0,6,56,0,0,0,1
00Q000000003832,Meera Nair,VertexWorks,VP Engineering,VP,Other,34,Web,4,2,1,0,0,1,0,2,80,1,0,0,1
00Q000000003833,Priya Singh,HelixSystems,Analyst,Individual,Finance,63,Partner,2,0,0,0,0,2,1,17,41,1,0,0,0
00Q000000003834,Ananya Iyer,BlueGroup,Engineer,Individual,Education,113,Paid Ad,8,2,6,1,0,1,2,3,88,0,0,0,1
00Q000000003835,Karan Gupta,NovaDynamics,Engineer,Individual,Technology,129,Paid Ad,3,0,1,1,0,2,0,3,109,1,0,0,0
00Q000000003836,Isha Iyer,OrbitLabs,Coordinator,Individual,Manufacturing,192,Web,4,2,1,1,0,2,1,2,29,0,0,0,0
00Q000000003837,Divya Gupta,BlueNetworks,CEO,C-Level,Retail,99,Paid Ad,1,2,4,0,0,2,1,4,2,0,0,0,1
00Q000000003838,Riya Verma,CobaltWorks,IT Manager,Manager,Education,12,Paid Ad,3,0,2,0,1,1,1,2,73,0,0,0,0
00Q000000003839,Priya Iyer,OrbitSolutions,Director of Sales,Director,Education,59,Event,2,3,1,0,0,0,1,7,14,1,0,0,0
00Q000000003840,Karan Reddy,LumenGroup,CEO,C-Level,Finance,247,Cold Outbound,0,1,2,2,0,2,1,42,105,0,0,0,1
00Q000000003841,Rahul Rao,PioneerPartners,VP Sales,VP,Education,36,Web,3,0,2,0,0,1,1,9,46,1,0,0,1
00Q000000003842,Pooja Singh,SummitGroup,VP Marketing,VP,Finance,272,Event,1,0,2,1,0,1,1,2,114,0,0,0,0
00Q000000003843,Ananya Khan,ZenHealth,IT Manager,Manager,Technology,104,Cold Outbound,4,2,5,3,1,2,1,1,16,1,0,1,1
00Q000000003844,Sanjay Sharma,QuantaSystems,IT Manager,Manager,Technology,71,Web,2,3,1,0,0,1,1,71,52,1,0,0,0
00Q000000003845,Ananya Iyer,HelixDynamics,Analyst,Individual,Technology,596,Cold Outbound,0,0,0,0,0,1,0,24,56,1,0,0,0
00Q000000003846,Kavya Rao,LumenIndustries,Sales Manager,Manager,Technology,7,Event,3,1,1,0,0,2,1,11,43,0,1,0,0
00Q000000003847,Kavya Malhotra,BluePartners,Sales Manager,Manager,Retail,36,Web,14,3,10,2,0,4,6,3,55,1,0,1,1
00Q000000003848,Priya Sharma,SummitGroup,Analyst,Individual,Technology,631,Web,8,1,4,1,0,2,2,1,21,1,0,0,1
00Q000000003849,Divya Khan,SummitSystems,Sales Manager,Manager,Manufacturing,1548,Referral,0,1,3,0,0,1,0,2,26,1,0,0,0
00Q000000003850,Rohan Mehta,PioneerPartners,Ops Manager,Manager,Technology,3068,Cold Outbound,2,0,5,0,0,1,0,2,74,1,1,0,1
00Q000000003851,Amit Nair,NovaWorks,Ops Manager,Manager,Retail,107,Cold Outbound,1,0,0,0,0,1,0,6,88,1,1,0,0
00Q000000003852,Vikram Singh,ZenWorks,Analyst,Individual,Finance,197,Paid Ad,0,1,1,0,0,2,1,6,19,1,1,0,0
00Q000000003853,Sanjay Gupta,SummitSystems,IT Manager,Manager,Finance,339,Web,0,0,1,0,0,2,0,9,71,1,0,0,0
00Q000000003854,Kavya Khan,BlueHealth,IT Manager,Manager,Retail,673,Event,5,1,5,1,0,2,2,21,42,1,0,0,0
00Q000000003855,Vikram Bose,QuantaDynamics,Head of Ops,Director,Other,159,Event,0,0,1,0,0,3,1,56,116,0,1,0,0
00Q000000003856,Neha Rao,ZenSolutions,Director of Sales,Director,Other,399,Web,4,0,1,0,0,1,0,8,52,1,0,0,0
00Q000000003857,Pooja Sharma,VertexSystems,Engineer,Individual,Finance,198,Web,5,0,1,0,0,1,2,7,99,0,0,0,1
00Q000000003858,Rahul Kapoor,LumenSolutions,Analyst,Individual,Other,217,Event,1,0,1,0,0,2,0,14,103,1,0,0,0
00Q000000003859,Karan Patel,CobaltGroup,Ops Manager,Manager,Manufacturing,25,Referral,3,1,3,0,0,1,1,9,108,1,0,0,1
00Q000000003860,Arjun Bose,SummitNetworks,Coordinator,Individual,Other,60,Paid Ad,3,3,2,0,0,0,2,14,41,0,0,0,0
00Q000000003861,Aarav Gupta,HelixSystems,IT Manager,Manager,Technology,45,Event,1,1,3,0,0,0,1,12,100,1,0,0,1
00Q000000003862,Priya Das,QuantaNetworks,CEO,C-Level,Technology,16,Web,2,0,1,0,0,5,1,27,107,0,0,0,1
00Q000000003863,Meera Nair,BlueWorks,Coordinator,Individual,Technology,8,Web,1,2,9,0,0,2,2,11,61,1,0,0,1
00Q000000003864,Sneha Das,ApexSystems,Ops Manager,Manager,Education,52,Paid Ad,1,0,0,0,0,0,0,17,60,1,0,0,0
00Q000000003865,Riya Nair,OrbitLabs,Director of IT,Director,Technology,66,Paid Ad,1,1,1,0,0,1,0,28,9,0,1,0,0
00Q000000003866,Dev Verma,OrbitLabs,IT Manager,Manager,Technology,116,Web,3,0,0,0,0,3,1,0,65,1,0,0,0
00Q000000003867,Divya Sharma,ZenHealth,Coordinator,Individual,Manufacturing,228,Cold Outbound,5,4,5,3,0,1,1,5,20,1,0,1,1
00Q000000003868,Isha Verma,CobaltDynamics,Analyst,Individual,Other,131,Paid Ad,4,0,3,0,0,1,0,14,29,1,0,0,0
00Q000000003869,Divya Reddy,SummitHealth,CFO,C-Level,Manufacturing,67,Web,3,0,3,0,0,2,0,2,91,0,0,0,0
00Q000000003870,Karan Joshi,SummitHealth,Analyst,Individual,Retail,25,Referral,4,4,1,0,0,1,2,25,26,0,1,0,0
00Q000000003871,Amit Gupta,HelixWorks,Director of Sales,Director,Technology,370,Cold Outbound,2,0,0,0,0,2,1,1,68,0,0,0,0
00Q000000003872,Nikhil Malhotra,ZenSolutions,Head of Ops,Director,Other,85,Event,0,1,3,0,0,2,0,2,78,0,1,0,0
00Q000000003873,Isha Rao,PioneerWorks,Analyst,Individual,Technology,51,Web,1,1,2,0,0,0,1,14,9,1,0,0,0
00Q000000003874,Aarav Kapoor,VertexSystems,Director of IT,Director,Finance,75,Paid Ad,0,1,0,0,0,1,3,1,52,1,0,0,0
00Q000000003875,Dev Nair,BlueWorks,Engineer,Individual,Healthcare,33,Web,3,0,5,0,0,2,0,8,94,0,0,0,0
00Q000000003876,Divya Mehta,ApexDynamics,Analyst,Individual,Technology,44,Partner,1,1,2,0,0,1,0,43,109,1,1,0,0
00Q000000003877,Ananya Sharma,PioneerLabs,Ops Manager,Manager,Retail,42,Partner,2,0,1,1,2,2,1,7,36,0,0,0,1
00Q000000003878,Rohan Gupta,BlueDynamics,COO,C-Level,Retail,64,Partner,2,0,0,0,0,0,0,7,6,1,0,0,0
00Q000000003879,Neha Malhotra,VertexWorks,Analyst,Individual,Technology,266,Paid Ad,6,1,3,1,1,0,1,20,2,1,0,0,1
00Q000000003880,Nikhil Patel,ApexDynamics,Engineer,Individual,Technology,183,Paid Ad,0,0,3,0,0,1,1,1,36,0,0,0,0
00Q000000003881,Vikram Joshi,PioneerGroup,COO,C-Level,Technology,1012,Referral,8,2,3,2,2,1,3,8,30,1,0,1,1
00Q000000003882,Arjun Kapoor,VertexDynamics,Analyst,Individual,Technology,612,Cold Outbound,2,1,1,0,3,0,2,7,110,1,0,0,0
00Q000000003883,Dev Singh,PioneerSystems,VP Engineering,VP,Other,1871,Web,6,0,6,1,1,2,0,1,105,0,0,0,0
00Q000000003884,Priya Singh,VertexHealth,Head of Ops,Director,Manufacturing,230,Web,1,0,0,0,0,0,1,8,32,1,0,0,0
00Q000000003885,Rohan Iyer,QuantaLabs,IT Manager,Manager,Technology,224,Cold Outbound,0,0,2,0,0,2,0,9,90,1,0,0,0
00Q000000003886,Sanjay Das,QuantaDynamics,Director of IT,Director,Technology,47,Cold Outbound,2,0,2,0,0,0,1,16,7,1,0,0,0
00Q000000003887,Sneha Singh,BlueHealth,Director of IT,Director,Education,343,Event,3,0,1,0,0,2,0,52,25,1,0,0,0
00Q000000003888,Rohan Joshi,ApexNetworks,Coordinator,Individual,Education,37,Event,3,2,2,0,0,1,0,7,48,1,1,0,1
00Q000000003889,Priya Singh,PioneerGroup,COO,C-Level,Other,10,Web,1,1,3,1,0,0,0,8,104,1,0,0,0
00Q000000003890,Vikram Patel,SummitPartners,CTO,C-Level,Technology,981,Paid Ad,4,1,4,0,0,0,0,7,13,1,0,0,0
00Q000000003891,Rohan Joshi,PioneerLabs,VP Marketing,VP,Manufacturing,15,Web,1,1,2,0,0,1,1,7,108,0,0,0,0
00Q000000003892,Meera Gupta,VertexSystems,Director of IT,Director,Technology,192,Referral,0,1,0,0,0,0,1,90,19,0,0,0,0
00Q000000003893,Nikhil Reddy,BlueGroup,Ops Manager,Manager,Education,26,Event,0,0,1,0,0,1,0,33,22,1,0,0,0
00Q000000003894,Amit Das,ZenSystems,Ops Manager,Manager,Healthcare,539,Cold Outbound,5,1,4,0,1,4,1,1,116,1,0,0,0
00Q000000003895,Karan Verma,OrbitLabs,Engineer,Individual,Retail,661,Cold Outbound,1,1,0,0,0,1,1,19,75,1,0,0,0
00Q000000003896,Dev Khan,ZenGroup,Ops Manager,Manager,Technology,220,Cold Outbound,0,0,0,0,1,1,0,9,91,1,0,0,0
00Q000000003897,Priya Mehta,LumenPartners,Head of Ops,Director,Retail,645,Partner,7,4,8,0,1,5,0,5,97,1,0,1,1
00Q000000003898,Pooja Verma,ZenSolutions,Head of Ops,Director,Technology,100,Referral,1,0,1,0,0,2,2,1,53,1,0,0,0
00Q000000003899,Riya Nair,PioneerPartners,Ops Manager,Manager,Education,2839,Web,0,0,0,0,0,1,2,1,70,0,1,1,1
00Q000000003900,Rahul Iyer,VertexLabs,Ops Manager,Manager,Technology,304,Event,7,1,2,1,1,2,1,6,56,1,0,0,1
00Q000000003901,Rohan Patel,CobaltNetworks,Director of IT,Director,Education,25,Referral,2,3,6,0,1,1,1,13,42,0,0,0,0
00Q000000003902,Rahul Bose,BlueSolutions,Sales Manager,Manager,Technology,110,Paid Ad,3,0,1,0,0,1,1,13,96,1,1,0,0
00Q000000003903,Meera Nair,QuantaDynamics,CFO,C-Level,Retail,79,Referral,3,0,2,1,0,1,0,3,99,1,0,0,0
00Q000000003904,Rohan Reddy,OrbitPartners,Director of Sales,Director,Retail,68,Cold Outbound,2,0,2,0,0,1,0,24,71,1,0,0,0
00Q000000003905,Riya Reddy,LumenWorks,Coordinator,Individual,Healthcare,8,Referral,10,3,6,3,3,1,1,2,90,1,0,0,1
00Q000000003906,Vikram Patel,NovaIndustries,Coordinator,Individual,Finance,177,Referral,2,0,1,0,0,1,2,12,7,0,0,0,0
00Q000000003907,Nikhil Khan,SummitNetworks,Director of Sales,Director,Finance,12,Partner,0,0,0,0,0,1,0,5,31,1,0,0,0
00Q000000003908,Sneha Mehta,HelixIndustries,Ops Manager,Manager,Finance,2,Paid Ad,1,2,1,1,0,1,0,49,39,0,0,0,0
00Q000000003909,Dev Patel,VertexLabs,VP Marketing,VP,Manufacturing,59,Web,0,0,2,1,0,0,0,11,2,1,0,0,0
00Q000000003910,Rohan Kapoor,LumenWorks,Coordinator,Individual,Technology,32,Paid Ad,8,2,4,1,0,2,2,14,101,1,0,0,0
00Q000000003911,Neha Das,BlueGroup,Coordinator,Individual,Technology,27,Paid Ad,7,4,13,1,3,1,1,2,56,0,1,1,1
00Q000000003912,Isha Patel,CobaltNetworks,IT Manager,Manager,Finance,2,Web,2,0,1,1,0,1,0,2,25,1,0,0,0
00Q000000003913,Riya Bose,QuantaNetworks,Director of IT,Director,Finance,27,Event,2,0,3,0,0,3,0,19,57,1,0,0,0
00Q000000003914,Neha Kapoor,VertexWorks,COO,C-Level,Technology,76,Cold Outbound,1,1,0,0,0,0,0,32,111,1,0,0,0
00Q000000003915,Neha Reddy,HelixWorks,VP Engineering,VP,Retail,38,Web,1,0,1,0,0,0,0,2,115,0,0,0,0
00Q000000003916,Divya Mehta,SummitLabs,IT Manager,Manager,Technology,177,Event,2,1,2,1,1,2,1,25,82,1,0,0,0
00Q000000003917,Sneha Joshi,ZenSystems,VP Marketing,VP,Other,803,Web,1,0,2,1,0,1,0,7,80,1,0,0,0
00Q000000003918,Rahul Bose,OrbitDynamics,Coordinator,Individual,Retail,215,Paid Ad,2,2,5,1,0,2,1,25,36,1,0,0,0
00Q000000003919,Riya Malhotra,ZenGroup,IT Manager,Manager,Healthcare,463,Cold Outbound,2,0,2,0,0,3,3,9,43,1,0,0,1
00Q000000003920,Rohan Sharma,PioneerIndustries,CEO,C-Level,Education,525,Referral,3,0,6,2,0,3,0,4,43,0,0,0,1
00Q000000003921,Aarav Bose,HelixSystems,Ops Manager,Manager,Manufacturing,21,Cold Outbound,3,1,3,0,0,2,1,6,22,0,0,0,0
00Q000000003922,Rahul Patel,QuantaLabs,CFO,C-Level,Manufacturing,192,Cold Outbound,1,0,0,0,0,2,1,61,93,1,0,0,0
00Q000000003923,Riya Verma,PioneerWorks,Engineer,Individual,Finance,442,Web,2,2,4,2,0,2,1,14,107,0,1,0,0
00Q000000003924,Vikram Sharma,HelixIndustries,Coordinator,Individual,Retail,51,Partner,0,0,0,0,0,2,1,11,33,0,0,0,0
00Q000000003925,Amit Bose,SummitGroup,Ops Manager,Manager,Technology,30,Cold Outbound,3,3,3,1,0,5,1,14,48,1,1,1,0
00Q000000003926,Pooja Das,BlueDynamics,VP Sales,VP,Manufacturing,220,Cold Outbound,4,3,5,1,0,2,2,15,39,0,0,0,1
00Q000000003927,Rohan Singh,OrbitWorks,IT Manager,Manager,Technology,10,Paid Ad,1,0,1,0,0,2,0,41,6,1,0,0,0
00Q000000003928,Pooja Iyer,CobaltDynamics,VP Sales,VP,Healthcare,19,Web,2,0,1,0,0,0,0,64,108,0,0,0,0
00Q000000003929,Neha Gupta,ZenLabs,Analyst,Individual,Manufacturing,36,Web,2,0,2,0,0,3,1,41,59,1,0,0,0
00Q000000003930,Nikhil Mehta,LumenSolutions,Head of Ops,Director,Technology,195,Web,3,0,0,0,0,2,0,83,65,1,0,1,0
00Q000000003931,Priya Das,ApexPartners,Sales Manager,Manager,Technology,138,Paid Ad,4,1,6,1,1,2,0,4,110,1,0,0,0
00Q000000003932,Rohan Patel,QuantaPartners,Analyst,Individual,Education,468,Event,1,1,3,1,1,1,0,4,40,1,0,0,0
00Q000000003933,Divya Bose,ApexSolutions,Director of IT,Director,Finance,24,Paid Ad,3,0,4,0,0,2,2,38,113,1,0,1,0
00Q000000003934,Sneha Khan,VertexWorks,Director of Sales,Director,Technology,23,Partner,1,2,3,0,0,2,1,10,86,1,0,0,0
00Q000000003935,Vikram Joshi,CobaltWorks,Sales Manager,Manager,Finance,218,Web,2,1,4,0,0,3,0,6,15,0,0,0,0
00Q000000003936,Rohan Iyer,ApexGroup,Coordinator,Individual,Other,30,Cold Outbound,8,2,3,1,1,3,0,3,34,0,0,0,0
00Q000000003937,Rahul Gupta,VertexNetworks,Analyst,Individual,Retail,40,Web,5,0,7,0,1,0,0,11,115,1,1,0,0
00Q000000003938,Aarav Malhotra,NovaSolutions,CFO,C-Level,Manufacturing,6,Web,4,1,4,0,0,1,0,4,73,1,0,1,1
00Q000000003939,Karan Kapoor,HelixGroup,Head of Ops,Director,Education,153,Partner,5,2,6,2,1,2,0,2,104,1,0,1,1
00Q000000003940,Riya Joshi,PioneerDynamics,VP Sales,VP,Retail,1004,Web,1,0,3,0,1,1,0,10,24,0,0,0,1
00Q000000003941,Meera Nair,QuantaWorks,Head of Ops,Director,Education,21,Web,3,0,1,0,0,1,1,12,3,0,0,0,0
00Q000000003942,Pooja Singh,HelixNetworks,VP Marketing,VP,Retail,460,Cold Outbound,1,0,3,1,0,2,1,16,4,1,0,0,0
00Q000000003943,Rohan Rao,CobaltNetworks,Coordinator,Individual,Education,91,Cold Outbound,2,1,4,0,0,3,0,3,24,1,0,0,1
00Q000000003944,Ananya Das,VertexDynamics,IT Manager,Manager,Manufacturing,7,Partner,6,4,1,1,0,3,2,3,116,1,0,0,1
00Q000000003945,Amit Mehta,VertexPartners,Director of IT,Director,Finance,25,Web,4,2,4,1,2,2,1,21,93,1,0,0,1
00Q000000003946,Riya Bose,PioneerNetworks,Analyst,Individual,Technology,23,Web,3,3,8,1,0,1,2,5,113,1,1,0,0
00Q000000003947,Sneha Bose,OrbitDynamics,Analyst,Individual,Technology,61,Web,0,1,0,0,0,0,1,90,95,1,0,0,0
00Q000000003948,Aarav Patel,ApexIndustries,Director of Sales,Director,Manufacturing,186,Web,2,0,2,0,0,1,0,10,7,1,0,0,0
00Q000000003949,Pooja Gupta,CobaltWorks,VP Sales,VP,Other,1593,Cold Outbound,1,1,2,1,0,1,1,7,45,0,0,0,0
00Q000000003950,Rohan Malhotra,VertexGroup,Director of IT,Director,Retail,11,Web,1,1,3,1,0,1,1,2,91,0,0,0,0
00Q000000003951,Pooja Kapoor,SummitPartners,Engineer,Individual,Retail,48,Partner,5,5,13,1,1,2,0,1,18,1,0,1,1
00Q000000003952,Ananya Das,VertexSolutions,CFO,C-Level,Retail,25,Web,2,0,5,0,1,3,1,4,114,1,0,0,1
00Q000000003953,Aarav Das,ApexLabs,Analyst,Individual,Other,14,Paid Ad,3,0,3,0,0,0,0,13,11,1,1,0,0
00Q000000003954,Rahul Malhotra,NovaGroup,Engineer,Individual,Retail,114,Web,1,1,1,0,1,0,0,2,14,1,0,0,0
00Q000000003955,Neha Reddy,OrbitPartners,CTO,C-Level,Finance,99,Web,4,0,0,0,0,0,0,19,47,1,0,0,0
00Q000000003956,Arjun Kapoor,CobaltLabs,Head of Ops,Director,Healthcare,6,Web,1,0,1,0,0,2,0,13,90,1,0,0,0
00Q000000003957,Divya Verma,PioneerHealth,COO,C-Level,Healthcare,102,Cold Outbound,6,2,7,1,1,2,1,1,41,1,0,0,1
00Q000000003958,Aarav Iyer,BlueHealth,VP Engineering,VP,Technology,16,Paid Ad,2,1,0,0,0,1,1,9,87,1,0,1,1
00Q000000003959,Riya Reddy,ZenDynamics,Head of Ops,Director,Technology,101,Paid Ad,1,0,2,0,0,0,2,5,101,1,0,0,0
00Q000000003960,Sanjay Verma,LumenSystems,Coordinator,Individual,Finance,667,Referral,4,1,5,2,1,2,4,6,43,0,0,0,1
00Q000000003961,Sanjay Singh,ApexSolutions,Sales Manager,Manager,Technology,199,Paid Ad,4,1,2,0,0,1,3,4,108,1,1,0,0
00Q000000003962,Neha Singh,BlueIndustries,CEO,C-Level,Technology,129,Paid Ad,4,3,2,0,2,2,2,22,89,1,0,0,1
00Q000000003963,Neha Mehta,ApexWorks,VP Engineering,VP,Other,45,Event,5,0,3,0,2,2,1,1,75,0,0,0,1
00Q000000003964,Amit Nair,CobaltWorks,Ops Manager,Manager,Finance,109,Paid Ad,3,1,1,1,0,1,1,30,18,1,0,0,1
00Q000000003965,Meera Das,CobaltHealth,Ops Manager,Manager,Education,231,Cold Outbound,1,2,1,1,0,0,0,3,29,0,0,0,0
00Q000000003966,Arjun Das,NovaNetworks,Coordinator,Individual,Technology,199,Cold Outbound,1,0,1,1,0,1,0,26,51,1,0,0,0
00Q000000003967,Meera Kapoor,HelixNetworks,Ops Manager,Manager,Other,85,Cold Outbound,1,0,1,0,0,1,1,3,99,0,0,0,0
00Q000000003968,Pooja Iyer,NovaPartners,VP Marketing,VP,Retail,137,Event,1,0,3,0,0,3,0,16,75,0,1,0,0
00Q000000003969,Ananya Khan,ApexLabs,Analyst,Individual,Other,13,Web,1,0,2,1,0,0,1,29,53,0,1,0,0
00Q000000003970,Rohan Kapoor,HelixGroup,Ops Manager,Manager,Manufacturing,33,Web,2,1,2,0,0,0,0,10,32,1,0,0,0
00Q000000003971,Rahul Joshi,LumenSystems,CEO,C-Level,Manufacturing,287,Web,3,1,2,0,0,0,1,13,66,0,0,0,0
00Q000000003972,Nikhil Rao,LumenNetworks,IT Manager,Manager,Finance,351,Referral,4,0,2,0,0,0,0,4,91,0,0,0,1
00Q000000003973,Kavya Singh,CobaltNetworks,Sales Manager,Manager,Healthcare,114,Referral,6,2,8,2,1,1,1,13,108,0,0,0,1
00Q000000003974,Sneha Reddy,HelixGroup,IT Manager,Manager,Retail,914,Paid Ad,2,2,3,1,0,1,1,5,34,0,0,0,1
00Q000000003975,Ananya Iyer,NovaWorks,Coordinator,Individual,Technology,213,Paid Ad,4,1,2,1,0,1,1,3,113,1,0,0,0
00Q000000003976,Meera Sharma,QuantaLabs,Engineer,Individual,Technology,70,Paid Ad,2,0,7,0,0,3,0,8,67,1,0,0,0
00Q000000003977,Arjun Iyer,QuantaPartners,Coordinator,Individual,Education,15,Cold Outbound,3,0,3,0,0,1,1,20,41,0,1,0,0
00Q000000003978,Amit Verma,NovaHealth,Analyst,Individual,Technology,861,Web,2,1,3,0,0,1,2,3,73,1,0,1,1
00Q000000003979,Arjun Das,ApexDynamics,Coordinator,Individual,Retail,315,Web,5,5,7,2,0,1,0,5,108,1,0,0,1
00Q000000003980,Karan Patel,ApexWorks,IT Manager,Manager,Technology,1476,Paid Ad,2,0,1,1,1,1,0,5,88,0,1,0,0
00Q000000003981,Kavya Khan,LumenGroup,Analyst,Individual,Finance,2566,Paid Ad,3,3,1,0,0,0,1,26,106,1,0,0,0
00Q000000003982,Divya Patel,LumenLabs,CTO,C-Level,Finance,14,Event,1,0,2,0,0,4,0,22,62,0,1,0,0
00Q000000003983,Karan Joshi,PioneerSystems,Coordinator,Individual,Healthcare,14,Cold Outbound,1,1,1,0,0,1,1,6,115,1,0,0,0
00Q000000003984,Sneha Patel,NovaSolutions,Ops Manager,Manager,Education,2,Web,1,1,2,1,1,1,1,0,118,0,1,0,0
00Q000000003985,Meera Das,NovaIndustries,VP Marketing,VP,Education,394,Paid Ad,0,1,2,0,1,1,0,2,76,1,0,0,0
00Q000000003986,Nikhil Nair,VertexLabs,Engineer,Individual,Technology,266,Cold Outbound,1,1,0,0,0,0,0,46,26,1,0,0,0
00Q000000003987,Sneha Patel,LumenSolutions,IT Manager,Manager,Finance,115,Event,4,1,3,0,0,3,1,33,32,0,0,0,0
00Q000000003988,Karan Gupta,HelixLabs,VP Engineering,VP,Education,15,Paid Ad,5,0,8,2,0,0,0,4,33,0,0,0,0
00Q000000003989,Amit Singh,ApexLabs,Sales Manager,Manager,Technology,87,Web,3,0,1,0,0,0,1,9,111,0,0,0,1
00Q000000003990,Aarav Rao,HelixPartners,Coordinator,Individual,Technology,131,Referral,1,1,3,0,0,1,3,8,104,0,1,0,0
00Q000000003991,Aarav Singh,SummitHealth,Director of IT,Director,Healthcare,321,Web,1,1,1,0,0,2,0,12,49,0,0,0,0
00Q000000003992,Ananya Bose,QuantaLabs,Head of Ops,Director,Education,149,Paid Ad,3,1,3,1,1,0,0,30,4,0,0,0,0
00Q000000003993,Karan Patel,ZenLabs,IT Manager,Manager,Finance,269,Paid Ad,0,1,0,0,0,4,0,33,88,1,0,0,1
00Q000000003994,Kavya Singh,OrbitNetworks,Analyst,Individual,Technology,82,Cold Outbound,6,2,2,1,0,3,0,2,70,0,0,0,0
00Q000000003995,Rahul Bose,ZenPartners,Engineer,Individual,Other,585,Paid Ad,0,1,0,0,0,1,0,5,85,1,0,0,0
00Q000000003996,Arjun Singh,ApexSolutions,VP Marketing,VP,Other,256,Web,4,3,3,2,1,3,1,7,37,1,1,0,1
00Q000000003997,Sneha Singh,HelixSolutions,IT Manager,Manager,Retail,16,Cold Outbound,5,0,1,0,0,0,2,57,72,1,0,0,0
00Q000000003998,Neha Reddy,LumenPartners,Analyst,Individual,Retail,799,Referral,1,1,2,1,0,1,0,16,46,1,0,0,0
00Q000000003999,Aarav Malhotra,ZenHealth,Ops Manager,Manager,Other,625,Paid Ad,2,0,2,0,0,1,0,17,59,0,0,0,0
00Q000000004000,Sneha Mehta,HelixGroup,COO,C-Level,Retail,199,Web,3,1,2,0,0,2,0,5,90,0,0,0,0
00Q000000004001,Dev Bose,LumenLabs,Analyst,Individual,Education,151,Partner,2,1,6,0,0,1,1,2,84,1,1,0,0
00Q000000004002,Priya Verma,CobaltSolutions,Coordinator,Individual,Healthcare,1197,Cold Outbound,3,3,5,2,0,1,1,3,63,0,0,0,1
00Q000000004003,Riya Singh,ApexHealth,Sales Manager,Manager,Technology,8,Web,6,3,7,1,1,1,1,2,109,1,1,1,1
00Q000000004004,Sneha Joshi,PioneerPartners,Director of IT,Director,Education,640,Paid Ad,5,1,7,1,3,2,0,15,112,0,0,1,1
00Q000000004005,Kavya Malhotra,ZenIndustries,Ops Manager,Manager,Retail,48,Paid Ad,1,1,2,0,0,2,1,30,14,1,1,0,0
00Q000000004006,Meera Joshi,QuantaNetworks,VP Engineering,VP,Finance,514,Referral,3,0,2,0,0,0,1,24,63,0,0,1,1
00Q000000004007,Sneha Nair,VertexSolutions,Coordinator,Individual,Manufacturing,119,Referral,4,1,1,0,0,2,2,4,20,0,0,0,1
00Q000000004008,Arjun Sharma,BlueLabs,Sales Manager,Manager,Education,15,Paid Ad,0,0,1,0,0,1,2,11,99,1,0,0,0
00Q000000004009,Vikram Mehta,CobaltHealth,Ops Manager,Manager,Finance,47,Referral,4,5,5,0,2,0,2,83,74,1,1,0,0
00Q000000004010,Riya Patel,PioneerNetworks,Sales Manager,Manager,Retail,460,Web,3,1,1,1,0,1,0,14,89,1,0,0,1
00Q000000004011,Sneha Iyer,ZenNetworks,IT Manager,Manager,Technology,72,Partner,3,2,4,0,0,2,0,6,79,0,0,0,0
00Q000000004012,Nikhil Sharma,HelixWorks,Head of Ops,Director,Manufacturing,39,Paid Ad,3,1,6,1,1,2,0,2,79,1,0,0,1
00Q000000004013,Sanjay Sharma,PioneerDynamics,Ops Manager,Manager,Other,38,Web,4,2,5,2,2,4,3,9,89,1,0,1,1
00Q000000004014,Divya Malhotra,HelixIndustries,Director of Sales,Director,Education,260,Cold Outbound,7,0,2,2,0,1,1,11,44,1,0,0,0
00Q000000004015,Amit Malhotra,PioneerGroup,Coordinator,Individual,Education,1374,Cold Outbound,5,2,1,0,0,1,0,4,28,1,0,0,0
00Q000000004016,Ananya Singh,CobaltHealth,Sales Manager,Manager,Retail,4,Cold Outbound,6,0,5,1,1,4,2,9,85,1,0,1,0
00Q000000004017,Nikhil Gupta,PioneerGroup,Ops Manager,Manager,Healthcare,6641,Event,5,3,3,0,0,1,1,2,20,1,0,1,1
00Q000000004018,Karan Gupta,ApexSolutions,Sales Manager,Manager,Retail,135,Web,2,1,1,1,0,0,0,47,106,1,0,0,0
00Q000000004019,Riya Patel,NovaHealth,Coordinator,Individual,Finance,237,Web,2,1,1,0,1,4,3,6,17,1,0,0,0
00Q000000004020,Amit Kapoor,OrbitSolutions,CTO,C-Level,Manufacturing,51,Cold Outbound,1,2,0,0,0,0,0,17,28,1,0,0,1
00Q000000004021,Aarav Rao,ZenNetworks,VP Engineering,VP,Manufacturing,98,Cold Outbound,1,1,3,0,1,1,2,26,85,1,0,1,1
00Q000000004022,Riya Khan,ApexWorks,VP Sales,VP,Manufacturing,132,Partner,2,0,0,0,0,0,0,7,90,0,0,0,0
00Q000000004023,Kavya Gupta,CobaltPartners,VP Sales,VP,Healthcare,20,Event,2,0,0,0,0,0,0,23,108,1,0,0,0
00Q000000004024,Rahul Reddy,SummitGroup,Coordinator,Individual,Finance,29,Event,2,0,1,0,0,2,0,86,27,1,0,0,0
00Q000000004025,Pooja Reddy,CobaltSolutions,Sales Manager,Manager,Finance,588,Paid Ad,0,1,1,0,0,0,1,52,28,1,0,0,0
00Q000000004026,Vikram Nair,VertexSolutions,Ops Manager,Manager,Technology,9,Web,1,0,3,1,0,0,2,1,97,1,1,0,0
00Q000000004027,Riya Iyer,LumenDynamics,VP Sales,VP,Healthcare,192,Paid Ad,3,1,7,0,0,2,0,11,102,1,0,1,0
00Q000000004028,Aarav Iyer,BlueGroup,Coordinator,Individual,Technology,57,Paid Ad,3,0,2,1,0,0,1,35,52,1,0,0,0
00Q000000004029,Kavya Gupta,SummitIndustries,Coordinator,Individual,Other,23,Partner,5,3,3,0,0,2,0,22,118,1,1,0,0
00Q000000004030,Neha Reddy,QuantaSolutions,Director of Sales,Director,Technology,1915,Event,0,0,2,1,0,1,0,22,80,0,0,0,0
00Q000000004031,Aarav Khan,PioneerPartners,Coordinator,Individual,Education,23,Partner,1,0,2,0,0,1,1,42,8,1,0,0,0
00Q000000004032,Sanjay Malhotra,CobaltIndustries,Head of Ops,Director,Finance,18,Web,2,0,2,1,0,2,2,8,25,1,0,0,0
00Q000000004033,Vikram Mehta,HelixNetworks,Coordinator,Individual,Education,75,Web,3,1,3,2,3,3,2,90,51,1,0,0,0
00Q000000004034,Arjun Kapoor,ApexGroup,Director of IT,Director,Retail,31,Web,1,0,2,0,0,1,0,5,73,1,0,0,0
00Q000000004035,Divya Khan,VertexPartners,VP Engineering,VP,Other,100,Referral,4,1,11,0,0,0,2,11,43,1,0,0,1
00Q000000004036,Aarav Verma,ZenSolutions,Director of IT,Director,Education,125,Referral,5,1,12,0,2,5,2,2,83,1,0,1,1
00Q000000004037,Pooja Iyer,ZenGroup,Analyst,Individual,Retail,141,Referral,3,1,5,0,0,2,0,30,67,1,0,0,0
00Q000000004038,Neha Patel,ZenPartners,Engineer,Individual,Technology,82,Event,1,1,1,0,0,2,0,12,82,1,0,0,0
00Q000000004039,Ananya Nair,HelixHealth,Coordinator,Individual,Manufacturing,34,Event,2,2,3,0,0,1,0,1,93,0,0,0,0
00Q000000004040,Amit Gupta,HelixLabs,Engineer,Individual,Finance,261,Event,4,1,4,0,0,0,0,1,82,1,1,0,0
00Q000000004041,Ananya Reddy,VertexLabs,Ops Manager,Manager,Other,84,Partner,3,1,0,0,0,2,1,2,25,1,0,0,1
00Q000000004042,Amit Rao,HelixLabs,Sales Manager,Manager,Education,47,Web,3,0,2,0,0,0,0,1,112,1,0,0,0
00Q000000004043,Nikhil Patel,ZenSolutions,Engineer,Individual,Finance,915,Referral,1,1,3,0,1,2,1,30,93,1,0,0,0
00Q000000004044,Rahul Malhotra,SummitDynamics,Coordinator,Individual,Retail,82,Web,3,0,4,0,0,1,0,8,34,1,0,0,0
00Q000000004045,Priya Sharma,ApexGroup,CFO,C-Level,Finance,511,Web,0,0,0,0,0,1,0,11,9,1,0,0,1
00Q000000004046,Riya Bose,LumenIndustries,Analyst,Individual,Retail,626,Paid Ad,3,0,1,1,0,1,1,16,104,1,0,0,0
00Q000000004047,Rohan Malhotra,PioneerWorks,IT Manager,Manager,Manufacturing,686,Cold Outbound,2,2,0,0,0,1,0,2,118,1,0,0,0
00Q000000004048,Arjun Joshi,SummitSystems,Ops Manager,Manager,Manufacturing,280,Referral,2,0,1,0,0,0,2,6,41,1,0,0,1
00Q000000004049,Neha Singh,LumenHealth,Coordinator,Individual,Education,99,Event,0,0,1,1,0,2,0,67,56,0,1,0,0
00Q000000004050,Sanjay Joshi,OrbitWorks,COO,C-Level,Finance,90,Web,6,1,4,4,0,1,1,20,38,1,0,0,1
00Q000000004051,Karan Gupta,PioneerSolutions,Coordinator,Individual,Education,68,Web,1,0,1,0,2,1,0,16,115,1,0,0,0
00Q000000004052,Sneha Gupta,OrbitGroup,Director of Sales,Director,Retail,3,Cold Outbound,1,1,5,0,0,3,1,12,73,1,0,0,0
00Q000000004053,Pooja Malhotra,LumenNetworks,Director of IT,Director,Finance,292,Paid Ad,3,2,1,1,0,1,0,10,86,0,0,0,0
00Q000000004054,Pooja Reddy,NovaLabs,VP Sales,VP,Healthcare,143,Paid Ad,2,1,4,1,1,2,1,2,105,0,1,0,1
00Q000000004055,Ananya Verma,ZenHealth,Head of Ops,Director,Technology,343,Cold Outbound,3,1,0,0,0,0,0,38,25,0,0,1,0
00Q000000004056,Vikram Verma,BlueLabs,Head of Ops,Director,Manufacturing,83,Paid Ad,2,1,7,0,1,2,0,1,55,1,0,0,1
00Q000000004057,Riya Gupta,CobaltSystems,IT Manager,Manager,Other,269,Web,1,2,3,0,0,2,0,1,109,0,0,0,0
00Q000000004058,Isha Khan,QuantaPartners,Ops Manager,Manager,Technology,12,Paid Ad,2,1,5,2,0,1,0,8,52,1,0,0,1
00Q000000004059,Amit Malhotra,CobaltWorks,Director of IT,Director,Technology,17,Partner,3,0,1,1,0,2,0,10,67,0,1,0,0
00Q000000004060,Isha Khan,VertexLabs,Ops Manager,Manager,Healthcare,2,Event,4,1,1,0,0,0,1,34,52,0,0,1,0
00Q000000004061,Neha Khan,PioneerLabs,Ops Manager,Manager,Finance,81,Paid Ad,3,0,3,2,1,1,0,0,107,1,0,0,0
00Q000000004062,Ananya Joshi,BlueIndustries,Coordinator,Individual,Finance,31,Event,3,0,1,0,0,0,2,17,116,1,1,0,0
00Q000000004063,Priya Verma,ZenGroup,Coordinator,Individual,Manufacturing,25,Referral,3,1,1,0,0,1,1,13,82,1,0,0,0
00Q000000004064,Sneha Malhotra,QuantaGroup,Sales Manager,Manager,Healthcare,164,Paid Ad,3,3,2,0,2,1,0,8,25,1,1,0,1
00Q000000004065,Dev Kapoor,BlueGroup,Coordinator,Individual,Education,52,Web,1,1,1,0,0,0,0,2,91,1,0,0,0
00Q000000004066,Priya Reddy,BlueSystems,IT Manager,Manager,Healthcare,11,Referral,1,1,0,0,0,3,0,8,112,1,0,0,1
00Q000000004067,Dev Verma,NovaNetworks,Coordinator,Individual,Manufacturing,4523,Event,7,1,0,0,0,0,1,7,48,1,0,0,0
00Q000000004068,Karan Singh,SummitIndustries,Ops Manager,Manager,Healthcare,94,Paid Ad,4,0,0,0,0,0,1,82,46,0,0,0,0
00Q000000004069,Karan Khan,SummitDynamics,Head of Ops,Director,Finance,19,Cold Outbound,2,0,0,0,0,0,0,34,65,1,0,0,0
00Q000000004070,Meera Khan,OrbitLabs,IT Manager,Manager,Healthcare,36,Paid Ad,3,2,2,2,1,2,0,3,20,1,0,0,0
00Q000000004071,Amit Verma,VertexGroup,Head of Ops,Director,Retail,76,Paid Ad,3,1,3,0,1,1,0,41,93,1,0,0,0
00Q000000004072,Sneha Iyer,VertexIndustries,Analyst,Individual,Other,76,Referral,4,1,4,1,0,1,2,18,81,1,0,1,0
00Q000000004073,Divya Singh,NovaNetworks,Coordinator,Individual,Technology,701,Paid Ad,3,4,8,3,0,2,1,4,71,0,0,1,1
00Q000000004074,Rohan Khan,BlueIndustries,Director of Sales,Director,Manufacturing,88,Web,1,1,1,0,0,0,2,12,118,0,0,0,0
00Q000000004075,Aarav Patel,NovaSystems,VP Engineering,VP,Manufacturing,1608,Event,1,1,1,0,0,0,1,7,65,0,0,0,0
00Q000000004076,Karan Singh,PioneerWorks,Director of Sales,Director,Technology,52,Paid Ad,0,0,0,0,0,0,0,26,115,0,0,0,0
00Q000000004077,Amit Gupta,PioneerDynamics,Head of Ops,Director,Education,188,Web,1,2,2,0,1,1,1,17,78,1,0,0,0
00Q000000004078,Pooja Malhotra,ZenIndustries,Head of Ops,Director,Finance,460,Cold Outbound,2,0,1,0,0,2,1,11,27,1,0,0,1
00Q000000004079,Sneha Gupta,NovaWorks,Head of Ops,Director,Education,597,Event,2,0,1,0,0,1,0,9,73,1,0,0,1
00Q000000004080,Dev Patel,ZenNetworks,Director of IT,Director,Manufacturing,711,Paid Ad,3,4,5,2,1,1,2,7,42,1,0,0,1
00Q000000004081,Riya Kapoor,ApexGroup,Director of Sales,Director,Technology,66,Event,4,3,6,0,1,1,1,12,82,0,0,0,0
00Q000000004082,Kavya Singh,NovaSolutions,Coordinator,Individual,Retail,98,Paid Ad,5,1,1,0,0,0,0,12,70,0,1,0,0
00Q000000004083,Priya Khan,NovaNetworks,Analyst,Individual,Technology,2,Paid Ad,4,0,1,0,0,0,0,19,10,1,0,0,0
00Q000000004084,Sanjay Kapoor,OrbitSystems,Ops Manager,Manager,Retail,74,Web,1,2,5,0,0,3,0,2,83,1,0,0,0
00Q000000004085,Meera Das,QuantaHealth,Sales Manager,Manager,Education,511,Cold Outbound,0,1,5,0,0,5,0,16,64,0,0,0,0
00Q000000004086,Sneha Reddy,BlueGroup,Head of Ops,Director,Manufacturing,381,Paid Ad,2,2,4,0,1,1,0,4,42,1,0,0,1
00Q000000004087,Vikram Malhotra,HelixPartners,IT Manager,Manager,Finance,87,Event,2,1,1,0,0,0,1,36,52,0,0,0,0
00Q000000004088,Rohan Iyer,NovaHealth,Engineer,Individual,Healthcare,1272,Paid Ad,2,0,0,0,0,1,1,2,48,1,0,0,0
00Q000000004089,Divya Mehta,ZenLabs,Head of Ops,Director,Manufacturing,55,Web,4,2,1,1,0,1,1,19,70,0,0,0,0
00Q000000004090,Nikhil Bose,SummitIndustries,Coordinator,Individual,Retail,33,Partner,6,5,4,4,0,1,0,11,19,1,0,0,1
00Q000000004091,Sanjay Reddy,ZenIndustries,VP Marketing,VP,Manufacturing,49,Event,1,0,4,0,0,1,1,12,107,1,0,0,1
00Q000000004092,Aarav Singh,CobaltSystems,Engineer,Individual,Healthcare,18,Partner,1,0,1,1,0,0,0,6,51,1,0,0,0
00Q000000004093,Meera Reddy,ApexSolutions,Sales Manager,Manager,Retail,253,Web,2,0,0,0,0,0,1,12,22,1,0,0,0
00Q000000004094,Aarav Khan,QuantaPartners,Ops Manager,Manager,Retail,153,Partner,1,2,6,1,0,2,3,17,36,1,0,0,1
00Q000000004095,Vikram Iyer,ApexSolutions,Coordinator,Individual,Retail,248,Cold Outbound,0,0,1,0,0,0,1,30,26,0,0,0,0
00Q000000004096,Kavya Rao,SummitWorks,Engineer,Individual,Finance,53,Cold Outbound,3,2,2,0,0,0,0,4,9,0,1,0,0
00Q000000004097,Dev Kapoor,CobaltWorks,Coordinator,Individual,Healthcare,91,Partner,4,3,6,1,0,2,1,4,88,1,0,0,1
00Q000000004098,Ananya Sharma,LumenDynamics,Ops Manager,Manager,Healthcare,3,Paid Ad,3,1,4,0,0,1,1,75,113,1,1,0,0
00Q000000004099,Neha Das,ZenSystems,Ops Manager,Manager,Education,174,Event,2,0,0,0,0,3,0,3,108,1,0,0,0
00Q000000004100,Priya Mehta,ApexSolutions,Director of Sales,Director,Education,115,Web,2,2,3,1,1,2,4,0,74,1,0,0,1
00Q000000004101,Meera Sharma,OrbitDynamics,Engineer,Individual,Education,19,Paid Ad,2,0,3,0,1,1,1,1,9,1,0,0,0
00Q000000004102,Kavya Singh,ApexNetworks,Ops Manager,Manager,Technology,85,Paid Ad,2,0,1,0,0,1,0,11,94,1,1,0,0
00Q000000004103,Rohan Gupta,ZenWorks,Engineer,Individual,Retail,67,Web,8,3,8,0,2,0,1,2,26,0,0,0,1
00Q000000004104,Sneha Gupta,HelixSystems,CEO,C-Level,Education,1403,Paid Ad,2,0,1,0,0,3,0,8,13,0,1,0,0
00Q000000004105,Neha Patel,ApexGroup,Head of Ops,Director,Technology,20,Web,3,1,4,0,0,1,0,15,66,1,0,0,0
00Q000000004106,Riya Malhotra,ApexSolutions,CTO,C-Level,Technology,163,Paid Ad,0,0,2,0,0,0,1,90,29,1,0,1,0
00Q000000004107,Dev Verma,QuantaLabs,VP Marketing,VP,Technology,19,Event,9,3,5,1,1,0,0,6,20,1,0,0,1
00Q000000004108,Dev Sharma,OrbitHealth,Ops Manager,Manager,Manufacturing,43,Cold Outbound,5,4,4,1,2,3,1,6,43,1,1,1,1
00Q000000004109,Ananya Khan,NovaWorks,Director of IT,Director,Healthcare,150,Web,2,2,4,0,0,3,2,44,20,1,0,0,1
00Q000000004110,Sneha Bose,QuantaDynamics,Ops Manager,Manager,Technology,72,Web,2,2,3,2,0,1,0,12,99,1,0,0,0
00Q000000004111,Rahul Gupta,OrbitSolutions,VP Marketing,VP,Manufacturing,98,Paid Ad,5,1,2,0,0,2,1,11,51,0,0,0,1
00Q000000004112,Kavya Patel,NovaSystems,IT Manager,Manager,Education,163,Event,1,0,2,0,0,2,0,38,5,0,1,0,0
00Q000000004113,Neha Bose,ZenDynamics,Ops Manager,Manager,Education,47,Web,0,1,5,0,0,1,0,6,90,0,1,0,0
00Q000000004114,Divya Mehta,VertexSolutions,VP Engineering,VP,Retail,374,Paid Ad,1,1,4,0,0,0,0,3,25,1,1,0,0
00Q000000004115,Priya Nair,QuantaPartners,VP Sales,VP,Other,62,Cold Outbound,4,0,1,0,0,0,1,11,45,1,0,0,0
00Q000000004116,Aarav Mehta,VertexGroup,CTO,C-Level,Manufacturing,85,Partner,3,2,2,0,0,2,1,2,87,1,0,0,1
00Q000000004117,Priya Khan,PioneerSolutions,Analyst,Individual,Education,171,Web,4,2,3,0,0,2,2,4,23,1,0,0,0
00Q000000004118,Rahul Iyer,CobaltSolutions,Engineer,Individual,Healthcare,139,Web,2,2,1,0,1,1,0,6,77,1,0,0,0
00Q000000004119,Rohan Kapoor,LumenHealth,Sales Manager,Manager,Education,261,Paid Ad,2,0,4,0,0,1,1,11,13,1,1,0,0
00Q000000004120,Aarav Joshi,SummitGroup,Ops Manager,Manager,Other,160,Paid Ad,2,1,2,0,0,0,0,13,36,1,1,0,0
00Q000000004121,Sanjay Joshi,BlueDynamics,Sales Manager,Manager,Retail,201,Cold Outbound,5,1,3,2,0,0,2,1,64,0,1,0,0
00Q000000004122,Nikhil Kapoor,NovaWorks,Engineer,Individual,Healthcare,61,Web,1,0,5,0,0,2,0,45,44,1,0,0,0
00Q000000004123,Vikram Verma,CobaltHealth,Director of IT,Director,Finance,20,Paid Ad,2,0,3,0,0,1,0,17,68,1,1,0,0
00Q000000004124,Sneha Iyer,VertexDynamics,Coordinator,Individual,Finance,11,Cold Outbound,2,1,2,0,0,0,1,2,5,1,0,0,0
00Q000000004125,Dev Reddy,LumenPartners,Director of Sales,Director,Technology,8,Web,2,2,3,2,1,1,0,12,118,1,0,0,0
00Q000000004126,Amit Bose,BlueHealth,VP Sales,VP,Technology,1399,Cold Outbound,9,2,6,2,1,2,1,55,59,0,0,0,0
00Q000000004127,Arjun Das,ZenIndustries,Director of Sales,Director,Healthcare,3,Event,2,2,1,0,0,2,2,11,25,0,0,0,0
00Q000000004128,Isha Kapoor,LumenPartners,IT Manager,Manager,Technology,596,Paid Ad,3,2,4,2,0,0,0,9,72,1,1,1,1
00Q000000004129,Sneha Verma,VertexWorks,Analyst,Individual,Other,29,Event,1,0,0,0,0,1,1,3,58,1,0,0,0
00Q000000004130,Rohan Nair,ApexDynamics,Analyst,Individual,Retail,589,Cold Outbound,3,3,5,0,0,2,2,3,105,1,0,0,0
00Q000000004131,Arjun Verma,QuantaPartners,Director of IT,Director,Education,3,Cold Outbound,2,2,0,0,0,0,2,13,36,1,0,0,0
00Q000000004132,Divya Mehta,SummitSystems,Sales Manager,Manager,Healthcare,69,Web,1,1,0,0,0,0,1,13,11,1,0,0,0
00Q000000004133,Priya Reddy,ZenNetworks,Coordinator,Individual,Technology,880,Partner,3,1,3,1,0,2,1,5,59,1,0,0,0
00Q000000004134,Pooja Patel,PioneerNetworks,CTO,C-Level,Finance,289,Web,1,1,0,0,0,2,0,14,53,1,0,0,1
00Q000000004135,Aarav Verma,QuantaSystems,Director of Sales,Director,Education,59,Web,1,1,1,0,1,1,0,46,113,1,0,0,0
00Q000000004136,Kavya Joshi,OrbitNetworks,VP Engineering,VP,Technology,5,Paid Ad,5,2,5,1,0,0,0,6,8,1,0,1,1
00Q000000004137,Sneha Reddy,VertexSolutions,IT Manager,Manager,Retail,13,Paid Ad,4,2,4,2,0,1,2,23,15,0,1,0,0
00Q000000004138,Rahul Kapoor,PioneerLabs,COO,C-Level,Technology,799,Referral,1,0,1,0,0,0,2,11,111,0,0,0,1
00Q000000004139,Riya Iyer,HelixGroup,Coordinator,Individual,Finance,59,Web,1,2,1,1,0,0,1,21,10,0,0,0,0
00Q000000004140,Sanjay Das,QuantaSolutions,Analyst,Individual,Technology,89,Web,1,1,0,0,0,1,1,15,75,1,0,0,1
00Q000000004141,Vikram Malhotra,OrbitNetworks,VP Marketing,VP,Healthcare,152,Web,11,10,15,11,2,1,4,1,12,1,0,1,1
00Q000000004142,Ananya Iyer,QuantaSolutions,VP Engineering,VP,Technology,14,Web,1,2,3,3,0,3,1,3,61,1,0,1,1
00Q000000004143,Nikhil Iyer,NovaSystems,Sales Manager,Manager,Education,183,Web,1,2,3,0,1,2,1,33,38,0,0,0,0
00Q000000004144,Nikhil Iyer,QuantaSystems,Coordinator,Individual,Technology,53,Cold Outbound,4,2,2,0,1,3,1,9,84,0,0,1,0
00Q000000004145,Sanjay Das,VertexDynamics,Sales Manager,Manager,Finance,154,Referral,1,0,0,0,0,0,0,7,68,1,0,0,1
00Q000000004146,Aarav Mehta,ApexLabs,Head of Ops,Director,Technology,41,Cold Outbound,0,0,2,1,0,0,0,8,15,1,0,0,0
00Q000000004147,Sanjay Bose,VertexHealth,VP Sales,VP,Other,9,Web,4,2,9,1,1,3,1,7,101,1,0,1,1
00Q000000004148,Arjun Sharma,ZenNetworks,Ops Manager,Manager,Retail,52,Event,2,0,1,0,1,0,0,1,104,1,0,0,0
00Q000000004149,Meera Reddy,OrbitNetworks,Analyst,Individual,Retail,260,Web,3,0,0,0,0,2,0,20,34,1,1,0,0
00Q000000004150,Arjun Iyer,NovaIndustries,Director of Sales,Director,Manufacturing,179,Web,2,0,3,1,0,1,0,19,81,1,0,0,0
00Q000000004151,Amit Sharma,SummitDynamics,Director of IT,Director,Education,104,Paid Ad,7,1,8,1,1,3,1,5,91,1,0,1,1
00Q000000004152,Vikram Malhotra,CobaltSolutions,Sales Manager,Manager,Technology,382,Referral,1,1,2,0,1,1,1,15,100,1,0,0,1
00Q000000004153,Rohan Rao,QuantaNetworks,Sales Manager,Manager,Education,73,Referral,3,0,3,0,0,1,1,4,69,1,0,0,0
00Q000000004154,Aarav Gupta,ZenSystems,COO,C-Level,Education,108,Event,3,0,1,0,1,1,1,62,113,1,0,0,0
00Q000000004155,Vikram Nair,VertexSystems,Engineer,Individual,Technology,48,Partner,1,0,1,0,0,2,1,0,68,1,1,1,0
00Q000000004156,Arjun Kapoor,LumenSolutions,Ops Manager,Manager,Technology,417,Event,4,1,3,2,0,2,0,1,3,1,0,1,1
00Q000000004157,Priya Singh,SummitLabs,Director of Sales,Director,Manufacturing,154,Web,2,2,6,1,0,3,0,11,42,0,0,0,1
00Q000000004158,Nikhil Mehta,HelixNetworks,Ops Manager,Manager,Technology,43,Web,7,3,2,0,0,3,1,7,15,1,0,0,1
00Q000000004159,Amit Mehta,PioneerIndustries,VP Marketing,VP,Finance,10,Paid Ad,2,0,0,0,1,4,2,1,107,1,0,0,0
00Q000000004160,Dev Rao,PioneerHealth,Director of Sales,Director,Healthcare,521,Cold Outbound,1,0,0,0,0,0,1,41,38,0,0,0,0
00Q000000004161,Aarav Reddy,SummitHealth,Sales Manager,Manager,Technology,32,Web,4,0,2,0,0,1,1,5,107,1,1,0,0
00Q000000004162,Aarav Rao,ZenWorks,Coordinator,Individual,Retail,110,Referral,4,0,5,0,1,2,1,13,41,0,0,0,1
00Q000000004163,Ananya Iyer,BlueWorks,Head of Ops,Director,Healthcare,3391,Event,0,0,1,0,0,0,0,1,14,1,0,0,1
00Q000000004164,Riya Joshi,ApexSystems,Coordinator,Individual,Manufacturing,331,Cold Outbound,3,0,1,0,0,3,0,2,113,0,0,0,0
00Q000000004165,Pooja Patel,CobaltWorks,Analyst,Individual,Healthcare,1115,Web,4,2,2,0,0,2,0,18,38,0,1,0,0
00Q000000004166,Meera Nair,OrbitNetworks,Ops Manager,Manager,Healthcare,44,Partner,1,0,2,0,1,3,0,77,101,1,1,0,0
00Q000000004167,Rahul Malhotra,PioneerWorks,IT Manager,Manager,Healthcare,495,Paid Ad,1,0,2,0,0,2,0,15,33,0,0,0,0
00Q000000004168,Kavya Singh,VertexDynamics,CEO,C-Level,Other,103,Referral,1,1,3,0,0,1,1,10,106,1,0,0,0
00Q000000004169,Ananya Nair,HelixNetworks,Head of Ops,Director,Healthcare,172,Partner,4,0,1,0,0,3,0,1,110,1,0,0,0
00Q000000004170,Riya Gupta,HelixPartners,VP Sales,VP,Retail,2061,Paid Ad,6,3,3,1,0,1,0,3,26,1,0,0,1
00Q000000004171,Arjun Bose,HelixNetworks,Sales Manager,Manager,Education,65,Web,3,1,0,0,0,0,1,3,22,1,0,1,0
00Q000000004172,Aarav Gupta,PioneerDynamics,Ops Manager,Manager,Manufacturing,102,Referral,1,1,2,0,0,0,3,4,80,1,1,0,0
00Q000000004173,Riya Singh,QuantaSystems,CTO,C-Level,Technology,25,Referral,2,0,0,0,1,0,0,2,93,1,0,0,0
00Q000000004174,Meera Kapoor,ApexNetworks,IT Manager,Manager,Technology,377,Referral,1,1,1,0,0,2,0,25,7,1,0,0,0
00Q000000004175,Karan Iyer,LumenSystems,VP Engineering,VP,Manufacturing,42,Partner,0,0,1,0,0,2,1,6,12,1,0,0,0
00Q000000004176,Nikhil Verma,ApexSystems,IT Manager,Manager,Retail,461,Paid Ad,4,1,4,1,0,0,0,28,100,1,0,0,1
00Q000000004177,Isha Reddy,NovaDynamics,Coordinator,Individual,Retail,8,Partner,3,2,2,0,1,0,1,3,31,1,0,0,0
00Q000000004178,Rahul Verma,QuantaNetworks,Ops Manager,Manager,Retail,226,Event,1,0,1,0,0,0,1,15,24,1,0,0,0
00Q000000004179,Vikram Khan,LumenPartners,Engineer,Individual,Technology,37,Referral,2,0,3,0,0,0,2,13,43,1,0,0,0
00Q000000004180,Aarav Khan,HelixLabs,Analyst,Individual,Retail,297,Web,7,5,5,1,0,2,1,3,81,0,0,0,0
00Q000000004181,Amit Joshi,SummitSolutions,Engineer,Individual,Manufacturing,97,Partner,2,0,0,0,0,0,0,2,40,0,1,0,0
00Q000000004182,Vikram Iyer,QuantaSolutions,Engineer,Individual,Other,44,Web,3,0,1,0,0,1,0,18,58,1,0,0,0
00Q000000004183,Sneha Nair,BluePartners,Sales Manager,Manager,Retail,55,Referral,13,4,6,3,2,5,2,8,98,0,0,1,1
00Q000000004184,Vikram Rao,HelixDynamics,VP Engineering,VP,Healthcare,27,Paid Ad,4,0,1,0,0,1,2,12,47,0,0,0,0
00Q000000004185,Arjun Nair,PioneerNetworks,Ops Manager,Manager,Retail,349,Partner,1,1,2,1,0,1,2,20,43,0,1,0,0
00Q000000004186,Rahul Kapoor,QuantaPartners,VP Marketing,VP,Manufacturing,20,Web,5,1,1,0,0,3,1,3,36,0,0,0,0
00Q000000004187,Sanjay Kapoor,ZenIndustries,Sales Manager,Manager,Finance,66,Paid Ad,2,1,1,0,0,0,3,75,94,1,0,0,0
00Q000000004188,Ananya Patel,ApexWorks,Engineer,Individual,Manufacturing,166,Web,3,0,0,0,0,1,0,9,98,1,0,0,0
00Q000000004189,Sanjay Verma,ZenGroup,Analyst,Individual,Technology,1119,Partner,8,7,13,6,0,2,1,3,75,1,0,0,1
00Q000000004190,Sneha Joshi,BlueNetworks,CTO,C-Level,Technology,98,Paid Ad,2,0,4,3,1,3,2,10,103,1,0,0,1
00Q000000004191,Dev Joshi,ZenSolutions,Director of Sales,Director,Retail,69,Partner,4,0,1,0,0,0,1,39,12,1,0,0,0
00Q000000004192,Kavya Gupta,VertexNetworks,COO,C-Level,Healthcare,149,Web,4,0,3,0,1,3,0,5,109,1,0,0,0
00Q000000004193,Dev Sharma,HelixDynamics,Ops Manager,Manager,Retail,4,Paid Ad,2,0,0,0,0,2,3,41,104,1,0,0,0
00Q000000004194,Sanjay Khan,VertexDynamics,Director of IT,Director,Healthcare,16,Web,6,0,6,3,1,3,2,6,1,1,0,0,1
00Q000000004195,Vikram Rao,LumenWorks,Head of Ops,Director,Education,56,Event,3,0,0,0,0,1,2,2,113,1,0,0,0
00Q000000004196,Sanjay Nair,OrbitNetworks,CTO,C-Level,Retail,34,Cold Outbound,2,0,2,0,0,0,2,10,2,1,1,0,0
00Q000000004197,Rohan Nair,CobaltHealth,Engineer,Individual,Retail,9,Web,2,1,0,0,0,1,0,13,88,1,0,0,0
00Q000000004198,Rahul Reddy,HelixDynamics,CTO,C-Level,Healthcare,360,Paid Ad,2,0,0,0,0,0,0,76,19,1,0,0,0
00Q000000004199,Aarav Verma,QuantaSolutions,Sales Manager,Manager,Other,146,Web,3,0,2,1,0,2,1,3,53,0,0,0,0
00Q000000004200,Karan Singh,VertexWorks,VP Engineering,VP,Healthcare,122,Event,5,0,0,0,0,1,0,7,40,0,0,0,0
00Q000000004201,Neha Sharma,HelixSystems,Sales Manager,Manager,Education,35,Paid Ad,0,0,0,0,0,0,0,6,51,1,0,0,0
00Q000000004202,Priya Sharma,ZenWorks,Ops Manager,Manager,Healthcare,112,Event,2,1,1,0,0,1,0,15,16,1,0,0,0
00Q000000004203,Amit Patel,ZenSystems,IT Manager,Manager,Technology,215,Paid Ad,9,3,4,1,1,2,2,4,6,0,0,1,1
00Q000000004204,Aarav Das,CobaltWorks,VP Sales,VP,Manufacturing,66,Cold Outbound,4,0,13,1,0,0,1,7,97,1,0,0,0
00Q000000004205,Neha Mehta,SummitSystems,Analyst,Individual,Healthcare,193,Partner,2,2,3,0,1,1,0,15,63,0,1,0,0
00Q000000004206,Kavya Khan,BlueSolutions,Ops Manager,Manager,Finance,30,Cold Outbound,3,0,1,1,2,3,1,1,58,1,0,0,1
00Q000000004207,Sneha Nair,OrbitIndustries,Ops Manager,Manager,Healthcare,115,Web,4,3,8,0,1,3,0,0,100,1,0,0,1
00Q000000004208,Neha Khan,ApexHealth,Head of Ops,Director,Technology,552,Cold Outbound,6,2,4,0,0,2,0,17,61,1,0,0,0
00Q000000004209,Pooja Kapoor,ApexNetworks,Ops Manager,Manager,Other,631,Referral,8,0,0,0,0,3,0,5,54,0,0,0,1
00Q000000004210,Rohan Patel,SummitGroup,Director of Sales,Director,Retail,728,Web,3,1,1,1,0,2,1,15,30,1,0,0,0
00Q000000004211,Isha Sharma,OrbitSolutions,Sales Manager,Manager,Technology,152,Event,1,2,3,0,0,2,2,8,24,1,0,0,0
00Q000000004212,Pooja Singh,VertexGroup,Director of Sales,Director,Retail,104,Web,2,3,4,1,1,0,1,38,67,1,0,0,1
00Q000000004213,Rahul Joshi,VertexWorks,Head of Ops,Director,Manufacturing,50,Partner,3,0,0,0,0,1,1,8,30,0,0,1,1
00Q000000004214,Priya Khan,CobaltSolutions,Director of Sales,Director,Retail,6,Web,3,1,1,1,1,3,0,20,19,1,0,0,0
00Q000000004215,Rahul Malhotra,ApexPartners,VP Engineering,VP,Manufacturing,13,Paid Ad,5,0,5,0,1,2,2,5,65,1,0,1,1
00Q000000004216,Karan Patel,BlueSolutions,IT Manager,Manager,Technology,77,Referral,1,1,6,2,0,3,1,7,83,1,0,1,1
00Q000000004217,Divya Sharma,HelixPartners,Engineer,Individual,Technology,84,Web,2,1,4,0,0,2,0,5,30,1,0,0,1
00Q000000004218,Karan Malhotra,ZenGroup,Director of Sales,Director,Retail,827,Cold Outbound,8,3,5,0,1,2,2,5,45,0,0,1,1
00Q000000004219,Isha Kapoor,BlueWorks,Engineer,Individual,Retail,714,Event,2,1,2,1,1,2,0,6,110,1,0,0,0
00Q000000004220,Priya Singh,VertexSystems,Coordinator,Individual,Retail,35,Referral,8,3,3,1,0,2,1,1,86,1,0,0,1
00Q000000004221,Neha Bose,BlueGroup,Head of Ops,Director,Technology,339,Partner,0,1,3,2,2,1,1,4,68,1,0,0,1
00Q000000004222,Sneha Joshi,NovaIndustries,Ops Manager,Manager,Education,48,Cold Outbound,8,5,13,6,0,1,1,2,110,0,0,1,1
00Q000000004223,Neha Bose,ApexHealth,Ops Manager,Manager,Healthcare,276,Event,1,0,0,0,0,1,1,21,113,1,0,0,0
00Q000000004224,Meera Kapoor,VertexIndustries,CEO,C-Level,Retail,333,Web,2,1,2,0,0,3,0,3,90,1,0,0,1
00Q000000004225,Karan Verma,BlueLabs,Engineer,Individual,Finance,641,Cold Outbound,3,0,6,1,0,0,3,2,106,0,0,0,0
00Q000000004226,Riya Das,BlueIndustries,Coordinator,Individual,Retail,47,Referral,4,3,2,1,1,1,1,12,48,1,0,0,0
00Q000000004227,Priya Gupta,NovaGroup,Engineer,Individual,Other,455,Web,7,1,12,5,1,2,1,4,46,0,0,0,1
00Q000000004228,Divya Gupta,BlueHealth,Analyst,Individual,Finance,5,Web,3,0,2,2,1,1,3,47,44,1,0,0,0
00Q000000004229,Pooja Iyer,ApexPartners,Head of Ops,Director,Education,695,Web,6,1,7,1,1,4,1,1,115,1,0,0,0
00Q000000004230,Arjun Gupta,BlueHealth,Director of IT,Director,Manufacturing,95,Cold Outbound,6,6,6,0,1,0,0,3,88,0,0,0,1
00Q000000004231,Aarav Khan,CobaltLabs,IT Manager,Manager,Finance,98,Cold Outbound,2,2,3,0,1,1,0,27,80,1,0,0,0
00Q000000004232,Pooja Patel,ApexHealth,Engineer,Individual,Finance,4,Event,0,0,0,0,0,1,0,2,83,1,0,0,0
00Q000000004233,Sanjay Verma,BluePartners,Sales Manager,Manager,Retail,55,Paid Ad,13,3,2,2,0,2,1,8,28,0,1,0,1
00Q000000004234,Sanjay Khan,NovaNetworks,Engineer,Individual,Finance,759,Cold Outbound,5,4,9,2,1,1,1,6,95,1,0,0,1
00Q000000004235,Karan Iyer,CobaltDynamics,Head of Ops,Director,Technology,52,Paid Ad,2,2,5,0,1,1,2,14,100,0,0,0,0
00Q000000004236,Nikhil Gupta,NovaLabs,Director of IT,Director,Education,290,Paid Ad,5,4,0,0,0,1,0,17,71,1,0,0,0
00Q000000004237,Pooja Bose,BlueSystems,Analyst,Individual,Manufacturing,104,Cold Outbound,1,0,1,0,0,1,1,3,92,1,0,0,0
00Q000000004238,Rohan Das,VertexSystems,VP Engineering,VP,Retail,489,Web,1,2,5,1,0,2,2,35,10,0,0,0,0
00Q000000004239,Kavya Nair,NovaHealth,Head of Ops,Director,Manufacturing,132,Web,5,2,4,1,1,2,2,8,41,0,0,0,0
00Q000000004240,Priya Gupta,NovaLabs,Sales Manager,Manager,Manufacturing,24,Partner,1,0,1,0,0,1,1,11,11,0,0,0,0
00Q000000004241,Sanjay Sharma,PioneerLabs,Head of Ops,Director,Retail,108,Paid Ad,2,0,1,0,0,0,0,18,32,1,0,0,0
00Q000000004242,Rohan Mehta,VertexDynamics,Director of Sales,Director,Technology,1098,Web,0,1,1,0,0,1,0,24,36,1,0,0,0
00Q000000004243,Ananya Gupta,CobaltIndustries,Analyst,Individual,Finance,209,Referral,1,1,1,0,0,0,1,3,42,0,0,0,0
00Q000000004244,Amit Sharma,BlueLabs,Coordinator,Individual,Manufacturing,83,Paid Ad,5,1,1,0,1,1,0,10,16,1,1,0,0
00Q000000004245,Vikram Sharma,OrbitSystems,Director of Sales,Director,Other,2932,Event,8,0,5,0,1,1,1,12,43,1,0,0,1
00Q000000004246,Divya Patel,ApexSystems,COO,C-Level,Healthcare,566,Cold Outbound,2,1,4,1,2,1,1,4,36,1,0,0,1
00Q000000004247,Ananya Singh,NovaWorks,IT Manager,Manager,Other,338,Cold Outbound,4,1,4,0,0,0,1,11,75,1,0,0,0
00Q000000004248,Vikram Das,QuantaNetworks,Ops Manager,Manager,Retail,160,Event,2,0,3,0,0,1,1,12,78,1,1,0,0
00Q000000004249,Kavya Khan,ZenGroup,Head of Ops,Director,Healthcare,297,Paid Ad,4,1,2,2,3,2,1,1,63,1,0,1,0
00Q000000004250,Vikram Khan,QuantaGroup,Sales Manager,Manager,Healthcare,312,Paid Ad,0,0,0,0,0,2,0,14,50,1,0,0,0
00Q000000004251,Karan Bose,HelixSolutions,Engineer,Individual,Technology,3,Web,2,1,4,0,0,2,0,6,17,0,0,0,0
00Q000000004252,Neha Joshi,SummitLabs,IT Manager,Manager,Manufacturing,179,Event,5,1,4,2,0,2,1,27,23,1,0,0,0
00Q000000004253,Meera Rao,NovaWorks,VP Marketing,VP,Technology,78,Event,0,0,1,0,0,0,0,18,115,0,0,0,1
00Q000000004254,Sneha Joshi,OrbitGroup,VP Marketing,VP,Healthcare,47,Cold Outbound,0,0,2,0,0,1,0,4,62,0,0,0,0
00Q000000004255,Pooja Iyer,PioneerPartners,CEO,C-Level,Technology,74,Cold Outbound,5,2,4,1,0,2,2,13,80,0,0,0,1
00Q000000004256,Arjun Gupta,PioneerPartners,Coordinator,Individual,Other,9,Web,2,0,2,0,0,0,1,6,38,0,0,0,0
00Q000000004257,Pooja Singh,NovaLabs,Sales Manager,Manager,Finance,6,Cold Outbound,11,1,7,0,0,4,2,9,39,1,0,0,0
00Q000000004258,Priya Khan,CobaltPartners,IT Manager,Manager,Healthcare,645,Paid Ad,7,1,7,0,1,1,1,2,54,0,0,0,0
00Q000000004259,Priya Kapoor,VertexGroup,Engineer,Individual,Finance,198,Web,1,1,2,0,1,0,2,13,52,1,0,0,0
00Q000000004260,Karan Verma,VertexNetworks,Coordinator,Individual,Technology,2,Event,2,1,6,1,0,0,0,1,3,0,0,0,0
00Q000000004261,Nikhil Joshi,HelixGroup,Director of Sales,Director,Finance,41,Cold Outbound,2,2,4,1,0,1,0,1,43,1,0,0,1
00Q000000004262,Meera Das,PioneerSystems,Head of Ops,Director,Retail,372,Referral,3,0,3,0,0,0,0,30,18,1,0,0,0
00Q000000004263,Aarav Rao,ZenWorks,Director of Sales,Director,Manufacturing,65,Paid Ad,5,2,1,0,0,2,0,15,6,0,0,0,1
00Q000000004264,Nikhil Verma,LumenSolutions,Engineer,Individual,Healthcare,643,Paid Ad,1,0,1,0,0,0,1,19,104,1,1,0,0
00Q000000004265,Divya Kapoor,CobaltLabs,Sales Manager,Manager,Education,480,Paid Ad,3,0,2,0,0,1,1,27,74,0,0,0,0
00Q000000004266,Nikhil Sharma,NovaPartners,Coordinator,Individual,Technology,12,Event,0,1,2,0,0,0,1,7,108,1,0,0,0
00Q000000004267,Priya Nair,QuantaHealth,Engineer,Individual,Education,80,Event,4,0,1,1,0,4,0,3,1,0,0,0,0
00Q000000004268,Pooja Rao,SummitLabs,Sales Manager,Manager,Technology,50,Cold Outbound,4,3,4,0,0,3,1,3,80,0,0,0,1
00Q000000004269,Karan Singh,VertexSystems,IT Manager,Manager,Education,12,Event,1,0,0,0,1,5,2,6,15,1,1,0,0
00Q000000004270,Priya Khan,ApexNetworks,CEO,C-Level,Other,11,Web,1,0,1,1,0,0,2,40,109,1,0,0,0
00Q000000004271,Kavya Malhotra,CobaltNetworks,Ops Manager,Manager,Education,29,Event,1,0,0,0,0,0,1,9,18,1,1,0,0
00Q000000004272,Nikhil Verma,BlueHealth,Engineer,Individual,Technology,38,Paid Ad,3,1,1,1,1,2,1,3,64,1,0,1,1
00Q000000004273,Sneha Khan,BlueSolutions,Engineer,Individual,Manufacturing,152,Event,13,1,4,0,2,1,1,7,9,1,0,1,1
00Q000000004274,Arjun Joshi,LumenDynamics,Head of Ops,Director,Education,476,Paid Ad,4,0,1,1,0,1,0,4,83,1,0,0,1
00Q000000004275,Sanjay Singh,QuantaPartners,Engineer,Individual,Manufacturing,214,Web,1,0,2,1,0,2,1,10,55,1,0,0,0
00Q000000004276,Nikhil Iyer,CobaltDynamics,Coordinator,Individual,Finance,306,Paid Ad,6,1,3,0,0,1,0,16,109,0,1,0,0
00Q000000004277,Nikhil Mehta,ApexSystems,IT Manager,Manager,Healthcare,66,Cold Outbound,2,0,0,0,1,1,1,9,40,1,0,0,0
00Q000000004278,Sneha Khan,ZenHealth,Engineer,Individual,Technology,245,Paid Ad,3,1,1,1,0,0,2,12,10,1,0,0,0
00Q000000004279,Rohan Mehta,OrbitNetworks,Director of Sales,Director,Healthcare,79,Paid Ad,1,0,2,0,0,0,1,25,22,1,0,0,1
00Q000000004280,Ananya Sharma,OrbitGroup,Sales Manager,Manager,Technology,51,Paid Ad,6,1,4,1,0,2,0,10,112,0,1,1,0
00Q000000004281,Sanjay Kapoor,VertexGroup,Coordinator,Individual,Retail,1712,Paid Ad,1,1,1,0,1,1,0,11,114,1,0,0,0
00Q000000004282,Karan Mehta,PioneerPartners,Head of Ops,Director,Healthcare,3,Referral,2,1,3,0,0,1,1,3,99,0,0,0,0
00Q000000004283,Karan Patel,CobaltPartners,Sales Manager,Manager,Technology,5,Paid Ad,0,1,6,1,0,1,1,4,11,1,1,0,0
00Q000000004284,Arjun Singh,SummitGroup,Director of IT,Director,Technology,176,Event,1,0,1,1,0,1,1,12,42,0,0,0,0
00Q000000004285,Dev Joshi,VertexSolutions,Analyst,Individual,Other,66,Event,8,5,5,1,1,3,0,4,18,0,1,1,1
00Q000000004286,Neha Reddy,SummitLabs,Head of Ops,Director,Manufacturing,11,Event,0,1,2,1,1,2,0,17,119,0,0,0,0
00Q000000004287,Riya Verma,ZenHealth,Analyst,Individual,Retail,20,Event,1,1,1,0,0,0,0,3,12,1,0,0,0
00Q000000004288,Amit Khan,ZenPartners,Ops Manager,Manager,Retail,24,Web,3,2,4,2,1,0,0,4,109,1,0,0,1
00Q000000004289,Nikhil Joshi,VertexSystems,Coordinator,Individual,Manufacturing,379,Partner,3,1,3,1,1,4,1,18,51,1,0,0,0
00Q000000004290,Kavya Singh,PioneerNetworks,CFO,C-Level,Healthcare,613,Paid Ad,0,0,1,1,0,1,1,8,94,1,0,0,1
00Q000000004291,Vikram Joshi,LumenSystems,Engineer,Individual,Manufacturing,1163,Web,2,0,0,0,1,0,0,13,111,1,0,0,0
00Q000000004292,Neha Mehta,HelixLabs,VP Sales,VP,Finance,9,Web,3,0,1,0,0,0,1,3,115,1,0,0,0
00Q000000004293,Rohan Verma,ApexGroup,VP Sales,VP,Manufacturing,12,Paid Ad,2,3,5,1,2,3,1,12,33,1,0,0,1
00Q000000004294,Priya Reddy,LumenWorks,IT Manager,Manager,Technology,11,Event,3,0,0,0,1,1,0,18,4,1,1,0,0
00Q000000004295,Vikram Joshi,ApexNetworks,Sales Manager,Manager,Other,687,Paid Ad,3,2,2,1,0,1,0,10,81,1,0,0,0
00Q000000004296,Sanjay Sharma,VertexNetworks,Sales Manager,Manager,Manufacturing,186,Event,3,0,1,1,0,0,0,3,102,1,1,0,0
00Q000000004297,Priya Rao,ApexPartners,CTO,C-Level,Technology,112,Cold Outbound,2,1,1,0,0,0,0,25,86,0,0,0,0
00Q000000004298,Aarav Mehta,SummitGroup,Head of Ops,Director,Manufacturing,140,Web,6,4,1,1,1,1,1,0,19,0,0,1,1
00Q000000004299,Divya Malhotra,OrbitPartners,Sales Manager,Manager,Technology,91,Paid Ad,1,0,2,1,0,1,0,9,114,0,1,0,0
00Q000000004300,Kavya Patel,HelixHealth,Engineer,Individual,Healthcare,18,Referral,2,0,1,0,1,1,1,8,15,0,1,0,0
00Q000000004301,Ananya Verma,HelixWorks,VP Sales,VP,Education,214,Referral,6,2,7,2,1,1,2,21,21,0,0,0,1
00Q000000004302,Priya Iyer,QuantaNetworks,Coordinator,Individual,Retail,75,Cold Outbound,1,0,3,1,0,0,0,29,9,0,0,0,0
00Q000000004303,Meera Kapoor,BluePartners,Coordinator,Individual,Retail,16,Cold Outbound,2,0,1,1,0,1,1,82,50,1,1,0,0
00Q000000004304,Kavya Rao,NovaHealth,Engineer,Individual,Healthcare,235,Web,1,1,0,0,0,0,1,3,58,1,1,0,0
00Q000000004305,Isha Gupta,HelixNetworks,IT Manager,Manager,Healthcare,52,Web,4,0,4,2,0,2,1,19,102,1,0,0,0
00Q000000004306,Meera Joshi,QuantaWorks,VP Sales,VP,Technology,139,Cold Outbound,1,0,0,0,0,0,0,11,102,1,0,0,0
00Q000000004307,Sneha Gupta,CobaltIndustries,Director of Sales,Director,Manufacturing,82,Web,4,5,3,2,1,3,0,2,18,1,0,0,1
00Q000000004308,Meera Sharma,CobaltSolutions,Engineer,Individual,Manufacturing,378,Cold Outbound,7,3,2,0,1,1,0,5,94,0,0,0,1
00Q000000004309,Rahul Verma,NovaGroup,IT Manager,Manager,Technology,138,Web,1,0,0,0,0,1,1,79,97,0,0,0,0
00Q000000004310,Amit Bose,NovaDynamics,Director of Sales,Director,Technology,26,Event,4,1,4,0,0,2,1,7,96,1,0,0,0
00Q000000004311,Neha Verma,PioneerLabs,Ops Manager,Manager,Technology,161,Web,1,1,1,0,1,2,1,3,46,1,0,0,0
00Q000000004312,Ananya Bose,OrbitHealth,Coordinator,Individual,Finance,169,Paid Ad,1,1,2,0,0,0,3,25,18,0,0,0,0
00Q000000004313,Neha Gupta,QuantaIndustries,IT Manager,Manager,Technology,214,Web,3,3,3,1,0,4,2,17,45,0,0,0,0
00Q000000004314,Meera Malhotra,VertexDynamics,Head of Ops,Director,Healthcare,470,Event,5,1,1,0,1,3,1,11,29,0,0,1,1
00Q000000004315,Sanjay Nair,BlueNetworks,CTO,C-Level,Healthcare,39,Cold Outbound,4,0,3,0,0,2,0,3,48,1,0,0,1
00Q000000004316,Arjun Sharma,SummitIndustries,Director of IT,Director,Healthcare,270,Web,6,5,3,0,1,0,1,1,97,1,0,0,0
00Q000000004317,Rohan Kapoor,ZenWorks,Analyst,Individual,Technology,7,Paid Ad,1,0,2,0,0,1,0,85,52,0,0,0,0
00Q000000004318,Priya Joshi,NovaLabs,Head of Ops,Director,Manufacturing,83,Web,1,0,2,1,0,0,0,9,31,0,0,0,0
00Q000000004319,Priya Verma,NovaDynamics,Analyst,Individual,Education,65,Paid Ad,14,2,13,2,2,0,1,19,5,1,0,1,1
00Q000000004320,Vikram Rao,BluePartners,VP Sales,VP,Finance,872,Referral,3,0,0,0,0,2,1,16,42,1,0,0,1
00Q000000004321,Meera Patel,NovaWorks,IT Manager,Manager,Finance,78,Paid Ad,0,1,3,2,0,1,1,16,4,0,1,0,0
00Q000000004322,Vikram Sharma,HelixLabs,Coordinator,Individual,Manufacturing,247,Partner,1,0,1,1,0,0,0,4,10,1,0,0,0
00Q000000004323,Kavya Khan,LumenGroup,Sales Manager,Manager,Technology,7,Cold Outbound,4,2,6,2,1,1,2,51,97,1,0,0,0
00Q000000004324,Nikhil Bose,BlueHealth,Analyst,Individual,Finance,58,Cold Outbound,1,0,0,0,0,2,0,12,9,1,0,0,0
00Q000000004325,Karan Malhotra,CobaltSystems,Coordinator,Individual,Healthcare,27,Web,2,1,4,0,0,1,1,11,58,1,0,0,0
00Q000000004326,Rahul Verma,ZenIndustries,IT Manager,Manager,Healthcare,4077,Web,4,3,0,0,1,0,1,13,68,1,0,0,1
00Q000000004327,Meera Gupta,OrbitNetworks,Director of Sales,Director,Education,36,Web,1,0,3,0,1,0,1,2,102,0,0,0,1
00Q000000004328,Aarav Bose,QuantaNetworks,VP Sales,VP,Education,111,Paid Ad,2,0,2,0,0,1,0,31,26,1,0,0,0
00Q000000004329,Divya Bose,VertexHealth,IT Manager,Manager,Healthcare,120,Web,3,0,0,0,0,0,0,6,43,1,0,0,0
00Q000000004330,Arjun Das,NovaSystems,Analyst,Individual,Healthcare,9,Partner,4,1,9,2,1,2,1,6,97,1,1,0,0
00Q000000004331,Sanjay Nair,QuantaPartners,IT Manager,Manager,Other,45,Cold Outbound,1,0,0,0,0,1,0,15,48,0,0,0,0
00Q000000004332,Vikram Reddy,LumenWorks,Sales Manager,Manager,Manufacturing,182,Web,5,2,6,1,1,2,0,19,41,0,0,1,1
00Q000000004333,Meera Nair,BlueSystems,Analyst,Individual,Other,113,Referral,5,0,4,0,0,2,2,1,117,1,1,0,1
00Q000000004334,Neha Mehta,CobaltLabs,VP Engineering,VP,Retail,3,Paid Ad,3,0,3,0,0,3,0,2,28,1,0,1,0
00Q000000004335,Aarav Khan,VertexDynamics,CTO,C-Level,Finance,42,Event,3,0,2,0,0,1,3,16,28,1,0,1,1
00Q000000004336,Karan Kapoor,SummitGroup,Engineer,Individual,Technology,460,Event,2,2,1,0,0,0,0,1,72,0,1,0,0
00Q000000004337,Vikram Verma,NovaIndustries,Director of Sales,Director,Technology,240,Web,1,0,2,1,0,2,0,1,119,1,0,0,0
00Q000000004338,Neha Singh,CobaltNetworks,Head of Ops,Director,Education,618,Cold Outbound,4,0,1,0,1,1,0,3,57,1,0,0,0
00Q000000004339,Nikhil Rao,CobaltDynamics,Engineer,Individual,Finance,22,Paid Ad,1,0,5,0,0,1,0,9,1,1,1,0,0
00Q000000004340,Nikhil Gupta,QuantaNetworks,Head of Ops,Director,Retail,679,Web,1,1,3,0,0,0,0,4,74,1,0,0,0
00Q000000004341,Dev Rao,ZenHealth,Analyst,Individual,Manufacturing,93,Web,2,1,4,0,1,3,3,8,71,1,0,0,1
00Q000000004342,Neha Verma,BlueNetworks,Coordinator,Individual,Education,1083,Partner,5,0,1,1,0,3,0,18,36,1,0,1,1
00Q000000004343,Amit Joshi,OrbitWorks,CFO,C-Level,Retail,99,Web,2,0,1,0,1,0,0,2,30,1,0,0,1
00Q000000004344,Divya Malhotra,BlueDynamics,Director of IT,Director,Technology,4,Cold Outbound,2,1,1,1,1,3,0,22,74,0,0,0,0
00Q000000004345,Amit Patel,OrbitPartners,Analyst,Individual,Finance,355,Paid Ad,2,0,3,1,0,2,1,13,49,1,0,0,1
00Q000000004346,Kavya Nair,LumenGroup,Ops Manager,Manager,Manufacturing,51,Cold Outbound,0,0,0,0,0,0,1,15,62,0,0,0,0
00Q000000004347,Priya Singh,LumenHealth,COO,C-Level,Education,56,Partner,2,1,1,0,0,1,0,74,80,1,0,0,0
00Q000000004348,Riya Sharma,ZenDynamics,IT Manager,Manager,Retail,11,Cold Outbound,0,0,3,0,0,0,2,16,33,1,0,0,0
00Q000000004349,Aarav Malhotra,BlueSolutions,VP Marketing,VP,Manufacturing,1133,Partner,1,2,1,1,0,2,2,8,104,0,0,0,1
00Q000000004350,Divya Nair,VertexSolutions,VP Marketing,VP,Education,45,Paid Ad,1,2,1,1,0,2,0,9,58,1,0,0,0
00Q000000004351,Pooja Khan,LumenPartners,IT Manager,Manager,Healthcare,1056,Web,2,1,1,0,0,0,1,24,23,0,0,0,0
00Q000000004352,Isha Sharma,NovaSystems,Director of Sales,Director,Technology,52,Paid Ad,1,0,2,1,0,2,0,8,21,0,0,0,0
00Q000000004353,Rahul Nair,ApexHealth,Director of IT,Director,Education,24,Paid Ad,1,1,1,0,0,0,0,32,93,0,0,0,0
00Q000000004354,Amit Das,SummitDynamics,Head of Ops,Director,Manufacturing,720,Event,1,0,1,1,1,2,0,36,52,1,0,0,0
00Q000000004355,Arjun Iyer,ZenIndustries,IT Manager,Manager,Education,89,Paid Ad,0,1,1,0,0,3,0,15,41,0,0,0,0
00Q000000004356,Priya Iyer,CobaltGroup,Coordinator,Individual,Healthcare,90,Web,0,0,3,1,0,1,1,5,59,1,1,0,0
00Q000000004357,Isha Iyer,HelixDynamics,Engineer,Individual,Manufacturing,14,Event,4,1,1,0,0,0,0,4,37,1,0,0,0
00Q000000004358,Priya Iyer,HelixSolutions,Director of Sales,Director,Finance,50,Web,4,0,0,0,0,2,1,15,50,1,0,0,1
00Q000000004359,Pooja Khan,NovaIndustries,Director of IT,Director,Healthcare,189,Event,10,5,6,2,1,2,2,16,108,1,0,0,1
00Q000000004360,Arjun Bose,ApexSystems,Director of IT,Director,Technology,14,Event,4,3,5,1,0,0,0,16,94,0,0,0,0
00Q000000004361,Isha Bose,QuantaDynamics,IT Manager,Manager,Retail,44,Cold Outbound,5,0,1,1,0,1,0,1,42,1,1,0,0
00Q000000004362,Ananya Iyer,VertexSystems,Engineer,Individual,Finance,52,Paid Ad,2,1,2,0,0,1,1,27,29,1,0,0,0
00Q000000004363,Karan Singh,LumenSolutions,Engineer,Individual,Finance,109,Cold Outbound,2,1,2,0,0,2,0,6,29,1,0,0,0
00Q000000004364,Priya Reddy,NovaIndustries,Director of IT,Director,Finance,915,Cold Outbound,1,1,0,0,0,0,0,26,60,1,0,0,0
00Q000000004365,Arjun Patel,QuantaSolutions,Sales Manager,Manager,Healthcare,63,Web,3,2,5,0,2,2,0,2,62,1,0,0,0
00Q000000004366,Pooja Singh,LumenDynamics,Director of Sales,Director,Manufacturing,35,Paid Ad,4,3,3,1,1,1,2,6,20,0,0,0,1
00Q000000004367,Riya Reddy,PioneerWorks,Coordinator,Individual,Retail,6121,Referral,0,0,1,1,0,3,1,1,40,1,1,0,0
00Q000000004368,Dev Rao,LumenHealth,Sales Manager,Manager,Retail,51,Cold Outbound,1,1,2,0,1,1,3,6,78,0,0,0,1
00Q000000004369,Isha Gupta,SummitPartners,VP Marketing,VP,Healthcare,74,Event,3,2,2,0,0,1,0,2,71,1,0,1,1
00Q000000004370,Divya Mehta,ZenLabs,Coordinator,Individual,Healthcare,58,Web,1,0,0,0,0,0,0,3,18,1,0,0,0
00Q000000004371,Sneha Das,LumenHealth,Coordinator,Individual,Technology,65,Web,4,0,0,0,0,0,1,54,26,1,1,0,0
00Q000000004372,Sanjay Khan,LumenLabs,Director of IT,Director,Manufacturing,111,Paid Ad,0,0,0,0,0,3,1,10,9,0,0,0,0
00Q000000004373,Sneha Rao,VertexSolutions,IT Manager,Manager,Education,395,Web,6,2,3,0,1,2,2,24,27,1,1,1,1
00Q000000004374,Aarav Singh,NovaLabs,CEO,C-Level,Healthcare,182,Referral,8,3,4,0,1,1,1,5,11,0,0,0,1
00Q000000004375,Ananya Joshi,NovaDynamics,VP Sales,VP,Other,500,Cold Outbound,0,1,0,0,0,0,0,27,117,0,0,0,0
00Q000000004376,Meera Patel,CobaltGroup,Director of IT,Director,Technology,476,Web,1,1,1,0,0,2,0,20,25,1,0,0,0
00Q000000004377,Priya Patel,VertexNetworks,Analyst,Individual,Retail,136,Paid Ad,1,0,2,0,0,2,0,5,92,1,1,0,0
00Q000000004378,Amit Verma,SummitNetworks,Sales Manager,Manager,Retail,174,Paid Ad,0,1,2,0,0,0,0,16,35,1,0,0,0
00Q000000004379,Aarav Bose,CobaltSystems,VP Engineering,VP,Retail,524,Referral,2,0,1,0,0,0,0,80,69,0,0,0,0
00Q000000004380,Sneha Iyer,ApexHealth,Ops Manager,Manager,Retail,18,Web,9,2,8,1,2,0,2,6,79,1,1,1,1
00Q000000004381,Aarav Khan,ZenDynamics,CEO,C-Level,Technology,4218,Web,2,2,2,1,0,1,2,5,96,1,0,0,1
00Q000000004382,Pooja Joshi,CobaltSystems,Director of Sales,Director,Retail,46,Cold Outbound,2,1,7,0,1,0,1,9,94,0,0,0,0
00Q000000004383,Ananya Malhotra,QuantaSystems,Analyst,Individual,Healthcare,58,Paid Ad,3,0,1,0,0,0,1,22,21,0,1,0,0
00Q000000004384,Sneha Malhotra,LumenWorks,Ops Manager,Manager,Manufacturing,16,Referral,3,0,5,0,2,0,0,5,22,1,0,0,0
00Q000000004385,Karan Verma,NovaDynamics,Head of Ops,Director,Technology,16,Cold Outbound,0,0,0,0,0,1,0,7,85,0,0,0,0
00Q000000004386,Arjun Joshi,QuantaNetworks,Engineer,Individual,Technology,428,Web,3,1,3,0,0,0,0,7,72,1,0,0,0
00Q000000004387,Karan Bose,PioneerSolutions,Ops Manager,Manager,Other,2996,Web,4,1,4,2,1,1,2,9,66,0,1,0,0
00Q000000004388,Meera Gupta,CobaltIndustries,Head of Ops,Director,Finance,42,Web,1,0,3,0,0,1,1,48,8,1,1,0,0
00Q000000004389,Isha Nair,SummitDynamics,Engineer,Individual,Healthcare,167,Partner,2,3,5,1,0,0,1,5,112,1,1,1,1
00Q000000004390,Meera Sharma,ApexSolutions,IT Manager,Manager,Technology,138,Event,2,0,1,0,2,2,0,14,75,1,0,0,0
00Q000000004391,Sneha Verma,VertexSolutions,Director of IT,Director,Manufacturing,446,Paid Ad,5,2,2,1,0,1,1,8,52,1,0,1,1
00Q000000004392,Riya Malhotra,SummitGroup,Director of IT,Director,Retail,2774,Web,2,0,1,0,0,0,0,1,17,1,0,0,1
00Q000000004393,Meera Iyer,ZenWorks,IT Manager,Manager,Other,974,Partner,3,0,0,0,1,1,1,9,70,1,0,0,0
00Q000000004394,Rahul Sharma,LumenSystems,CFO,C-Level,Manufacturing,69,Partner,1,1,0,0,0,1,0,1,7,1,0,0,1
00Q000000004395,Amit Mehta,NovaGroup,CTO,C-Level,Finance,219,Event,1,1,1,0,0,5,1,3,52,1,0,0,1
00Q000000004396,Isha Kapoor,ZenLabs,IT Manager,Manager,Technology,255,Web,2,0,0,0,0,2,1,1,63,0,0,0,0
00Q000000004397,Dev Singh,OrbitGroup,Engineer,Individual,Finance,96,Paid Ad,1,0,1,0,0,0,0,9,36,1,0,0,0
00Q000000004398,Divya Mehta,ApexWorks,Director of Sales,Director,Manufacturing,19,Web,1,0,1,1,0,0,1,6,111,1,0,0,0
00Q000000004399,Riya Singh,CobaltNetworks,Analyst,Individual,Other,30,Web,1,1,0,0,0,1,0,16,95,1,1,0,0
00Q000000004400,Meera Verma,LumenLabs,VP Marketing,VP,Technology,556,Paid Ad,1,0,3,0,0,2,1,16,100,1,0,0,0
00Q000000004401,Priya Das,ApexWorks,Sales Manager,Manager,Healthcare,649,Event,3,0,1,0,0,0,0,7,87,0,1,0,0
00Q000000004402,Rahul Das,CobaltLabs,Sales Manager,Manager,Retail,72,Partner,3,0,3,0,0,0,0,6,64,1,0,0,0
00Q000000004403,Amit Rao,ApexPartners,Ops Manager,Manager,Manufacturing,147,Referral,11,1,6,3,2,1,3,5,101,1,1,0,1
00Q000000004404,Sneha Singh,VertexPartners,Sales Manager,Manager,Retail,599,Web,0,1,1,0,1,0,0,13,35,1,0,0,0
00Q000000004405,Sanjay Khan,BlueHealth,CFO,C-Level,Healthcare,7,Paid Ad,2,0,8,2,3,0,1,2,83,1,0,0,1
00Q000000004406,Neha Nair,ZenPartners,Analyst,Individual,Finance,50,Paid Ad,2,0,1,1,0,2,0,4,7,1,0,0,0
00Q000000004407,Riya Rao,QuantaPartners,CFO,C-Level,Healthcare,2052,Event,1,2,4,0,0,1,2,19,40,1,0,0,1
00Q000000004408,Riya Reddy,OrbitWorks,Analyst,Individual,Healthcare,155,Event,5,2,0,0,0,2,0,18,116,0,1,0,1
00Q000000004409,Isha Bose,PioneerSolutions,Director of Sales,Director,Retail,18,Web,4,0,0,0,0,1,0,40,93,0,0,0,0
00Q000000004410,Isha Verma,VertexPartners,VP Engineering,VP,Technology,118,Event,11,3,2,0,1,2,1,9,91,1,0,0,1
00Q000000004411,Aarav Kapoor,SummitWorks,Ops Manager,Manager,Healthcare,460,Cold Outbound,2,0,3,0,0,2,3,6,119,1,0,0,0
00Q000000004412,Neha Malhotra,LumenIndustries,Analyst,Individual,Other,2,Web,3,1,1,1,0,2,1,1,11,1,1,0,0
00Q000000004413,Arjun Joshi,QuantaWorks,VP Sales,VP,Manufacturing,129,Paid Ad,1,1,2,0,1,1,0,12,83,0,0,0,0
00Q000000004414,Priya Joshi,ApexWorks,VP Marketing,VP,Technology,56,Web,0,0,1,0,1,0,1,42,118,1,0,0,0
00Q000000004415,Aarav Sharma,ApexGroup,IT Manager,Manager,Other,8,Referral,1,2,3,0,0,0,0,15,26,1,0,0,0
00Q000000004416,Karan Malhotra,OrbitSystems,Ops Manager,Manager,Finance,112,Partner,7,1,5,0,1,1,3,3,32,1,0,0,1
00Q000000004417,Nikhil Iyer,OrbitWorks,VP Sales,VP,Retail,81,Paid Ad,6,1,3,1,0,4,0,1,68,1,0,0,1
00Q000000004418,Kavya Patel,ZenSolutions,Engineer,Individual,Technology,95,Web,4,2,2,0,0,1,1,1,57,0,0,0,0
00Q000000004419,Arjun Singh,LumenIndustries,Director of Sales,Director,Education,59,Event,3,0,3,1,2,1,1,4,74,0,1,0,0
00Q000000004420,Amit Malhotra,NovaHealth,Sales Manager,Manager,Technology,21,Web,3,2,5,0,0,0,2,5,82,1,0,0,1
00Q000000004421,Isha Patel,LumenLabs,Engineer,Individual,Healthcare,11,Referral,4,3,3,2,0,3,1,3,35,1,1,0,0
00Q000000004422,Amit Patel,HelixSystems,VP Marketing,VP,Other,35,Partner,0,0,3,0,0,0,0,27,99,0,0,0,0
00Q000000004423,Arjun Sharma,CobaltDynamics,IT Manager,Manager,Manufacturing,361,Web,1,0,1,0,0,0,1,6,33,1,1,0,0
00Q000000004424,Ananya Sharma,ApexLabs,COO,C-Level,Finance,141,Event,0,0,0,0,0,1,1,4,48,1,0,0,1
00Q000000004425,Aarav Patel,SummitIndustries,Ops Manager,Manager,Technology,89,Event,7,0,2,1,0,2,1,17,96,1,0,0,1
00Q000000004426,Dev Malhotra,NovaNetworks,IT Manager,Manager,Technology,20,Cold Outbound,5,1,2,0,1,0,2,9,30,1,1,0,0
00Q000000004427,Sanjay Sharma,CobaltLabs,Sales Manager,Manager,Finance,56,Web,2,0,0,0,0,1,0,12,95,1,0,0,0
00Q000000004428,Vikram Singh,OrbitIndustries,Ops Manager,Manager,Manufacturing,300,Paid Ad,2,3,1,0,0,2,0,4,85,1,0,0,0
00Q000000004429,Riya Mehta,ApexDynamics,VP Sales,VP,Healthcare,212,Web,1,0,1,0,1,2,0,5,47,1,0,0,0
00Q000000004430,Sneha Iyer,QuantaPartners,Director of Sales,Director,Other,48,Web,3,2,1,1,0,3,0,2,30,0,0,0,1
00Q000000004431,Divya Joshi,ZenLabs,Director of IT,Director,Retail,2,Web,0,1,2,0,0,2,0,17,18,0,0,0,0
00Q000000004432,Rahul Sharma,NovaIndustries,Sales Manager,Manager,Other,36,Paid Ad,1,1,5,1,0,2,2,9,75,0,0,1,0
00Q000000004433,Divya Nair,QuantaSolutions,Coordinator,Individual,Manufacturing,48,Web,2,1,1,1,0,2,2,3,50,1,0,0,0
00Q000000004434,Vikram Iyer,SummitNetworks,Coordinator,Individual,Healthcare,25,Cold Outbound,12,2,11,4,1,3,1,2,22,1,1,0,1
00Q000000004435,Riya Bose,VertexIndustries,Head of Ops,Director,Manufacturing,53,Event,5,1,3,2,0,3,0,4,26,0,0,0,1
00Q000000004436,Karan Das,BlueDynamics,Ops Manager,Manager,Finance,338,Cold Outbound,1,0,0,0,0,2,0,6,42,1,1,0,0
00Q000000004437,Neha Joshi,SummitLabs,Sales Manager,Manager,Technology,94,Web,4,1,5,1,0,1,1,3,12,0,0,0,1
00Q000000004438,Isha Singh,PioneerSystems,Ops Manager,Manager,Education,439,Referral,2,0,0,0,0,2,1,19,63,1,0,0,0
00Q000000004439,Vikram Gupta,PioneerIndustries,IT Manager,Manager,Retail,10,Paid Ad,0,0,1,0,1,1,0,7,16,0,0,1,1
00Q000000004440,Karan Khan,VertexSolutions,Director of IT,Director,Finance,62,Referral,3,2,0,0,0,3,1,9,90,0,0,0,0
00Q000000004441,Sanjay Sharma,SummitPartners,Director of IT,Director,Healthcare,5,Event,1,0,1,0,0,2,0,15,23,1,0,0,0
00Q000000004442,Rohan Nair,SummitWorks,CFO,C-Level,Technology,52,Partner,1,2,3,0,0,3,0,7,87,1,0,0,0
00Q000000004443,Kavya Joshi,LumenIndustries,Analyst,Individual,Manufacturing,20,Paid Ad,1,0,1,1,0,0,1,7,94,1,0,0,0
00Q000000004444,Riya Malhotra,VertexWorks,Sales Manager,Manager,Finance,679,Cold Outbound,0,0,1,1,0,2,1,1,111,0,0,0,0
00Q000000004445,Karan Verma,QuantaPartners,Analyst,Individual,Education,183,Web,3,0,2,0,0,0,2,7,72,1,0,0,0
00Q000000004446,Neha Reddy,ApexWorks,VP Marketing,VP,Manufacturing,455,Paid Ad,0,1,2,0,0,1,0,6,39,1,0,1,0
00Q000000004447,Isha Malhotra,CobaltSystems,Director of Sales,Director,Healthcare,52,Paid Ad,1,1,0,0,0,3,1,6,43,1,0,0,1
00Q000000004448,Rohan Patel,QuantaHealth,Ops Manager,Manager,Retail,21,Paid Ad,3,1,5,3,0,4,0,2,11,0,1,0,1
00Q000000004449,Pooja Nair,BlueSolutions,VP Marketing,VP,Other,20,Paid Ad,0,1,2,1,2,2,0,4,13,1,0,1,0
00Q000000004450,Priya Joshi,PioneerGroup,Sales Manager,Manager,Education,148,Paid Ad,2,0,3,0,1,2,0,22,7,1,0,0,0
00Q000000004451,Dev Patel,LumenGroup,Engineer,Individual,Healthcare,1503,Cold Outbound,3,2,1,0,0,1,1,2,1,1,1,0,0
00Q000000004452,Karan Das,LumenDynamics,Sales Manager,Manager,Finance,184,Web,2,0,0,0,0,1,0,30,58,1,0,0,0
00Q000000004453,Kavya Verma,PioneerHealth,Coordinator,Individual,Retail,56,Web,2,1,0,0,1,2,1,2,96,0,0,0,0
00Q000000004454,Rohan Joshi,QuantaSystems,VP Sales,VP,Education,74,Web,0,0,0,0,0,2,0,10,92,1,0,0,0
00Q000000004455,Pooja Mehta,ZenSolutions,Director of Sales,Director,Other,94,Web,15,3,7,1,0,1,2,4,107,0,1,1,1
00Q000000004456,Sanjay Kapoor,PioneerNetworks,Head of Ops,Director,Healthcare,2079,Paid Ad,2,0,1,0,0,2,1,0,32,1,0,0,0
00Q000000004457,Rahul Khan,SummitSolutions,VP Marketing,VP,Retail,632,Event,2,0,4,0,0,1,0,58,16,1,0,0,0
00Q000000004458,Dev Verma,OrbitGroup,Director of Sales,Director,Finance,146,Referral,1,0,4,0,1,1,1,46,32,1,0,0,1
00Q000000004459,Rohan Das,HelixHealth,Sales Manager,Manager,Technology,117,Cold Outbound,2,0,3,1,0,0,0,2,9,1,0,0,0
00Q000000004460,Nikhil Reddy,ApexNetworks,Engineer,Individual,Finance,155,Cold Outbound,3,1,5,0,0,1,1,13,53,0,1,0,0
00Q000000004461,Kavya Reddy,NovaSystems,Sales Manager,Manager,Technology,208,Paid Ad,2,0,1,0,0,2,3,5,87,1,0,0,0
00Q000000004462,Rahul Sharma,LumenHealth,CFO,C-Level,Manufacturing,53,Event,4,1,1,1,0,0,1,1,88,1,1,0,1
00Q000000004463,Dev Reddy,BlueHealth,CEO,C-Level,Finance,28,Web,2,1,1,0,0,2,1,4,85,1,0,0,1
00Q000000004464,Isha Gupta,HelixPartners,Director of Sales,Director,Retail,467,Event,4,1,3,0,1,1,1,6,79,0,0,0,1
00Q000000004465,Nikhil Nair,VertexNetworks,Analyst,Individual,Manufacturing,102,Event,4,2,1,0,0,3,0,6,88,1,0,0,1
00Q000000004466,Sanjay Joshi,ApexWorks,Coordinator,Individual,Technology,412,Web,2,1,6,0,0,2,2,15,15,1,0,0,0
00Q000000004467,Aarav Reddy,PioneerLabs,VP Sales,VP,Retail,1175,Partner,1,1,1,0,0,3,2,15,66,1,0,0,0
00Q000000004468,Rahul Kapoor,HelixLabs,Analyst,Individual,Technology,217,Event,11,5,9,0,0,2,4,5,73,1,0,1,1
00Q000000004469,Neha Verma,QuantaSolutions,Sales Manager,Manager,Technology,170,Web,1,0,3,1,0,1,0,34,115,1,1,0,0
00Q000000004470,Ananya Sharma,LumenGroup,Sales Manager,Manager,Other,12092,Paid Ad,0,0,5,0,0,3,0,8,108,1,0,0,0
00Q000000004471,Priya Singh,HelixHealth,IT Manager,Manager,Technology,135,Event,1,2,1,0,2,1,0,8,31,1,0,0,0
00Q000000004472,Nikhil Joshi,OrbitGroup,Director of IT,Director,Finance,19,Referral,7,1,3,3,0,2,1,5,64,1,0,0,1
00Q000000004473,Rahul Singh,BlueSolutions,CTO,C-Level,Manufacturing,65,Web,3,3,6,1,0,2,0,35,85,0,0,1,1
00Q000000004474,Kavya Joshi,BluePartners,Director of IT,Director,Finance,1019,Web,2,1,1,0,0,1,0,12,77,0,0,0,0
00Q000000004475,Rohan Bose,OrbitLabs,Ops Manager,Manager,Healthcare,14,Event,1,1,4,1,0,3,2,2,54,1,1,0,0
00Q000000004476,Nikhil Verma,OrbitHealth,Ops Manager,Manager,Retail,32,Referral,0,1,3,0,1,2,1,5,19,1,1,0,0
00Q000000004477,Karan Joshi,VertexHealth,VP Sales,VP,Manufacturing,523,Web,2,1,1,1,1,1,1,6,94,1,0,0,0
00Q000000004478,Karan Sharma,QuantaWorks,Sales Manager,Manager,Manufacturing,66,Partner,3,2,3,1,1,1,3,14,46,1,0,1,1
00Q000000004479,Karan Singh,PioneerLabs,IT Manager,Manager,Other,84,Partner,6,0,2,0,0,2,2,3,9,1,0,0,1
00Q000000004480,Dev Kapoor,OrbitSystems,Director of Sales,Director,Technology,497,Event,0,0,3,0,0,3,2,9,30,1,0,0,1
00Q000000004481,Isha Joshi,PioneerLabs,Engineer,Individual,Healthcare,33,Cold Outbound,2,0,2,0,0,1,2,14,114,1,0,0,0
00Q000000004482,Karan Kapoor,QuantaNetworks,Engineer,Individual,Technology,10,Event,0,0,2,0,0,1,0,24,2,1,1,0,0
00Q000000004483,Arjun Gupta,CobaltIndustries,VP Marketing,VP,Technology,12,Web,4,0,2,0,2,1,1,6,46,1,0,0,0
00Q000000004484,Neha Singh,OrbitWorks,Head of Ops,Director,Other,238,Event,2,1,2,1,1,0,0,18,4,1,0,0,1
00Q000000004485,Nikhil Rao,BlueHealth,Engineer,Individual,Retail,146,Referral,2,1,5,0,0,0,0,22,2,0,0,0,1
00Q000000004486,Ananya Mehta,CobaltGroup,Engineer,Individual,Technology,35,Event,1,2,5,3,2,1,0,1,83,1,0,0,1
00Q000000004487,Karan Verma,CobaltDynamics,CFO,C-Level,Healthcare,17,Cold Outbound,1,1,3,0,0,0,0,12,119,0,0,0,0
00Q000000004488,Isha Kapoor,NovaHealth,Head of Ops,Director,Technology,66,Referral,4,2,3,0,0,0,1,7,5,1,0,0,1
00Q000000004489,Divya Das,ApexPartners,Director of Sales,Director,Retail,531,Web,1,1,1,1,0,1,1,90,66,1,0,0,0
00Q000000004490,Kavya Joshi,CobaltDynamics,Coordinator,Individual,Finance,28,Web,7,4,5,1,0,2,3,11,78,0,0,0,0
00Q000000004491,Riya Mehta,LumenSystems,CEO,C-Level,Other,36,Cold Outbound,2,0,1,1,0,0,0,22,117,1,0,0,0
00Q000000004492,Sneha Bose,BlueSystems,VP Sales,VP,Technology,16,Web,2,0,0,0,0,1,0,3,52,1,1,0,0
00Q000000004493,Amit Rao,HelixLabs,Ops Manager,Manager,Finance,57,Cold Outbound,0,1,0,0,0,2,0,8,33,1,1,0,0
00Q000000004494,Aarav Malhotra,HelixGroup,IT Manager,Manager,Other,165,Web,3,3,3,0,1,0,1,1,19,1,0,0,0
00Q000000004495,Sanjay Mehta,OrbitLabs,Head of Ops,Director,Other,2375,Partner,1,0,1,0,0,2,1,2,51,1,1,0,0
00Q000000004496,Dev Patel,QuantaPartners,VP Sales,VP,Finance,137,Referral,2,1,2,0,0,3,0,10,77,0,0,0,1
00Q000000004497,Sanjay Nair,HelixHealth,Head of Ops,Director,Healthcare,91,Web,0,0,0,0,0,0,0,8,3,0,1,0,0
00Q000000004498,Aarav Malhotra,HelixLabs,COO,C-Level,Other,363,Web,5,0,2,1,0,1,1,6,99,1,0,0,1
00Q000000004499,Aarav Das,ApexSystems,Head of Ops,Director,Retail,282,Web,2,1,0,0,0,0,1,19,98,1,0,0,0
00Q000000004500,Arjun Malhotra,PioneerPartners,Sales Manager,Manager,Manufacturing,41,Web,0,0,2,0,0,3,0,5,30,1,1,0,0
00Q000000004501,Rahul Malhotra,ApexLabs,IT Manager,Manager,Retail,3143,Web,9,2,0,0,1,3,3,8,45,1,0,1,1
00Q000000004502,Amit Bose,ZenSolutions,VP Marketing,VP,Other,95,Paid Ad,1,0,1,0,0,1,0,21,73,1,0,0,0
00Q000000004503,Neha Sharma,VertexSolutions,Coordinator,Individual,Manufacturing,141,Paid Ad,6,1,6,2,0,2,2,10,70,0,1,1,0
00Q000000004504,Isha Sharma,PioneerDynamics,Analyst,Individual,Technology,227,Referral,0,0,1,0,0,2,0,21,87,1,0,0,0
00Q000000004505,Amit Kapoor,LumenNetworks,Director of IT,Director,Healthcare,167,Paid Ad,4,5,5,4,1,0,0,7,103,0,0,0,1
00Q000000004506,Meera Patel,ZenLabs,Ops Manager,Manager,Retail,980,Partner,2,3,3,2,0,3,0,7,6,1,0,0,1
00Q000000004507,Neha Reddy,OrbitHealth,VP Sales,VP,Healthcare,41,Cold Outbound,2,0,3,0,0,1,0,6,71,0,0,0,0
00Q000000004508,Arjun Malhotra,NovaSolutions,Engineer,Individual,Finance,322,Event,0,0,1,0,1,2,0,6,70,1,0,0,1
00Q000000004509,Vikram Das,SummitGroup,Ops Manager,Manager,Retail,127,Referral,2,2,1,1,0,0,0,0,12,1,0,0,0
00Q000000004510,Karan Iyer,QuantaSolutions,Analyst,Individual,Healthcare,434,Cold Outbound,0,1,1,1,1,1,1,38,96,1,0,0,0
00Q000000004511,Arjun Nair,ZenHealth,Director of IT,Director,Other,72,Cold Outbound,4,3,2,0,0,1,0,80,36,0,0,0,0
00Q000000004512,Pooja Khan,CobaltSolutions,Director of Sales,Director,Finance,58,Cold Outbound,2,0,8,1,2,1,0,4,97,1,0,1,1
00Q000000004513,Neha Joshi,SummitWorks,Sales Manager,Manager,Retail,298,Paid Ad,1,0,2,2,0,1,0,11,81,1,0,0,0
00Q000000004514,Meera Nair,HelixGroup,Sales Manager,Manager,Manufacturing,170,Paid Ad,4,0,1,0,0,0,0,18,55,1,0,0,0
00Q000000004515,Nikhil Sharma,PioneerWorks,Analyst,Individual,Technology,29,Cold Outbound,10,0,2,1,1,2,1,8,31,0,0,0,0
00Q000000004516,Sanjay Mehta,HelixSystems,Director of Sales,Director,Healthcare,748,Event,4,2,3,0,0,1,3,6,92,1,0,0,0
00Q000000004517,Nikhil Rao,ApexPartners,CFO,C-Level,Technology,298,Web,3,1,1,0,0,2,0,13,75,0,0,0,1
00Q000000004518,Pooja Verma,PioneerDynamics,Head of Ops,Director,Education,89,Cold Outbound,0,1,4,0,1,0,1,55,43,1,0,0,0
00Q000000004519,Karan Kapoor,NovaWorks,Coordinator,Individual,Retail,49,Cold Outbound,2,1,1,0,0,0,2,15,53,0,0,0,0
00Q000000004520,Sanjay Kapoor,SummitLabs,Director of Sales,Director,Technology,171,Web,2,0,1,0,0,0,0,18,40,0,0,0,0
00Q000000004521,Arjun Rao,LumenNetworks,Engineer,Individual,Healthcare,267,Web,0,1,0,0,0,1,3,5,46,1,0,0,0
00Q000000004522,Sanjay Nair,CobaltHealth,Analyst,Individual,Other,9,Cold Outbound,1,1,3,1,0,0,2,9,52,1,0,0,0
00Q000000004523,Sanjay Bose,BlueHealth,Analyst,Individual,Finance,174,Referral,2,0,5,1,0,1,0,20,86,1,0,0,1
00Q000000004524,Arjun Das,CobaltSolutions,Engineer,Individual,Other,264,Paid Ad,6,3,3,0,0,1,1,6,84,1,0,1,1
00Q000000004525,Ananya Mehta,LumenLabs,Analyst,Individual,Technology,2,Web,1,0,3,0,0,1,0,6,93,1,0,0,0
00Q000000004526,Kavya Gupta,BlueWorks,Director of Sales,Director,Technology,133,Web,2,2,1,0,0,1,0,2,11,0,0,0,0
00Q000000004527,Neha Patel,VertexIndustries,Analyst,Individual,Manufacturing,282,Partner,0,1,1,0,0,1,0,3,20,1,0,0,0
00Q000000004528,Pooja Bose,ZenGroup,Director of IT,Director,Technology,237,Cold Outbound,3,0,0,0,0,0,0,43,57,1,0,0,0
00Q000000004529,Riya Rao,OrbitIndustries,CTO,C-Level,Education,331,Event,3,1,3,2,0,3,2,4,100,0,0,0,1
00Q000000004530,Ananya Iyer,OrbitWorks,IT Manager,Manager,Retail,60,Web,2,2,2,1,1,3,4,1,81,0,0,1,1
00Q000000004531,Neha Sharma,VertexGroup,Ops Manager,Manager,Retail,20,Web,1,0,5,1,1,0,0,1,105,0,1,0,0
00Q000000004532,Arjun Patel,NovaDynamics,Director of Sales,Director,Retail,6,Web,7,6,5,0,1,2,1,7,63,0,1,0,0
00Q000000004533,Rohan Singh,LumenSystems,Analyst,Individual,Retail,512,Cold Outbound,2,0,0,0,0,0,0,3,28,1,0,0,0
00Q000000004534,Pooja Rao,HelixPartners,Ops Manager,Manager,Retail,285,Event,5,0,2,0,0,1,1,2,67,1,0,0,1
00Q000000004535,Pooja Singh,CobaltLabs,Ops Manager,Manager,Retail,574,Cold Outbound,3,1,3,3,0,2,1,10,85,0,1,0,1
00Q000000004536,Divya Iyer,PioneerHealth,VP Engineering,VP,Education,33,Cold Outbound,1,2,2,0,0,1,1,43,24,1,0,0,0
00Q000000004537,Kavya Malhotra,CobaltPartners,VP Sales,VP,Manufacturing,332,Event,4,2,1,1,0,3,0,15,43,1,0,0,1
00Q000000004538,Isha Das,HelixLabs,VP Engineering,VP,Finance,10,Web,2,0,2,0,0,2,0,3,3,0,0,0,0
00Q000000004539,Sneha Gupta,PioneerDynamics,Head of Ops,Director,Healthcare,26,Cold Outbound,1,0,4,0,0,4,3,12,108,0,0,1,0
00Q000000004540,Riya Gupta,NovaIndustries,Sales Manager,Manager,Healthcare,120,Web,5,0,7,1,0,5,1,19,31,1,0,0,0
00Q000000004541,Priya Iyer,HelixGroup,VP Marketing,VP,Finance,269,Cold Outbound,2,1,2,2,0,0,0,3,96,0,0,0,1
00Q000000004542,Meera Patel,BlueGroup,VP Engineering,VP,Healthcare,1234,Event,1,0,2,0,0,0,0,24,64,1,1,0,0
00Q000000004543,Sneha Nair,PioneerIndustries,Sales Manager,Manager,Healthcare,69,Referral,3,2,1,0,0,0,0,35,102,1,1,0,0
00Q000000004544,Vikram Singh,OrbitWorks,CTO,C-Level,Technology,27,Event,2,0,6,0,3,1,1,14,78,1,1,0,1
00Q000000004545,Ananya Singh,OrbitIndustries,VP Sales,VP,Education,25,Referral,2,0,2,0,0,1,1,1,14,1,0,0,1
00Q000000004546,Rohan Nair,QuantaWorks,IT Manager,Manager,Retail,35,Paid Ad,0,0,1,0,0,0,0,11,8,0,0,0,0
00Q000000004547,Neha Das,LumenLabs,Engineer,Individual,Finance,2783,Paid Ad,7,1,3,1,4,2,2,4,104,0,1,1,0
00Q000000004548,Pooja Reddy,QuantaLabs,Engineer,Individual,Other,309,Web,4,1,0,0,1,1,0,7,57,0,0,0,0
00Q000000004549,Isha Joshi,NovaGroup,Director of IT,Director,Other,527,Paid Ad,2,0,0,0,0,1,0,9,30,1,0,0,0
00Q000000004550,Priya Gupta,VertexNetworks,Coordinator,Individual,Education,69,Event,5,0,1,1,0,3,5,1,62,0,0,0,1
00Q000000004551,Pooja Bose,VertexLabs,Sales Manager,Manager,Technology,99,Cold Outbound,1,0,2,0,1,1,1,5,104,1,0,0,0
00Q000000004552,Neha Iyer,BlueLabs,Head of Ops,Director,Finance,283,Cold Outbound,1,0,1,1,1,1,1,6,78,0,0,0,0
00Q000000004553,Amit Nair,SummitLabs,VP Marketing,VP,Healthcare,46,Paid Ad,4,0,4,1,1,1,0,9,56,1,0,0,0
00Q000000004554,Amit Joshi,SummitHealth,VP Sales,VP,Retail,64,Cold Outbound,8,3,5,1,1,3,1,3,52,1,0,0,1
00Q000000004555,Vikram Iyer,NovaSolutions,Head of Ops,Director,Manufacturing,36,Referral,6,3,6,1,1,1,1,4,101,1,0,0,1
00Q000000004556,Pooja Nair,BlueIndustries,Ops Manager,Manager,Retail,50,Web,3,1,1,0,0,2,1,1,106,1,1,0,0
00Q000000004557,Isha Bose,VertexSolutions,Analyst,Individual,Retail,107,Web,5,2,3,0,0,2,0,14,97,1,0,0,1
00Q000000004558,Neha Joshi,LumenIndustries,Director of IT,Director,Other,29,Cold Outbound,2,0,3,0,1,3,0,6,37,1,0,0,1
00Q000000004559,Dev Kapoor,HelixLabs,Coordinator,Individual,Manufacturing,152,Event,1,0,2,0,0,1,0,21,6,1,0,0,0
00Q000000004560,Isha Das,CobaltIndustries,Ops Manager,Manager,Other,152,Cold Outbound,1,2,4,0,0,1,1,3,89,1,0,1,1
00Q000000004561,Meera Das,BlueDynamics,CFO,C-Level,Education,76,Event,1,0,2,0,1,0,0,10,68,1,0,0,0
00Q000000004562,Isha Bose,VertexHealth,IT Manager,Manager,Finance,28,Web,2,1,3,0,0,0,0,8,39,1,1,1,0
00Q000000004563,Nikhil Patel,NovaIndustries,Director of IT,Director,Education,116,Paid Ad,3,0,5,0,0,2,0,7,74,0,0,0,0
00Q000000004564,Nikhil Kapoor,PioneerSolutions,Director of IT,Director,Technology,46,Paid Ad,0,0,3,0,2,1,0,7,7,1,0,0,0
00Q000000004565,Ananya Singh,SummitDynamics,VP Sales,VP,Technology,106,Event,6,1,4,0,0,3,0,17,42,1,0,0,0
00Q000000004566,Arjun Kapoor,ApexGroup,Sales Manager,Manager,Other,516,Cold Outbound,0,0,0,0,0,0,0,24,101,1,0,0,0
00Q000000004567,Neha Joshi,HelixSolutions,Ops Manager,Manager,Healthcare,15,Paid Ad,2,0,3,1,0,0,2,17,111,1,0,0,0
00Q000000004568,Nikhil Nair,OrbitHealth,Engineer,Individual,Healthcare,2592,Referral,4,0,3,0,0,2,1,13,113,1,0,0,0
00Q000000004569,Rahul Kapoor,PioneerPartners,Director of IT,Director,Other,89,Paid Ad,1,1,3,1,0,2,0,1,10,0,0,0,0
00Q000000004570,Karan Nair,SummitIndustries,Engineer,Individual,Finance,184,Referral,4,1,6,0,0,4,1,24,42,1,0,0,1
00Q000000004571,Pooja Kapoor,SummitPartners,Sales Manager,Manager,Technology,32,Cold Outbound,7,2,5,1,0,1,1,4,105,1,0,0,0
00Q000000004572,Nikhil Iyer,ApexSolutions,Director of IT,Director,Technology,551,Referral,4,2,4,0,0,1,0,15,78,0,0,0,1
00Q000000004573,Rahul Verma,ApexDynamics,Engineer,Individual,Manufacturing,82,Paid Ad,2,1,4,0,0,1,0,8,55,1,0,0,0
00Q000000004574,Sneha Patel,PioneerSystems,IT Manager,Manager,Technology,55,Event,3,2,4,0,2,0,4,2,15,1,1,0,0
00Q000000004575,Divya Nair,ZenSystems,Analyst,Individual,Technology,41,Web,2,1,6,1,0,1,1,0,27,0,0,0,1
00Q000000004576,Amit Patel,OrbitSystems,Analyst,Individual,Education,66,Paid Ad,1,0,3,0,1,2,1,90,64,1,0,0,0
00Q000000004577,Arjun Singh,LumenNetworks,Coordinator,Individual,Finance,186,Event,1,0,0,0,0,0,0,10,86,1,1,0,0
00Q000000004578,Isha Khan,PioneerHealth,Analyst,Individual,Manufacturing,128,Paid Ad,3,0,1,1,0,0,0,7,71,0,0,0,0
00Q000000004579,Riya Bose,NovaPartners,COO,C-Level,Technology,93,Paid Ad,4,0,3,1,1,2,1,2,64,0,0,1,1
00Q000000004580,Neha Bose,OrbitSolutions,CFO,C-Level,Manufacturing,34,Web,1,0,1,0,1,1,0,3,79,1,0,0,0
00Q000000004581,Isha Gupta,CobaltLabs,Head of Ops,Director,Manufacturing,31,Web,3,4,1,1,1,3,0,5,18,1,0,1,1
00Q000000004582,Priya Iyer,BluePartners,Director of Sales,Director,Healthcare,49,Paid Ad,3,1,1,0,0,2,0,3,45,1,0,0,0
00Q000000004583,Neha Bose,LumenLabs,Head of Ops,Director,Finance,198,Event,1,2,6,2,4,0,1,3,41,1,0,0,1
00Q000000004584,Aarav Rao,QuantaWorks,VP Engineering,VP,Finance,268,Event,1,0,0,0,1,1,0,8,35,1,0,0,0
00Q000000004585,Dev Singh,LumenSolutions,IT Manager,Manager,Technology,328,Web,2,2,1,0,0,1,2,16,38,1,1,0,0
00Q000000004586,Amit Mehta,QuantaLabs,Engineer,Individual,Technology,99,Referral,3,0,2,1,1,3,1,9,43,1,0,0,1
00Q000000004587,Sneha Verma,SummitSolutions,Head of Ops,Director,Healthcare,176,Paid Ad,8,7,7,1,0,2,3,1,60,1,0,1,1
00Q000000004588,Pooja Khan,ApexNetworks,COO,C-Level,Technology,77,Cold Outbound,0,0,3,0,0,1,0,44,69,1,0,0,0
00Q000000004589,Sanjay Khan,PioneerHealth,Coordinator,Individual,Technology,7,Paid Ad,0,1,0,0,1,4,1,5,40,1,0,0,0
00Q000000004590,Riya Nair,OrbitIndustries,IT Manager,Manager,Technology,71,Paid Ad,3,0,2,0,0,0,1,1,88,1,0,0,1
00Q000000004591,Karan Rao,LumenGroup,IT Manager,Manager,Education,56,Event,2,1,4,3,0,1,5,5,41,1,0,1,1
00Q000000004592,Meera Singh,CobaltSolutions,IT Manager,Manager,Healthcare,20,Paid Ad,4,1,3,0,1,1,2,4,32,1,0,0,0
00Q000000004593,Ananya Malhotra,VertexPartners,Director of IT,Director,Manufacturing,42,Partner,3,0,4,0,0,1,0,0,4,0,0,0,1
00Q000000004594,Ananya Verma,NovaPartners,Ops Manager,Manager,Manufacturing,121,Web,3,2,2,0,0,0,1,4,20,0,0,0,0
00Q000000004595,Kavya Rao,HelixIndustries,CFO,C-Level,Healthcare,18,Paid Ad,1,1,5,2,2,3,0,15,105,1,0,0,0
00Q000000004596,Meera Sharma,OrbitIndustries,Head of Ops,Director,Finance,34,Web,3,2,2,0,0,0,0,10,69,1,1,0,0
00Q000000004597,Karan Patel,QuantaSolutions,Analyst,Individual,Healthcare,1014,Web,2,3,6,0,0,1,4,2,8,1,0,0,1
00Q000000004598,Kavya Iyer,ApexGroup,VP Marketing,VP,Manufacturing,8,Web,3,0,6,0,0,1,1,8,102,1,0,0,0
00Q000000004599,Neha Das,BlueSolutions,Director of IT,Director,Finance,75,Web,7,4,7,4,0,2,1,7,54,1,0,0,1
00Q000000004600,Nikhil Sharma,BlueSystems,Ops Manager,Manager,Technology,17,Referral,3,2,4,1,0,1,2,7,22,1,0,0,1
00Q000000004601,Amit Bose,ApexPartners,IT Manager,Manager,Other,32,Web,3,1,1,1,0,2,4,37,86,1,1,0,0
00Q000000004602,Divya Nair,VertexLabs,VP Marketing,VP,Retail,73,Web,2,1,1,1,0,1,1,29,24,1,0,0,0
00Q000000004603,Pooja Rao,CobaltHealth,Sales Manager,Manager,Technology,22,Web,2,0,2,0,0,2,0,13,38,0,0,0,0
00Q000000004604,Sanjay Rao,NovaHealth,Coordinator,Individual,Other,235,Web,2,1,2,0,0,4,2,3,88,0,0,0,0
00Q000000004605,Amit Malhotra,NovaWorks,Sales Manager,Manager,Technology,755,Referral,4,1,4,1,0,2,0,12,98,0,1,0,0
00Q000000004606,Divya Bose,VertexGroup,Coordinator,Individual,Technology,351,Cold Outbound,3,1,0,0,1,2,0,12,78,1,1,0,0
00Q000000004607,Kavya Das,LumenHealth,Director of IT,Director,Technology,462,Paid Ad,6,1,7,0,0,0,1,3,101,1,0,0,0
00Q000000004608,Meera Bose,ApexWorks,Analyst,Individual,Other,12,Web,0,0,3,0,0,1,0,10,118,1,0,0,0
00Q000000004609,Priya Mehta,SummitSystems,Head of Ops,Director,Technology,69,Referral,2,1,1,0,0,2,1,0,52,1,0,0,1
00Q000000004610,Rahul Singh,CobaltGroup,Ops Manager,Manager,Education,200,Event,3,0,3,2,0,1,2,10,9,1,0,0,1
00Q000000004611,Riya Gupta,NovaDynamics,VP Sales,VP,Retail,367,Web,4,1,6,0,1,2,2,3,70,1,0,1,1
00Q000000004612,Karan Mehta,VertexIndustries,IT Manager,Manager,Manufacturing,1380,Referral,1,2,0,0,0,0,1,2,53,1,0,0,0
00Q000000004613,Pooja Rao,OrbitPartners,COO,C-Level,Finance,494,Referral,1,1,1,0,0,1,1,5,104,1,0,0,1
00Q000000004614,Nikhil Reddy,ApexIndustries,VP Engineering,VP,Technology,381,Event,0,1,0,0,0,2,0,1,25,0,0,0,0
00Q000000004615,Isha Bose,LumenGroup,Coordinator,Individual,Retail,5168,Paid Ad,5,2,5,2,1,1,1,13,112,0,1,0,0
00Q000000004616,Sanjay Kapoor,VertexGroup,Director of IT,Director,Healthcare,114,Event,0,0,0,0,0,0,0,90,76,0,0,0,0
00Q000000004617,Karan Das,ApexHealth,Analyst,Individual,Manufacturing,64,Web,0,1,3,0,0,2,0,13,102,1,0,0,0
00Q000000004618,Isha Iyer,BlueIndustries,VP Engineering,VP,Technology,129,Web,14,6,6,5,2,4,4,3,72,1,0,1,1
00Q000000004619,Arjun Iyer,ZenWorks,Director of IT,Director,Retail,25,Cold Outbound,5,2,4,1,0,3,0,2,8,1,0,1,1
00Q000000004620,Divya Das,HelixSolutions,Engineer,Individual,Retail,110,Paid Ad,0,0,1,0,0,1,0,27,6,0,0,0,0
00Q000000004621,Priya Iyer,SummitDynamics,Coordinator,Individual,Manufacturing,7,Paid Ad,3,0,4,0,0,0,1,3,36,0,0,0,0
00Q000000004622,Ananya Mehta,HelixGroup,IT Manager,Manager,Healthcare,44,Cold Outbound,2,1,2,0,0,1,0,4,6,1,1,0,0
00Q000000004623,Isha Khan,ZenSolutions,VP Sales,VP,Finance,83,Paid Ad,6,0,1,1,1,2,2,1,22,1,0,0,1
00Q000000004624,Vikram Iyer,SummitSolutions,Director of IT,Director,Finance,413,Web,9,4,9,0,1,1,1,4,68,1,0,1,1
00Q000000004625,Rahul Kapoor,VertexSystems,Coordinator,Individual,Technology,526,Paid Ad,3,1,5,1,0,1,1,3,115,1,0,1,1
00Q000000004626,Amit Malhotra,SummitPartners,IT Manager,Manager,Retail,23,Web,1,2,2,0,0,2,0,1,50,0,1,0,0
00Q000000004627,Arjun Rao,QuantaPartners,Ops Manager,Manager,Technology,2239,Paid Ad,3,3,5,1,0,1,3,1,41,0,1,0,1
00Q000000004628,Neha Bose,BlueSystems,Sales Manager,Manager,Technology,124,Event,0,0,2,0,0,1,0,56,4,0,0,0,0
00Q000000004629,Isha Bose,QuantaPartners,Coordinator,Individual,Technology,142,Web,1,0,3,0,0,1,0,27,56,0,1,0,0
00Q000000004630,Meera Gupta,CobaltSolutions,Ops Manager,Manager,Technology,8,Web,1,1,0,0,0,0,0,34,54,1,0,0,0
00Q000000004631,Sneha Nair,VertexDynamics,VP Engineering,VP,Manufacturing,39,Event,2,1,1,0,0,0,0,2,19,1,0,0,0
00Q000000004632,Meera Nair,QuantaWorks,Sales Manager,Manager,Retail,480,Paid Ad,2,1,2,0,0,1,3,14,88,1,1,0,0
00Q000000004633,Amit Rao,PioneerWorks,Director of IT,Director,Healthcare,128,Web,1,1,1,0,0,0,1,22,38,1,0,0,0
00Q000000004634,Pooja Verma,OrbitPartners,Sales Manager,Manager,Healthcare,116,Web,3,2,0,0,0,2,0,17,94,0,0,0,0
00Q000000004635,Sanjay Kapoor,PioneerHealth,Sales Manager,Manager,Manufacturing,139,Referral,2,1,1,0,0,0,0,11,58,1,1,0,0
00Q000000004636,Priya Singh,PioneerSystems,Director of Sales,Director,Manufacturing,11,Partner,1,0,1,0,0,0,0,29,21,1,0,0,0
00Q000000004637,Meera Das,VertexSystems,Analyst,Individual,Education,86,Partner,1,0,2,1,0,1,0,15,34,0,0,0,0
00Q000000004638,Dev Bose,OrbitGroup,Coordinator,Individual,Education,822,Paid Ad,1,0,2,0,0,1,0,28,4,1,0,0,0
00Q000000004639,Divya Verma,HelixGroup,CFO,C-Level,Education,507,Event,0,0,1,0,0,2,0,6,104,1,0,0,0
00Q000000004640,Pooja Singh,ZenGroup,VP Engineering,VP,Education,82,Event,3,2,5,2,1,2,0,6,36,1,0,0,1
00Q000000004641,Neha Verma,ApexLabs,Head of Ops,Director,Education,1038,Web,2,3,2,0,0,4,1,67,18,1,1,0,0
00Q000000004642,Sanjay Nair,BlueSystems,Analyst,Individual,Manufacturing,15,Web,2,0,4,1,0,1,2,7,98,0,1,1,0
00Q000000004643,Dev Nair,VertexGroup,Engineer,Individual,Manufacturing,23,Web,3,1,1,1,0,1,1,8,110,0,0,0,0
00Q000000004644,Rohan Verma,NovaSolutions,Engineer,Individual,Retail,1628,Cold Outbound,1,2,2,1,1,3,0,49,44,1,0,0,0
00Q000000004645,Divya Kapoor,ZenSystems,COO,C-Level,Technology,236,Event,2,1,2,0,1,0,0,12,109,1,1,0,0
00Q000000004646,Aarav Rao,CobaltLabs,VP Sales,VP,Finance,64,Web,1,0,0,0,0,0,2,25,41,1,0,0,0
00Q000000004647,Arjun Rao,ApexDynamics,Ops Manager,Manager,Other,91,Paid Ad,3,1,0,0,0,2,0,41,41,0,0,0,0
00Q000000004648,Pooja Verma,QuantaWorks,COO,C-Level,Manufacturing,29,Web,1,1,3,0,1,1,0,5,3,1,0,0,1
00Q000000004649,Rahul Rao,OrbitLabs,Coordinator,Individual,Technology,150,Event,3,2,2,1,0,0,0,14,98,0,0,0,0
00Q000000004650,Nikhil Das,ApexSystems,Sales Manager,Manager,Healthcare,133,Paid Ad,0,1,1,0,0,0,2,11,77,0,0,0,0
00Q000000004651,Dev Nair,ApexWorks,Coordinator,Individual,Technology,102,Partner,4,2,5,2,2,2,2,2,109,1,0,0,1
00Q000000004652,Sanjay Gupta,PioneerDynamics,Ops Manager,Manager,Finance,17,Paid Ad,3,0,5,2,0,0,0,2,105,1,0,0,0
00Q000000004653,Riya Joshi,SummitLabs,CTO,C-Level,Manufacturing,147,Cold Outbound,2,0,0,0,0,1,0,18,109,1,0,0,0
00Q000000004654,Riya Sharma,CobaltDynamics,VP Marketing,VP,Manufacturing,44,Web,2,1,3,0,0,0,0,14,35,1,0,0,1
00Q000000004655,Sanjay Bose,NovaGroup,Analyst,Individual,Healthcare,22,Paid Ad,1,0,2,0,1,1,0,15,61,1,0,0,0
00Q000000004656,Neha Joshi,NovaHealth,Coordinator,Individual,Technology,665,Cold Outbound,3,0,2,1,0,2,0,10,32,1,0,0,0
00Q000000004657,Meera Kapoor,HelixNetworks,Sales Manager,Manager,Healthcare,2577,Referral,2,0,1,0,0,2,1,3,51,0,0,0,0
00Q000000004658,Sanjay Sharma,PioneerGroup,Engineer,Individual,Technology,1833,Partner,3,0,1,0,0,1,1,70,118,1,1,0,0
00Q000000004659,Sneha Das,CobaltPartners,Sales Manager,Manager,Healthcare,263,Cold Outbound,0,1,0,0,0,2,0,5,56,1,0,0,0
00Q000000004660,Divya Patel,PioneerDynamics,Ops Manager,Manager,Retail,66,Paid Ad,2,0,0,0,0,4,0,22,31,1,0,0,0
00Q000000004661,Rahul Malhotra,BlueSystems,Engineer,Individual,Technology,89,Web,0,0,1,0,0,0,1,5,40,1,0,1,1
00Q000000004662,Rohan Patel,ApexIndustries,Analyst,Individual,Other,182,Web,2,1,1,1,1,0,1,4,53,0,0,1,1
00Q000000004663,Kavya Bose,ZenDynamics,Analyst,Individual,Manufacturing,52,Paid Ad,3,0,4,0,0,2,0,6,61,1,0,0,0
00Q000000004664,Amit Khan,NovaDynamics,CFO,C-Level,Technology,719,Cold Outbound,10,4,9,2,0,3,2,3,88,1,0,1,1
00Q000000004665,Ananya Patel,LumenGroup,Sales Manager,Manager,Healthcare,4,Web,5,2,3,0,1,0,0,9,98,0,0,0,0
00Q000000004666,Sanjay Kapoor,HelixLabs,Sales Manager,Manager,Technology,63,Referral,2,3,3,1,0,2,2,11,39,1,0,0,0
00Q000000004667,Meera Bose,NovaIndustries,IT Manager,Manager,Technology,330,Web,4,1,4,0,0,1,0,1,82,1,0,0,1
00Q000000004668,Neha Malhotra,HelixPartners,Head of Ops,Director,Other,28,Event,6,3,4,3,1,1,4,1,82,0,0,1,1
00Q000000004669,Ananya Patel,PioneerIndustries,Analyst,Individual,Retail,69,Partner,1,2,4,0,0,0,1,7,108,0,0,0,0
00Q000000004670,Sneha Malhotra,BlueIndustries,Coordinator,Individual,Retail,242,Event,0,0,1,0,0,0,0,19,109,1,1,0,0
00Q000000004671,Isha Singh,BlueDynamics,Director of Sales,Director,Manufacturing,970,Event,1,0,1,0,0,2,1,4,24,1,0,0,1
00Q000000004672,Divya Malhotra,HelixHealth,Head of Ops,Director,Other,14,Paid Ad,2,0,2,2,0,3,1,9,108,0,0,0,1
00Q000000004673,Pooja Reddy,NovaHealth,Analyst,Individual,Other,12,Event,1,0,3,0,0,2,1,7,65,1,0,0,0
00Q000000004674,Priya Joshi,NovaPartners,Ops Manager,Manager,Technology,24,Paid Ad,5,1,3,2,0,1,0,3,114,1,0,0,0
00Q000000004675,Meera Patel,ApexNetworks,CEO,C-Level,Technology,9,Web,5,3,8,1,0,4,2,11,1,1,0,0,1
00Q000000004676,Priya Kapoor,NovaGroup,Coordinator,Individual,Healthcare,11,Web,4,0,3,0,1,3,3,11,91,1,0,0,0
00Q000000004677,Sanjay Nair,VertexLabs,Coordinator,Individual,Finance,23,Cold Outbound,3,1,1,0,0,1,2,8,31,1,0,0,0
00Q000000004678,Rahul Sharma,ZenDynamics,IT Manager,Manager,Manufacturing,632,Event,0,1,0,0,1,1,1,8,113,1,0,0,0
00Q000000004679,Arjun Reddy,ApexDynamics,Engineer,Individual,Finance,62,Referral,2,0,0,0,0,1,0,6,8,1,0,0,0
00Q000000004680,Rahul Gupta,LumenNetworks,Head of Ops,Director,Education,104,Event,4,2,5,1,0,0,1,13,73,1,0,1,1
00Q000000004681,Priya Singh,ApexNetworks,Director of IT,Director,Technology,23,Paid Ad,3,0,4,1,0,1,0,8,14,1,0,0,0
00Q000000004682,Dev Singh,LumenDynamics,Ops Manager,Manager,Education,257,Web,0,0,1,0,0,2,0,3,119,0,0,0,0
00Q000000004683,Riya Sharma,BlueLabs,Director of Sales,Director,Healthcare,1658,Paid Ad,0,1,5,1,1,0,1,21,97,0,0,0,0
00Q000000004684,Sanjay Kapoor,VertexNetworks,IT Manager,Manager,Technology,26,Web,2,0,2,0,0,1,0,71,64,1,0,0,0
00Q000000004685,Amit Singh,HelixDynamics,Head of Ops,Director,Education,1322,Cold Outbound,2,1,2,1,1,1,1,5,56,1,0,0,0
00Q000000004686,Sanjay Mehta,PioneerWorks,Coordinator,Individual,Healthcare,171,Paid Ad,0,0,1,0,0,1,0,14,88,1,0,0,0
00Q000000004687,Divya Gupta,VertexSolutions,Ops Manager,Manager,Retail,102,Partner,1,0,0,0,0,0,2,13,70,0,0,0,0
00Q000000004688,Divya Khan,ZenWorks,Director of IT,Director,Education,181,Paid Ad,3,2,3,0,1,0,0,17,113,1,0,0,0
00Q000000004689,Pooja Gupta,SummitDynamics,Sales Manager,Manager,Technology,178,Partner,2,0,3,1,1,1,1,10,59,1,0,0,0
00Q000000004690,Ananya Iyer,LumenGroup,Engineer,Individual,Finance,1612,Referral,8,2,6,3,2,4,0,3,79,1,0,0,1
00Q000000004691,Karan Singh,NovaDynamics,Sales Manager,Manager,Technology,217,Web,0,1,0,0,0,1,0,14,86,1,1,0,0
00Q000000004692,Neha Bose,PioneerSolutions,Head of Ops,Director,Technology,224,Cold Outbound,0,1,2,2,0,1,3,11,17,1,0,0,0
00Q000000004693,Vikram Gupta,VertexLabs,Engineer,Individual,Other,52,Cold Outbound,0,0,4,0,1,1,0,38,41,1,0,0,0
00Q000000004694,Sanjay Nair,QuantaIndustries,Head of Ops,Director,Education,350,Cold Outbound,1,1,0,0,0,0,1,30,14,1,0,0,0
00Q000000004695,Dev Bose,BlueNetworks,Head of Ops,Director,Finance,23,Cold Outbound,4,3,3,2,0,1,0,6,2,1,1,0,1
00Q000000004696,Riya Bose,VertexLabs,Director of IT,Director,Retail,117,Paid Ad,5,1,7,0,1,2,2,15,43,1,0,0,1
00Q000000004697,Riya Patel,ApexSolutions,Coordinator,Individual,Other,7517,Event,3,0,1,0,0,1,0,19,80,0,0,0,0
00Q000000004698,Neha Iyer,ApexDynamics,VP Marketing,VP,Technology,2,Partner,3,3,5,0,1,2,0,17,26,0,0,0,0
00Q000000004699,Dev Rao,ApexDynamics,Analyst,Individual,Technology,141,Web,1,2,0,0,0,2,1,10,59,1,0,0,0
00Q000000004700,Meera Malhotra,LumenIndustries,VP Engineering,VP,Education,149,Partner,3,0,1,0,1,1,2,1,93,1,0,1,1
00Q000000004701,Arjun Rao,LumenWorks,Director of Sales,Director,Retail,70,Partner,2,2,1,1,0,1,1,3,21,1,1,0,0
00Q000000004702,Kavya Sharma,ApexGroup,Analyst,Individual,Technology,73,Paid Ad,1,0,1,0,0,2,0,10,53,1,1,0,0
00Q000000004703,Rohan Patel,SummitWorks,Director of IT,Director,Healthcare,114,Event,1,1,3,0,0,0,0,4,38,1,0,0,1
00Q000000004704,Nikhil Rao,LumenLabs,Ops Manager,Manager,Technology,68,Paid Ad,3,1,4,0,0,2,4,13,95,0,1,0,0
00Q000000004705,Sneha Joshi,VertexHealth,Ops Manager,Manager,Manufacturing,138,Cold Outbound,1,2,2,0,0,1,1,10,91,1,0,0,0
00Q000000004706,Divya Patel,SummitWorks,Sales Manager,Manager,Retail,47,Web,1,0,2,2,0,3,1,9,19,0,0,0,0
00Q000000004707,Aarav Nair,LumenHealth,Director of IT,Director,Finance,2066,Referral,1,1,1,0,0,2,0,11,59,1,0,0,1
00Q000000004708,Karan Das,PioneerSolutions,Director of IT,Director,Education,68,Paid Ad,1,1,3,0,0,0,0,6,89,1,0,0,0
00Q000000004709,Sneha Kapoor,ZenWorks,VP Marketing,VP,Healthcare,233,Cold Outbound,4,2,5,0,0,2,0,36,82,0,0,0,1
00Q000000004710,Nikhil Patel,QuantaIndustries,Engineer,Individual,Retail,36,Paid Ad,4,1,3,2,0,3,0,9,47,1,1,0,0
00Q000000004711,Neha Singh,ApexIndustries,Director of IT,Director,Manufacturing,403,Paid Ad,0,1,3,0,1,0,0,12,63,1,0,0,1
00Q000000004712,Ananya Iyer,ApexSolutions,Head of Ops,Director,Healthcare,298,Web,1,2,4,1,1,2,2,5,77,0,1,0,1
00Q000000004713,Rohan Kapoor,SummitLabs,Head of Ops,Director,Finance,186,Event,3,0,3,0,0,0,1,3,33,0,0,0,0
00Q000000004714,Meera Joshi,NovaPartners,Sales Manager,Manager,Technology,21,Cold Outbound,1,0,1,1,0,1,0,32,34,1,0,0,0
00Q000000004715,Vikram Singh,QuantaPartners,IT Manager,Manager,Retail,32,Referral,6,6,7,1,1,1,0,9,36,1,0,0,1
00Q000000004716,Divya Khan,QuantaIndustries,Head of Ops,Director,Retail,1247,Event,4,3,8,0,0,1,0,43,37,1,0,1,0
00Q000000004717,Kavya Rao,VertexSolutions,IT Manager,Manager,Finance,31,Referral,2,1,3,1,0,3,0,19,67,1,0,0,0
00Q000000004718,Arjun Kapoor,VertexLabs,Engineer,Individual,Other,260,Referral,3,0,3,0,1,1,1,15,44,1,1,0,1
00Q000000004719,Arjun Mehta,HelixPartners,IT Manager,Manager,Education,24,Event,1,1,2,0,0,0,0,5,80,1,1,0,1
00Q000000004720,Nikhil Iyer,ApexHealth,Coordinator,Individual,Technology,451,Partner,1,0,1,0,0,0,0,31,119,1,0,0,0
00Q000000004721,Kavya Gupta,CobaltDynamics,Engineer,Individual,Technology,35,Event,2,0,0,0,1,0,2,21,72,1,0,0,0
00Q000000004722,Meera Singh,BlueDynamics,Coordinator,Individual,Manufacturing,23,Paid Ad,1,0,1,0,0,2,1,1,105,0,0,0,0
00Q000000004723,Vikram Iyer,CobaltNetworks,Director of Sales,Director,Technology,34,Event,6,0,4,1,0,0,0,52,71,1,0,0,0
00Q000000004724,Ananya Sharma,HelixGroup,COO,C-Level,Other,43,Cold Outbound,3,0,1,1,1,1,1,12,14,1,0,0,0
00Q000000004725,Ananya Iyer,ZenHealth,IT Manager,Manager,Manufacturing,182,Web,6,0,4,3,1,2,2,18,106,1,0,0,1
00Q000000004726,Divya Gupta,ApexDynamics,Engineer,Individual,Technology,110,Web,4,1,1,0,1,1,0,27,12,1,0,0,0
00Q000000004727,Ananya Rao,VertexHealth,VP Engineering,VP,Healthcare,19,Event,1,0,2,0,0,0,1,5,94,1,1,0,0
00Q000000004728,Karan Khan,QuantaSolutions,Analyst,Individual,Technology,95,Cold Outbound,3,0,4,3,0,1,0,4,70,1,1,0,1
00Q000000004729,Rohan Kapoor,CobaltWorks,COO,C-Level,Healthcare,17,Paid Ad,1,1,4,0,0,2,1,8,8,1,0,1,1
00Q000000004730,Rahul Singh,ApexNetworks,IT Manager,Manager,Finance,261,Paid Ad,3,2,5,0,1,1,1,7,62,1,0,0,0
00Q000000004731,Ananya Khan,BluePartners,Coordinator,Individual,Education,343,Event,2,2,2,0,1,1,0,13,56,1,0,0,0
00Q000000004732,Dev Mehta,ZenDynamics,Ops Manager,Manager,Retail,95,Referral,8,4,7,3,0,1,2,10,48,0,0,1,1
00Q000000004733,Pooja Mehta,VertexGroup,Sales Manager,Manager,Other,149,Cold Outbound,0,1,0,0,0,1,0,4,57,0,0,0,0
00Q000000004734,Divya Malhotra,QuantaNetworks,Director of Sales,Director,Technology,1377,Event,1,1,1,0,0,1,1,7,69,1,0,0,0
00Q000000004735,Amit Joshi,LumenWorks,Coordinator,Individual,Healthcare,78,Paid Ad,4,1,0,0,1,2,0,21,40,1,0,0,0
00Q000000004736,Ananya Nair,PioneerDynamics,VP Engineering,VP,Education,24,Partner,1,1,3,0,0,0,1,2,52,1,0,0,1
00Q000000004737,Nikhil Nair,PioneerDynamics,Head of Ops,Director,Finance,237,Paid Ad,2,1,2,0,0,3,0,11,8,1,0,1,1
00Q000000004738,Pooja Iyer,BlueWorks,VP Marketing,VP,Finance,18,Web,2,2,3,1,3,4,1,18,118,1,0,0,0
00Q000000004739,Pooja Reddy,NovaSolutions,VP Engineering,VP,Other,72,Referral,4,0,2,0,0,1,1,3,114,1,0,0,1
00Q000000004740,Pooja Khan,ZenIndustries,Engineer,Individual,Retail,40,Web,3,1,1,0,0,2,0,13,26,1,0,0,0
00Q000000004741,Neha Verma,BlueWorks,IT Manager,Manager,Education,34,Cold Outbound,2,2,2,1,0,2,1,17,111,1,0,0,1
00Q000000004742,Aarav Verma,NovaSystems,VP Engineering,VP,Healthcare,68,Cold Outbound,4,1,3,0,0,1,0,14,71,1,0,1,1
00Q000000004743,Dev Khan,ApexSolutions,Ops Manager,Manager,Manufacturing,383,Event,0,0,3,0,0,0,1,18,20,0,1,0,0
00Q000000004744,Amit Singh,SummitSystems,Engineer,Individual,Healthcare,522,Cold Outbound,4,0,1,0,1,1,1,13,51,1,1,0,0
00Q000000004745,Isha Reddy,NovaIndustries,Coordinator,Individual,Healthcare,399,Web,7,1,3,0,0,2,0,10,2,0,1,0,0
00Q000000004746,Kavya Khan,NovaSystems,Coordinator,Individual,Technology,164,Web,1,2,4,0,1,0,2,8,34,1,1,0,0
00Q000000004747,Vikram Bose,QuantaWorks,VP Engineering,VP,Education,67,Web,1,2,1,0,0,2,0,35,102,1,0,0,0
00Q000000004748,Sanjay Joshi,ApexDynamics,Sales Manager,Manager,Healthcare,2,Cold Outbound,1,1,2,0,0,1,0,7,80,1,0,0,0
00Q000000004749,Rahul Rao,OrbitDynamics,Head of Ops,Director,Manufacturing,172,Web,1,0,1,0,0,0,0,33,86,1,0,0,0
00Q000000004750,Nikhil Rao,OrbitLabs,CFO,C-Level,Education,3,Web,6,2,4,1,1,0,1,2,55,0,0,0,0
00Q000000004751,Aarav Khan,BlueWorks,Coordinator,Individual,Retail,5,Web,0,1,3,0,1,1,1,2,93,1,0,0,0
00Q000000004752,Priya Khan,LumenLabs,Director of IT,Director,Technology,78,Event,5,0,1,0,0,0,2,0,105,1,0,0,1
00Q000000004753,Nikhil Singh,PioneerIndustries,Engineer,Individual,Manufacturing,147,Event,1,0,0,0,0,0,0,9,69,1,1,0,0
00Q000000004754,Divya Khan,LumenLabs,Coordinator,Individual,Healthcare,50,Web,2,3,4,2,0,0,2,2,96,1,0,0,1
00Q000000004755,Meera Joshi,CobaltSystems,Coordinator,Individual,Finance,995,Partner,0,1,0,0,0,3,0,9,67,1,0,0,0
00Q000000004756,Divya Iyer,HelixHealth,Ops Manager,Manager,Technology,198,Cold Outbound,0,1,2,0,0,1,1,9,15,1,1,0,0
00Q000000004757,Isha Sharma,SummitNetworks,Ops Manager,Manager,Manufacturing,68,Referral,6,3,6,0,0,1,1,3,1,0,1,1,1
00Q000000004758,Karan Sharma,ApexIndustries,Ops Manager,Manager,Retail,795,Cold Outbound,1,1,1,0,0,1,1,26,8,1,0,0,0
00Q000000004759,Amit Reddy,SummitPartners,Engineer,Individual,Other,1040,Partner,1,0,0,0,0,2,0,17,87,1,0,0,0
00Q000000004760,Aarav Patel,BlueGroup,Analyst,Individual,Finance,214,Cold Outbound,3,1,1,1,0,1,0,2,15,1,0,0,0
00Q000000004761,Sneha Iyer,LumenIndustries,Director of IT,Director,Healthcare,31,Web,8,7,12,3,3,3,3,0,85,0,0,1,1
00Q000000004762,Meera Khan,NovaNetworks,Engineer,Individual,Technology,43,Cold Outbound,5,0,1,1,0,2,1,7,88,0,1,0,0
00Q000000004763,Nikhil Nair,ApexDynamics,VP Marketing,VP,Other,11,Paid Ad,5,0,5,0,0,1,2,2,101,1,0,0,1
00Q000000004764,Sneha Bose,HelixIndustries,CEO,C-Level,Education,93,Web,4,2,2,1,0,3,2,14,118,1,0,0,1
00Q000000004765,Rahul Rao,CobaltSystems,Director of IT,Director,Other,20,Partner,1,1,2,0,0,1,0,13,85,0,0,0,0
00Q000000004766,Rahul Sharma,ZenLabs,IT Manager,Manager,Healthcare,60,Web,0,0,1,0,0,0,0,7,117,1,0,0,0
00Q000000004767,Riya Bose,OrbitWorks,Director of IT,Director,Technology,147,Partner,3,2,5,1,0,0,0,8,56,1,1,0,1
00Q000000004768,Rahul Patel,ApexHealth,Director of IT,Director,Manufacturing,5,Paid Ad,1,0,1,0,0,2,0,17,29,1,0,0,0
00Q000000004769,Meera Mehta,LumenWorks,CTO,C-Level,Finance,14,Event,11,0,5,3,0,2,3,13,9,0,0,1,1
00Q000000004770,Dev Das,ZenGroup,COO,C-Level,Finance,46,Web,6,2,5,0,1,1,1,4,69,0,0,1,1
00Q000000004771,Ananya Nair,NovaSolutions,Sales Manager,Manager,Technology,91,Cold Outbound,0,0,0,0,0,1,0,90,61,1,0,0,0
00Q000000004772,Nikhil Khan,VertexWorks,Director of Sales,Director,Technology,47,Web,2,1,3,0,1,3,1,16,94,0,0,0,0
00Q000000004773,Amit Malhotra,PioneerNetworks,VP Sales,VP,Finance,66,Cold Outbound,5,1,1,1,0,0,2,8,77,0,0,0,0
00Q000000004774,Amit Nair,CobaltSolutions,Coordinator,Individual,Other,34,Paid Ad,3,2,3,0,0,1,0,15,74,0,0,1,1
00Q000000004775,Kavya Patel,BlueDynamics,IT Manager,Manager,Retail,11,Web,4,1,1,1,0,0,0,4,2,1,0,0,0
00Q000000004776,Pooja Khan,NovaGroup,Director of IT,Director,Retail,44,Paid Ad,0,0,4,0,0,0,0,10,70,1,0,0,0
00Q000000004777,Vikram Nair,ZenPartners,Director of IT,Director,Technology,72,Cold Outbound,1,0,4,0,0,1,0,6,98,1,0,0,0
00Q000000004778,Rohan Patel,ZenGroup,IT Manager,Manager,Retail,62,Cold Outbound,2,0,3,1,0,0,0,22,18,1,0,0,0
00Q000000004779,Divya Rao,ApexLabs,Coordinator,Individual,Healthcare,117,Web,4,0,6,2,2,1,2,7,80,1,1,0,1
00Q000000004780,Sanjay Bose,SummitPartners,Engineer,Individual,Technology,186,Web,5,0,4,1,0,1,0,9,46,0,1,0,0
00Q000000004781,Rahul Das,LumenWorks,Sales Manager,Manager,Healthcare,276,Web,6,2,0,0,1,0,3,4,100,0,0,0,0
00Q000000004782,Meera Joshi,CobaltSolutions,VP Sales,VP,Technology,38,Partner,1,1,1,0,0,1,1,9,49,1,0,0,0
00Q000000004783,Rohan Mehta,PioneerNetworks,VP Marketing,VP,Education,9,Web,5,3,5,0,0,1,0,4,113,1,0,0,0
00Q000000004784,Nikhil Sharma,ZenPartners,IT Manager,Manager,Education,670,Web,2,0,1,0,0,0,2,7,82,0,0,0,1
00Q000000004785,Ananya Reddy,SummitNetworks,Coordinator,Individual,Finance,177,Event,0,0,2,0,0,0,0,1,97,0,0,0,0
00Q000000004786,Priya Sharma,SummitWorks,Director of IT,Director,Manufacturing,23,Cold Outbound,0,1,0,0,0,0,0,43,105,1,0,0,0
00Q000000004787,Aarav Verma,NovaPartners,Director of IT,Director,Finance,150,Referral,4,0,2,1,0,1,2,7,47,1,0,0,1
00Q000000004788,Sanjay Das,BlueLabs,Sales Manager,Manager,Technology,493,Paid Ad,7,2,3,0,1,3,1,2,17,1,0,1,0
00Q000000004789,Divya Singh,VertexGroup,Sales Manager,Manager,Retail,1331,Web,2,3,2,2,0,1,0,18,8,0,0,0,0
00Q000000004790,Pooja Gupta,HelixPartners,Analyst,Individual,Retail,144,Paid Ad,0,0,1,0,0,1,0,83,1,0,0,0,0
00Q000000004791,Meera Nair,NovaNetworks,Director of Sales,Director,Retail,487,Paid Ad,0,0,0,0,0,0,0,8,10,1,0,0,0
00Q000000004792,Riya Mehta,OrbitPartners,Head of Ops,Director,Technology,16,Cold Outbound,3,1,1,0,0,2,0,22,84,1,1,0,0
00Q000000004793,Sanjay Verma,VertexNetworks,Ops Manager,Manager,Manufacturing,94,Paid Ad,2,0,1,0,0,0,0,3,75,1,1,0,0
00Q000000004794,Sneha Verma,NovaWorks,VP Sales,VP,Technology,60,Web,1,0,3,0,1,3,2,6,56,0,0,1,1
00Q000000004795,Pooja Bose,HelixLabs,Director of IT,Director,Technology,166,Event,2,0,1,0,1,1,0,46,85,1,0,0,0
00Q000000004796,Sanjay Sharma,SummitWorks,CEO,C-Level,Technology,1115,Web,3,0,1,1,0,0,0,3,61,0,0,0,1
00Q000000004797,Arjun Sharma,QuantaSolutions,Sales Manager,Manager,Technology,144,Web,4,5,0,0,0,4,2,3,92,1,0,0,1
00Q000000004798,Rohan Kapoor,LumenLabs,Sales Manager,Manager,Finance,24,Cold Outbound,3,0,3,0,0,1,1,33,42,0,0,0,0
00Q000000004799,Arjun Sharma,LumenLabs,COO,C-Level,Finance,14,Event,0,0,4,0,0,0,2,0,116,1,0,0,0
00Q000000004800,Pooja Joshi,OrbitIndustries,COO,C-Level,Retail,1174,Cold Outbound,4,1,4,0,0,0,1,32,85,1,0,0,0
00Q000000004801,Priya Singh,BlueDynamics,CEO,C-Level,Finance,215,Web,3,0,3,0,2,2,2,2,87,1,0,0,0
00Q000000004802,Divya Singh,NovaWorks,VP Sales,VP,Technology,194,Cold Outbound,3,0,2,1,0,1,2,12,41,0,0,0,1
00Q000000004803,Vikram Khan,NovaDynamics,Ops Manager,Manager,Other,59,Cold Outbound,4,0,5,1,2,3,0,1,119,1,0,0,0
00Q000000004804,Pooja Sharma,QuantaGroup,Analyst,Individual,Education,148,Paid Ad,2,0,4,1,0,2,2,9,13,1,0,0,0
00Q000000004805,Isha Khan,ApexSystems,Ops Manager,Manager,Technology,22,Web,1,0,1,0,0,0,0,8,51,1,0,1,0
00Q000000004806,Nikhil Das,NovaIndustries,CTO,C-Level,Finance,177,Cold Outbound,15,3,8,3,0,1,0,2,61,1,0,0,1
00Q000000004807,Riya Nair,VertexSystems,Ops Manager,Manager,Technology,17,Cold Outbound,5,1,0,0,1,2,0,5,27,1,1,0,0
00Q000000004808,Pooja Das,PioneerNetworks,Head of Ops,Director,Other,58,Web,2,0,0,0,0,0,0,14,118,1,0,0,0
00Q000000004809,Priya Das,BluePartners,CFO,C-Level,Finance,37,Cold Outbound,2,1,1,0,0,1,0,5,62,1,0,0,0
00Q000000004810,Amit Verma,ZenWorks,CEO,C-Level,Technology,2,Cold Outbound,3,1,4,0,0,1,2,15,86,0,0,0,1
00Q000000004811,Sanjay Joshi,ApexSolutions,COO,C-Level,Retail,59,Web,1,0,3,0,1,0,1,13,8,1,0,0,1
00Q000000004812,Ananya Malhotra,SummitLabs,Ops Manager,Manager,Retail,25,Event,3,2,2,1,1,1,0,8,17,1,0,0,0
00Q000000004813,Arjun Verma,PioneerSystems,IT Manager,Manager,Finance,72,Referral,4,1,1,0,1,1,0,14,67,1,0,0,0
00Q000000004814,Sneha Sharma,SummitSolutions,CEO,C-Level,Finance,99,Event,2,1,6,0,1,1,0,9,89,1,0,0,1
00Q000000004815,Vikram Verma,ApexGroup,Coordinator,Individual,Healthcare,1410,Cold Outbound,0,0,2,0,0,1,0,3,50,1,0,0,0
00Q000000004816,Vikram Bose,ApexNetworks,Engineer,Individual,Finance,157,Cold Outbound,8,2,3,3,1,1,2,6,30,0,1,0,0
00Q000000004817,Riya Gupta,LumenIndustries,COO,C-Level,Finance,164,Web,2,1,2,0,0,3,2,5,40,1,0,0,1
00Q000000004818,Dev Patel,QuantaHealth,Director of IT,Director,Education,209,Paid Ad,3,4,2,1,1,1,0,2,83,1,0,0,1
00Q000000004819,Sanjay Singh,PioneerDynamics,Ops Manager,Manager,Retail,367,Paid Ad,2,1,1,0,1,2,0,4,19,1,0,0,0
00Q000000004820,Aarav Reddy,SummitWorks,Engineer,Individual,Retail,196,Event,2,0,2,0,1,1,0,4,113,0,0,0,0
00Q000000004821,Pooja Kapoor,PioneerSolutions,Sales Manager,Manager,Retail,151,Paid Ad,1,1,1,0,0,1,2,19,53,0,0,0,0
00Q000000004822,Isha Patel,HelixDynamics,CTO,C-Level,Manufacturing,289,Paid Ad,6,0,5,3,1,3,0,0,21,0,0,1,1
00Q000000004823,Rohan Rao,CobaltSolutions,Head of Ops,Director,Finance,2,Web,4,0,1,0,1,0,1,18,93,0,0,0,0
00Q000000004824,Priya Gupta,SummitGroup,IT Manager,Manager,Retail,2283,Referral,5,0,6,0,0,0,0,1,25,1,0,0,1
00Q000000004825,Amit Singh,QuantaSolutions,IT Manager,Manager,Technology,1079,Cold Outbound,2,0,1,0,1,1,0,11,56,1,0,1,1
00Q000000004826,Riya Joshi,ApexWorks,VP Sales,VP,Technology,137,Referral,6,0,1,1,0,0,0,55,81,1,0,0,0
00Q000000004827,Rohan Kapoor,NovaHealth,VP Sales,VP,Technology,11,Event,4,2,1,0,0,3,1,13,34,0,0,0,1
00Q000000004828,Amit Das,HelixIndustries,Ops Manager,Manager,Retail,611,Cold Outbound,4,0,4,1,0,1,1,3,44,1,0,1,1
00Q000000004829,Isha Malhotra,HelixPartners,Head of Ops,Director,Manufacturing,35,Cold Outbound,1,1,0,0,0,0,0,3,107,1,0,0,0
00Q000000004830,Ananya Joshi,SummitLabs,Engineer,Individual,Healthcare,221,Paid Ad,0,0,1,0,0,0,0,18,85,1,1,0,0
00Q000000004831,Dev Khan,ApexNetworks,IT Manager,Manager,Healthcare,14,Referral,3,2,0,0,0,1,0,8,71,1,0,0,0
00Q000000004832,Meera Sharma,CobaltNetworks,Engineer,Individual,Education,2806,Paid Ad,0,1,0,0,0,1,1,6,14,1,0,0,0
00Q000000004833,Pooja Rao,VertexNetworks,IT Manager,Manager,Technology,11,Paid Ad,4,1,1,0,0,1,0,82,86,1,0,0,0
00Q000000004834,Kavya Reddy,VertexLabs,Ops Manager,Manager,Healthcare,110,Event,3,0,2,0,0,0,0,14,22,0,0,0,0
00Q000000004835,Amit Reddy,BlueHealth,IT Manager,Manager,Retail,4,Web,3,0,0,0,1,0,0,4,5,0,0,0,0
00Q000000004836,Arjun Rao,ApexHealth,Analyst,Individual,Retail,93,Referral,0,0,1,0,1,2,1,13,103,1,0,0,0
00Q000000004837,Vikram Singh,NovaLabs,Coordinator,Individual,Healthcare,52,Event,1,0,1,0,0,0,1,5,81,1,1,0,0
00Q000000004838,Arjun Khan,SummitHealth,Coordinator,Individual,Technology,547,Cold Outbound,2,2,5,0,1,1,0,4,18,0,0,0,1
00Q000000004839,Priya Rao,OrbitNetworks,Director of Sales,Director,Other,52,Paid Ad,2,3,2,0,2,2,1,4,44,1,0,0,0
00Q000000004840,Arjun Singh,VertexPartners,Coordinator,Individual,Healthcare,548,Web,5,1,2,0,1,3,0,10,84,1,0,0,0
00Q000000004841,Sanjay Malhotra,SummitDynamics,Engineer,Individual,Education,21,Referral,1,2,3,0,0,1,1,8,89,1,0,0,0
00Q000000004842,Vikram Gupta,SummitPartners,CEO,C-Level,Retail,65,Paid Ad,0,0,2,0,0,0,1,56,36,0,0,0,0
00Q000000004843,Amit Verma,ZenDynamics,Coordinator,Individual,Education,67,Event,3,0,0,0,0,1,0,35,73,1,0,0,0
00Q000000004844,Arjun Joshi,VertexSystems,VP Marketing,VP,Technology,209,Web,3,0,0,0,1,0,0,4,66,1,0,0,1
00Q000000004845,Ananya Rao,BlueWorks,Director of IT,Director,Healthcare,172,Cold Outbound,1,1,3,2,0,2,0,3,63,1,0,0,1
00Q000000004846,Sanjay Nair,VertexGroup,Director of IT,Director,Finance,293,Cold Outbound,5,0,6,0,1,0,0,2,118,1,0,0,0
00Q000000004847,Priya Khan,HelixLabs,Sales Manager,Manager,Finance,148,Cold Outbound,6,1,2,1,0,2,2,7,16,1,1,1,1
00Q000000004848,Priya Singh,PioneerPartners,Engineer,Individual,Finance,268,Event,2,0,2,1,0,0,1,23,67,1,1,0,0
00Q000000004849,Priya Malhotra,ApexWorks,VP Engineering,VP,Healthcare,25,Cold Outbound,3,2,2,0,1,2,0,7,81,0,0,0,0
00Q000000004850,Riya Verma,SummitIndustries,VP Engineering,VP,Healthcare,178,Paid Ad,3,2,4,0,1,1,0,33,16,0,0,0,0
00Q000000004851,Dev Khan,ZenLabs,IT Manager,Manager,Manufacturing,1110,Event,1,2,4,0,0,3,3,18,2,0,0,0,1
00Q000000004852,Karan Kapoor,QuantaIndustries,Head of Ops,Director,Finance,8,Web,11,1,8,3,3,3,1,8,35,1,0,0,1
00Q000000004853,Aarav Verma,VertexLabs,Ops Manager,Manager,Finance,207,Web,2,0,1,0,0,1,0,57,52,1,0,0,0
00Q000000004854,Neha Reddy,QuantaIndustries,VP Engineering,VP,Finance,274,Web,4,0,3,0,0,0,3,11,72,0,0,0,1
00Q000000004855,Nikhil Iyer,NovaNetworks,VP Marketing,VP,Retail,890,Cold Outbound,2,3,3,1,0,3,3,8,76,1,0,0,1
00Q000000004856,Sneha Malhotra,LumenSolutions,Coordinator,Individual,Technology,295,Paid Ad,1,0,1,0,0,0,0,20,14,1,0,0,0
00Q000000004857,Riya Rao,LumenSystems,VP Engineering,VP,Retail,115,Cold Outbound,2,3,1,0,0,3,1,10,28,1,0,0,0
00Q000000004858,Divya Singh,SummitPartners,CEO,C-Level,Finance,189,Paid Ad,1,0,1,0,0,0,0,5,108,1,0,0,1
00Q000000004859,Rahul Kapoor,ZenSolutions,Director of IT,Director,Manufacturing,33,Web,4,2,4,0,0,1,0,23,3,0,0,0,0
00Q000000004860,Rohan Singh,BlueDynamics,Engineer,Individual,Retail,55,Event,1,0,1,0,0,1,1,9,39,0,0,0,0
00Q000000004861,Sanjay Reddy,LumenIndustries,VP Marketing,VP,Manufacturing,13,Web,3,1,4,0,0,1,2,6,31,0,0,0,1
00Q000000004862,Karan Patel,NovaSystems,Head of Ops,Director,Retail,925,Cold Outbound,3,1,3,1,0,0,4,20,34,1,0,0,0
00Q000000004863,Neha Khan,ApexWorks,Sales Manager,Manager,Other,195,Web,7,1,2,0,0,0,2,41,45,1,0,0,1
00Q000000004864,Kavya Singh,ZenPartners,VP Engineering,VP,Technology,25,Web,1,0,2,0,0,0,0,62,9,0,0,0,0
00Q000000004865,Divya Malhotra,CobaltSystems,Sales Manager,Manager,Finance,149,Event,2,0,1,1,0,2,0,16,62,1,0,0,0
00Q000000004866,Ananya Bose,CobaltWorks,VP Sales,VP,Other,566,Partner,1,0,0,0,2,0,1,15,83,0,0,0,0
00Q000000004867,Divya Kapoor,BlueDynamics,Director of Sales,Director,Education,441,Event,5,1,3,0,1,0,0,24,49,1,0,0,1
00Q000000004868,Priya Iyer,VertexLabs,Engineer,Individual,Manufacturing,24,Web,9,3,5,3,0,3,0,2,46,0,0,1,0
00Q000000004869,Sneha Mehta,HelixGroup,CFO,C-Level,Technology,2,Partner,5,0,5,2,0,1,1,8,81,1,0,0,1
00Q000000004870,Isha Malhotra,BlueNetworks,Ops Manager,Manager,Finance,180,Web,0,1,0,0,0,0,1,66,84,1,0,0,0
00Q000000004871,Isha Rao,BluePartners,Sales Manager,Manager,Education,26,Paid Ad,4,4,2,0,0,1,3,9,67,1,1,0,0
00Q000000004872,Riya Kapoor,ApexPartners,Ops Manager,Manager,Retail,253,Paid Ad,3,0,0,0,0,2,0,15,68,0,0,0,0
00Q000000004873,Divya Nair,HelixSolutions,Analyst,Individual,Finance,413,Web,0,1,1,0,0,1,1,13,28,1,0,0,0
00Q000000004874,Isha Bose,NovaIndustries,Head of Ops,Director,Technology,528,Event,1,0,0,0,0,1,0,49,100,1,0,0,0
00Q000000004875,Rohan Gupta,OrbitPartners,Sales Manager,Manager,Education,1362,Web,1,0,2,0,0,1,1,13,4,1,0,0,0
00Q000000004876,Amit Mehta,CobaltLabs,CFO,C-Level,Manufacturing,635,Referral,4,1,6,1,2,2,1,3,11,1,0,0,1
00Q000000004877,Nikhil Joshi,VertexDynamics,CFO,C-Level,Other,1372,Paid Ad,2,0,2,0,0,1,1,5,49,0,0,0,0
00Q000000004878,Priya Gupta,HelixIndustries,Head of Ops,Director,Healthcare,787,Referral,10,1,5,0,0,1,2,8,6,0,0,0,0
00Q000000004879,Sneha Bose,QuantaSystems,Coordinator,Individual,Finance,897,Web,1,1,1,0,0,2,0,4,37,1,0,0,0
00Q000000004880,Amit Rao,LumenIndustries,Director of Sales,Director,Finance,93,Paid Ad,1,1,1,0,0,0,1,10,89,1,0,0,0
00Q000000004881,Karan Bose,QuantaDynamics,Engineer,Individual,Healthcare,14,Partner,4,1,1,0,3,1,1,5,42,1,0,0,1
00Q000000004882,Sneha Malhotra,BlueSystems,VP Sales,VP,Finance,4119,Cold Outbound,4,0,1,0,1,2,0,3,100,1,0,0,0
00Q000000004883,Rahul Singh,QuantaIndustries,Ops Manager,Manager,Technology,109,Cold Outbound,1,0,0,0,1,4,0,12,60,1,0,0,0
00Q000000004884,Ananya Malhotra,ApexNetworks,CEO,C-Level,Finance,628,Event,2,1,5,0,0,1,1,15,67,1,0,1,0
00Q000000004885,Priya Reddy,BlueNetworks,Sales Manager,Manager,Technology,43,Event,0,0,5,1,0,1,0,28,91,1,0,0,0
00Q000000004886,Aarav Bose,OrbitHealth,Coordinator,Individual,Education,422,Paid Ad,4,0,4,0,1,3,0,8,78,0,1,0,0
00Q000000004887,Riya Mehta,LumenLabs,CEO,C-Level,Technology,2,Partner,5,2,9,0,1,1,3,3,7,1,0,1,1
00Q000000004888,Rahul Das,CobaltDynamics,Ops Manager,Manager,Healthcare,53,Event,4,1,1,0,0,1,0,7,106,1,1,0,0
00Q000000004889,Rahul Joshi,HelixSolutions,VP Engineering,VP,Retail,85,Cold Outbound,3,3,2,1,1,1,1,27,111,1,0,1,1
00Q000000004890,Isha Gupta,HelixSolutions,VP Marketing,VP,Technology,199,Paid Ad,6,2,3,0,0,3,0,3,98,0,0,0,0
00Q000000004891,Isha Mehta,OrbitWorks,Sales Manager,Manager,Manufacturing,496,Referral,1,0,1,0,0,1,1,14,103,1,0,0,1
00Q000000004892,Dev Patel,NovaLabs,IT Manager,Manager,Education,19,Partner,2,0,2,0,1,0,1,6,85,1,0,0,0
00Q000000004893,Priya Patel,HelixWorks,IT Manager,Manager,Manufacturing,267,Web,2,2,1,0,0,0,1,28,89,1,1,0,0
00Q000000004894,Nikhil Rao,ApexLabs,VP Marketing,VP,Healthcare,626,Cold Outbound,2,0,3,0,0,2,0,7,45,1,1,0,1
00Q000000004895,Isha Nair,OrbitDynamics,CTO,C-Level,Education,3357,Referral,0,1,2,1,0,0,1,2,17,0,0,0,1
00Q000000004896,Rahul Malhotra,ApexLabs,Ops Manager,Manager,Other,287,Paid Ad,5,1,3,0,0,4,3,4,72,1,0,0,1
00Q000000004897,Nikhil Kapoor,ZenLabs,Director of IT,Director,Education,49,Paid Ad,6,4,5,0,1,2,1,6,114,0,0,1,1
00Q000000004898,Rahul Singh,BlueSolutions,Analyst,Individual,Healthcare,14,Web,3,2,4,0,0,0,1,17,39,1,0,0,0
00Q000000004899,Kavya Reddy,OrbitGroup,Director of Sales,Director,Manufacturing,1546,Paid Ad,4,1,1,0,0,3,0,27,42,1,0,0,0
00Q000000004900,Isha Malhotra,HelixIndustries,VP Engineering,VP,Manufacturing,300,Referral,0,1,1,0,0,1,1,8,16,0,0,0,0
00Q000000004901,Rohan Khan,NovaHealth,VP Marketing,VP,Finance,96,Event,0,1,4,0,1,1,2,5,92,1,0,0,0
00Q000000004902,Amit Reddy,SummitWorks,IT Manager,Manager,Healthcare,8,Web,1,1,1,0,1,3,0,8,5,0,0,0,0
00Q000000004903,Karan Khan,ZenLabs,Sales Manager,Manager,Education,24,Partner,2,2,4,0,1,1,0,7,18,0,1,0,0
00Q000000004904,Pooja Rao,BlueSolutions,Engineer,Individual,Finance,256,Cold Outbound,10,7,6,2,2,2,1,1,20,1,0,1,1
00Q000000004905,Kavya Reddy,CobaltLabs,Engineer,Individual,Other,169,Web,6,2,7,1,1,2,0,5,90,1,1,0,1
00Q000000004906,Priya Rao,ZenPartners,Sales Manager,Manager,Other,5,Partner,4,3,4,2,0,1,1,3,21,1,0,0,0
00Q000000004907,Vikram Patel,ZenHealth,VP Sales,VP,Finance,256,Cold Outbound,3,1,1,0,0,0,0,22,52,0,0,0,0
00Q000000004908,Amit Singh,OrbitGroup,IT Manager,Manager,Technology,9,Web,2,0,1,0,0,3,0,47,66,1,0,0,0
00Q000000004909,Karan Kapoor,ZenWorks,Sales Manager,Manager,Other,758,Cold Outbound,3,0,1,0,0,1,0,15,91,1,0,0,0
00Q000000004910,Sneha Joshi,SummitSystems,Director of Sales,Director,Technology,136,Web,0,1,2,0,0,0,1,8,114,0,0,0,0
00Q000000004911,Sneha Joshi,OrbitPartners,Engineer,Individual,Retail,49,Cold Outbound,4,2,3,0,0,1,1,6,1,1,0,0,0
00Q000000004912,Pooja Nair,ApexSolutions,Engineer,Individual,Technology,439,Paid Ad,6,1,4,0,0,1,0,33,64,1,0,0,0
00Q000000004913,Neha Sharma,ZenHealth,CFO,C-Level,Technology,169,Cold Outbound,2,1,1,0,0,1,1,2,26,1,0,0,1
00Q000000004914,Vikram Kapoor,NovaSolutions,Analyst,Individual,Finance,725,Referral,6,0,4,0,0,1,2,7,28,1,0,1,1
00Q000000004915,Amit Singh,HelixSolutions,Ops Manager,Manager,Finance,112,Referral,6,1,1,1,0,0,2,16,83,1,1,0,1
00Q000000004916,Vikram Bose,VertexGroup,IT Manager,Manager,Other,122,Cold Outbound,1,0,0,0,0,0,0,49,91,0,0,0,0
00Q000000004917,Neha Rao,HelixPartners,Engineer,Individual,Technology,64,Paid Ad,3,1,2,0,0,1,1,1,56,1,0,0,0
00Q000000004918,Neha Nair,LumenGroup,Engineer,Individual,Technology,147,Paid Ad,1,1,2,0,0,1,1,3,47,0,1,0,0
00Q000000004919,Riya Khan,ApexWorks,Coordinator,Individual,Retail,1270,Paid Ad,4,4,5,1,0,4,0,4,10,1,0,0,0
00Q000000004920,Divya Das,ZenIndustries,IT Manager,Manager,Other,46,Paid Ad,5,0,4,1,0,0,1,8,102,1,1,0,0
00Q000000004921,Karan Bose,BlueNetworks,VP Engineering,VP,Healthcare,262,Web,5,1,3,0,0,2,2,4,117,1,0,1,1
00Q000000004922,Isha Reddy,VertexNetworks,IT Manager,Manager,Retail,26,Web,1,1,5,0,0,0,1,6,76,1,0,0,0
00Q000000004923,Aarav Gupta,ZenIndustries,Sales Manager,Manager,Technology,4,Web,1,0,3,0,0,0,1,11,21,0,0,0,0
00Q000000004924,Kavya Das,VertexNetworks,Ops Manager,Manager,Education,135,Web,0,0,0,0,0,0,0,13,73,1,1,0,0
00Q000000004925,Amit Kapoor,PioneerSolutions,COO,C-Level,Retail,173,Cold Outbound,4,3,2,1,1,3,0,5,23,1,0,0,1
00Q000000004926,Kavya Malhotra,BlueIndustries,Engineer,Individual,Other,84,Event,2,1,3,0,2,2,0,9,23,1,0,0,1
00Q000000004927,Amit Gupta,ZenWorks,VP Sales,VP,Manufacturing,10,Event,1,0,3,1,0,1,0,23,77,1,0,0,1
00Q000000004928,Aarav Joshi,ZenHealth,Ops Manager,Manager,Other,157,Web,8,2,1,1,0,7,0,23,5,0,0,0,0
00Q000000004929,Ananya Rao,SummitSolutions,CEO,C-Level,Healthcare,148,Cold Outbound,3,2,5,0,0,0,0,5,24,1,0,0,1
00Q000000004930,Neha Rao,CobaltGroup,Ops Manager,Manager,Retail,26,Web,6,1,5,2,0,3,0,20,35,0,0,0,0
00Q000000004931,Arjun Singh,VertexGroup,Coordinator,Individual,Retail,13,Web,2,0,2,0,0,1,0,14,53,0,1,0,0
00Q000000004932,Meera Patel,BlueHealth,Sales Manager,Manager,Finance,68,Partner,7,3,8,1,2,5,4,1,19,0,0,1,1
00Q000000004933,Neha Patel,NovaIndustries,Coordinator,Individual,Other,264,Web,2,1,0,0,0,1,0,3,108,1,0,0,0
00Q000000004934,Kavya Verma,BlueIndustries,Director of Sales,Director,Retail,185,Partner,3,2,3,0,0,2,0,24,29,1,0,0,0
00Q000000004935,Ananya Joshi,VertexSystems,Head of Ops,Director,Education,26,Referral,1,0,1,0,0,1,0,23,45,1,0,0,0
00Q000000004936,Nikhil Rao,OrbitDynamics,Head of Ops,Director,Finance,122,Partner,1,1,5,1,0,0,0,24,66,1,0,0,0
00Q000000004937,Divya Iyer,CobaltGroup,Engineer,Individual,Education,376,Web,2,0,0,0,0,1,1,20,105,1,1,0,0
00Q000000004938,Karan Patel,ZenGroup,Head of Ops,Director,Finance,17,Referral,4,2,1,1,1,1,1,2,35,1,0,0,1
00Q000000004939,Arjun Patel,VertexDynamics,Ops Manager,Manager,Other,109,Event,0,1,1,1,0,1,1,64,113,1,0,0,0
00Q000000004940,Vikram Patel,OrbitDynamics,CEO,C-Level,Technology,742,Paid Ad,2,1,1,0,0,2,1,8,92,1,1,0,0
00Q000000004941,Arjun Kapoor,BlueLabs,Director of IT,Director,Manufacturing,14,Cold Outbound,3,0,1,0,0,1,1,7,56,1,0,0,1
00Q000000004942,Ananya Singh,BluePartners,IT Manager,Manager,Technology,563,Web,0,1,1,1,0,1,0,3,18,1,0,0,0
00Q000000004943,Sneha Iyer,SummitSystems,VP Marketing,VP,Retail,1128,Paid Ad,2,1,2,0,0,0,1,5,86,1,0,0,1
00Q000000004944,Amit Bose,SummitDynamics,Ops Manager,Manager,Finance,71,Web,0,1,5,0,0,3,0,16,24,1,0,0,0
00Q000000004945,Meera Khan,PioneerHealth,IT Manager,Manager,Education,59,Partner,6,3,4,4,2,0,0,4,54,1,0,0,1
00Q000000004946,Arjun Rao,ApexSystems,Engineer,Individual,Education,468,Cold Outbound,4,3,5,2,1,4,1,1,63,1,0,0,0
00Q000000004947,Divya Khan,SummitIndustries,Director of Sales,Director,Finance,75,Web,2,0,3,0,1,3,0,4,50,1,0,0,1
00Q000000004948,Riya Khan,QuantaPartners,IT Manager,Manager,Education,2,Web,6,0,1,1,1,0,2,4,1,1,1,0,0
00Q000000004949,Meera Sharma,ZenNetworks,Coordinator,Individual,Retail,85,Partner,3,1,6,1,1,2,2,3,14,1,0,0,1
00Q000000004950,Kavya Rao,NovaIndustries,VP Engineering,VP,Healthcare,201,Cold Outbound,3,2,3,1,0,3,0,6,24,1,1,0,1
00Q000000004951,Ananya Singh,LumenWorks,Coordinator,Individual,Finance,301,Paid Ad,3,0,1,0,0,3,1,2,35,1,0,0,0
00Q000000004952,Vikram Das,CobaltIndustries,Director of IT,Director,Technology,26,Event,1,0,1,0,0,1,1,9,6,1,0,0,0
00Q000000004953,Amit Joshi,OrbitWorks,Coordinator,Individual,Technology,66,Partner,0,0,1,0,0,1,1,90,61,1,0,0,0
00Q000000004954,Meera Sharma,ZenSolutions,IT Manager,Manager,Manufacturing,430,Referral,7,3,6,1,0,1,0,3,79,0,1,0,1
00Q000000004955,Arjun Khan,VertexLabs,VP Engineering,VP,Manufacturing,90,Cold Outbound,10,4,6,0,2,1,1,14,21,1,0,1,1
00Q000000004956,Kavya Verma,BlueSystems,Engineer,Individual,Healthcare,10,Cold Outbound,2,0,1,1,1,1,0,5,103,1,0,0,0
00Q000000004957,Sanjay Patel,SummitIndustries,Director of Sales,Director,Other,636,Cold Outbound,1,0,0,0,0,0,0,5,20,0,0,0,0
00Q000000004958,Isha Kapoor,CobaltGroup,Director of Sales,Director,Technology,72,Cold Outbound,3,0,3,0,1,2,1,0,93,0,0,0,0
00Q000000004959,Rohan Reddy,LumenSolutions,VP Engineering,VP,Education,511,Cold Outbound,3,0,1,0,0,0,0,32,45,1,0,0,0
00Q000000004960,Meera Bose,VertexIndustries,Engineer,Individual,Education,12,Web,1,0,0,0,1,1,0,14,9,1,0,0,0
00Q000000004961,Priya Malhotra,ApexSystems,Director of Sales,Director,Retail,82,Cold Outbound,5,2,7,0,0,1,0,0,29,1,0,1,0
00Q000000004962,Meera Reddy,PioneerSolutions,Ops Manager,Manager,Manufacturing,213,Web,5,1,2,0,0,0,5,8,118,1,1,0,1
00Q000000004963,Riya Rao,HelixHealth,IT Manager,Manager,Technology,87,Referral,0,1,2,0,0,0,0,2,34,1,0,0,0
00Q000000004964,Riya Malhotra,LumenNetworks,Ops Manager,Manager,Education,16,Referral,4,2,2,0,2,2,1,82,79,0,0,0,0
00Q000000004965,Meera Das,BlueSystems,IT Manager,Manager,Retail,2,Web,2,2,1,0,0,2,0,8,18,0,0,0,0
00Q000000004966,Amit Sharma,PioneerWorks,Sales Manager,Manager,Education,977,Event,1,0,0,0,0,0,1,7,8,0,1,0,0
00Q000000004967,Kavya Malhotra,VertexSolutions,Analyst,Individual,Technology,144,Event,1,0,0,0,0,0,0,9,35,1,0,0,0
00Q000000004968,Kavya Kapoor,LumenPartners,Sales Manager,Manager,Manufacturing,572,Web,3,1,2,2,0,4,1,13,9,1,1,0,0
00Q000000004969,Rahul Nair,ApexWorks,Director of Sales,Director,Healthcare,400,Referral,1,1,6,0,0,4,2,5,101,0,0,0,1
00Q000000004970,Karan Patel,SummitHealth,Sales Manager,Manager,Manufacturing,243,Referral,4,2,1,0,0,1,0,3,11,0,0,0,0
00Q000000004971,Kavya Reddy,OrbitPartners,Engineer,Individual,Retail,61,Paid Ad,0,0,1,0,1,1,2,23,80,0,1,0,0
00Q000000004972,Karan Gupta,BlueHealth,Ops Manager,Manager,Technology,207,Paid Ad,4,1,2,0,0,2,2,2,119,1,0,0,1
00Q000000004973,Vikram Iyer,NovaWorks,Sales Manager,Manager,Technology,853,Paid Ad,0,0,0,0,0,0,0,52,28,1,0,0,0
00Q000000004974,Ananya Nair,LumenDynamics,Director of Sales,Director,Technology,112,Partner,3,2,1,1,0,1,1,32,38,1,0,0,0
00Q000000004975,Dev Singh,CobaltLabs,VP Marketing,VP,Technology,1724,Paid Ad,0,1,0,0,1,1,1,8,30,0,0,0,0
00Q000000004976,Sanjay Joshi,OrbitNetworks,Ops Manager,Manager,Finance,10,Web,1,0,1,1,1,1,0,1,15,1,0,0,0
00Q000000004977,Riya Rao,HelixIndustries,Director of Sales,Director,Technology,8,Event,4,0,1,0,0,1,1,5,45,0,0,0,0
00Q000000004978,Divya Singh,QuantaSolutions,Analyst,Individual,Finance,437,Event,2,1,6,0,1,2,1,5,4,1,1,1,1
00Q000000004979,Ananya Gupta,SummitDynamics,CEO,C-Level,Retail,29,Web,1,0,1,0,0,0,0,3,36,1,0,0,0
00Q000000004980,Nikhil Reddy,ApexWorks,Sales Manager,Manager,Education,2132,Cold Outbound,2,1,1,1,0,4,0,1,20,0,0,0,0
00Q000000004981,Meera Verma,ZenSystems,IT Manager,Manager,Finance,739,Web,2,0,5,1,0,0,1,1,30,1,1,0,1
00Q000000004982,Kavya Khan,QuantaSolutions,Analyst,Individual,Technology,1076,Cold Outbound,2,0,1,0,0,2,1,46,62,0,1,0,0
00Q000000004983,Dev Khan,PioneerLabs,Coordinator,Individual,Retail,374,Web,7,4,6,1,0,0,0,9,119,1,0,1,1
00Q000000004984,Sanjay Iyer,CobaltDynamics,Director of IT,Director,Healthcare,24,Paid Ad,2,0,1,0,0,3,0,4,85,1,0,0,0
00Q000000004985,Nikhil Mehta,NovaIndustries,Analyst,Individual,Finance,8,Referral,5,2,2,0,0,1,2,19,40,1,1,0,1
00Q000000004986,Priya Rao,NovaIndustries,Engineer,Individual,Healthcare,937,Cold Outbound,1,0,0,0,2,2,0,9,91,1,0,1,0
00Q000000004987,Riya Das,HelixGroup,Analyst,Individual,Other,10,Cold Outbound,4,2,1,0,0,2,1,11,35,1,1,0,0
00Q000000004988,Neha Mehta,CobaltWorks,CTO,C-Level,Finance,1072,Web,1,0,1,0,0,1,1,0,9,1,0,0,0
00Q000000004989,Isha Nair,NovaDynamics,Director of Sales,Director,Other,271,Web,0,0,3,1,0,3,0,3,31,1,0,0,1
00Q000000004990,Isha Verma,NovaHealth,COO,C-Level,Finance,88,Paid Ad,1,0,0,0,0,0,0,40,10,0,0,0,0
00Q000000004991,Meera Gupta,ZenHealth,VP Sales,VP,Technology,193,Web,3,1,3,0,1,0,0,1,21,1,0,0,0
00Q000000004992,Dev Mehta,HelixIndustries,VP Marketing,VP,Technology,199,Web,2,0,3,0,0,1,1,47,22,0,0,0,1
00Q000000004993,Amit Singh,CobaltGroup,Ops Manager,Manager,Retail,73,Cold Outbound,1,0,1,0,0,0,1,20,29,1,1,0,0
00Q000000004994,Rohan Bose,CobaltNetworks,Analyst,Individual,Manufacturing,844,Paid Ad,1,1,5,1,0,0,0,6,45,1,0,0,1
00Q000000004995,Priya Verma,ZenHealth,Sales Manager,Manager,Manufacturing,801,Web,3,0,2,2,2,3,3,2,66,0,0,1,1
00Q000000004996,Neha Khan,HelixDynamics,Coordinator,Individual,Other,125,Event,3,0,3,0,1,2,1,20,55,1,0,0,0
00Q000000004997,Kavya Singh,ZenSolutions,Director of Sales,Director,Manufacturing,40,Web,6,2,1,0,0,1,1,8,88,1,0,1,1
00Q000000004998,Aarav Kapoor,HelixGroup,Coordinator,Individual,Technology,705,Partner,2,1,0,0,1,0,1,6,109,1,1,0,0
00Q000000004999,Divya Nair,OrbitSolutions,Engineer,Individual,Retail,4,Web,1,1,1,0,0,1,0,19,111,0,0,0,0
00Q000000005000,Nikhil Malhotra,OrbitDynamics,Director of IT,Director,Technology,193,Referral,0,1,2,0,0,3,1,3,89,0,0,0,1
00Q000000005001,Sanjay Nair,QuantaGroup,Analyst,Individual,Manufacturing,301,Web,2,0,3,1,0,1,0,5,41,1,1,0,0
00Q000000005002,Rahul Khan,SummitLabs,Engineer,Individual,Education,28,Cold Outbound,0,0,1,0,0,1,1,8,51,1,0,0,0
00Q000000005003,Neha Bose,ZenDynamics,Engineer,Individual,Healthcare,428,Web,7,1,7,2,0,3,2,4,35,1,0,0,0
00Q000000005004,Dev Reddy,VertexWorks,Director of IT,Director,Finance,95,Paid Ad,1,1,4,1,1,2,0,8,62,1,0,0,0
00Q000000005005,Priya Gupta,LumenHealth,Coordinator,Individual,Manufacturing,43,Event,0,1,1,0,0,0,0,13,62,0,0,0,1
00Q000000005006,Rahul Singh,ZenHealth,Coordinator,Individual,Technology,421,Partner,0,0,0,0,0,1,0,27,43,1,0,0,0
00Q000000005007,Aarav Patel,BlueIndustries,Engineer,Individual,Finance,19,Web,3,2,2,1,0,1,1,10,10,1,0,0,0
00Q000000005008,Priya Das,VertexNetworks,Head of Ops,Director,Manufacturing,366,Cold Outbound,0,0,0,0,0,0,1,31,10,0,0,0,0
00Q000000005009,Sneha Mehta,NovaLabs,Coordinator,Individual,Finance,5,Cold Outbound,1,1,2,1,0,1,3,1,36,0,0,0,0
00Q000000005010,Sanjay Mehta,CobaltIndustries,Engineer,Individual,Technology,152,Web,1,2,2,1,1,1,1,17,6,1,1,0,0
00Q000000005011,Divya Bose,LumenDynamics,VP Marketing,VP,Manufacturing,106,Web,3,0,1,1,0,1,0,8,111,0,0,0,0
00Q000000005012,Nikhil Bose,VertexDynamics,VP Marketing,VP,Healthcare,44,Cold Outbound,4,0,1,0,1,3,1,7,51,0,0,0,0
00Q000000005013,Priya Reddy,ZenHealth,Coordinator,Individual,Healthcare,178,Event,2,3,1,1,2,2,0,2,99,1,1,0,0
00Q000000005014,Pooja Kapoor,QuantaWorks,Coordinator,Individual,Other,88,Cold Outbound,6,0,4,1,0,1,0,3,85,1,0,0,0
00Q000000005015,Nikhil Nair,CobaltWorks,Analyst,Individual,Technology,483,Cold Outbound,3,0,2,1,0,2,2,5,40,1,1,0,0
00Q000000005016,Amit Patel,VertexPartners,Director of IT,Director,Technology,230,Referral,3,1,1,1,0,1,0,16,9,0,0,0,1
00Q000000005017,Nikhil Iyer,HelixPartners,Engineer,Individual,Education,196,Web,0,0,1,0,0,5,1,39,66,1,0,0,0
00Q000000005018,Ananya Nair,BlueNetworks,CEO,C-Level,Technology,154,Referral,2,0,2,0,0,3,0,18,88,1,1,0,0
00Q000000005019,Dev Malhotra,ZenSolutions,VP Marketing,VP,Other,48,Paid Ad,5,1,3,2,1,1,1,3,81,1,0,1,1
00Q000000005020,Sanjay Bose,OrbitSystems,Sales Manager,Manager,Retail,63,Event,0,1,2,0,0,1,0,3,111,1,0,0,0
00Q000000005021,Rohan Gupta,HelixLabs,Engineer,Individual,Manufacturing,144,Paid Ad,0,1,6,1,1,4,0,4,43,1,0,0,0
00Q000000005022,Ananya Sharma,OrbitSystems,VP Marketing,VP,Finance,76,Paid Ad,1,0,0,0,0,0,3,8,91,1,0,0,0
00Q000000005023,Riya Iyer,QuantaWorks,Head of Ops,Director,Finance,526,Partner,1,0,0,0,0,0,1,6,5,1,0,0,0
00Q000000005024,Riya Das,NovaDynamics,Head of Ops,Director,Education,114,Web,3,2,0,0,0,0,0,8,96,0,0,0,0
00Q000000005025,Divya Malhotra,LumenNetworks,Coordinator,Individual,Technology,174,Event,0,0,1,0,0,0,0,16,73,1,1,0,0
00Q000000005026,Ananya Singh,NovaIndustries,Director of IT,Director,Retail,12,Web,1,2,4,2,0,0,2,32,62,0,0,1,0
00Q000000005027,Sanjay Singh,SummitSystems,VP Marketing,VP,Education,409,Web,1,0,2,0,0,0,0,2,96,1,0,0,1
00Q000000005028,Isha Reddy,OrbitDynamics,COO,C-Level,Retail,41,Referral,4,1,0,0,0,0,2,6,102,1,0,0,1
00Q000000005029,Nikhil Gupta,BlueSystems,Ops Manager,Manager,Technology,20,Cold Outbound,0,0,1,0,0,1,0,14,105,1,1,0,0
00Q000000005030,Pooja Das,ApexDynamics,Ops Manager,Manager,Retail,1175,Event,7,1,4,1,2,1,1,8,88,0,1,0,0
00Q000000005031,Isha Verma,BlueIndustries,Ops Manager,Manager,Retail,283,Web,2,3,3,2,3,1,1,9,15,0,0,0,0
00Q000000005032,Riya Mehta,LumenIndustries,Director of Sales,Director,Technology,430,Paid Ad,2,3,3,2,0,3,3,18,7,1,0,0,1
00Q000000005033,Neha Das,VertexSolutions,CTO,C-Level,Other,196,Paid Ad,0,1,3,0,0,1,1,8,32,0,0,0,1
00Q000000005034,Nikhil Verma,LumenGroup,Sales Manager,Manager,Technology,86,Event,3,0,5,1,0,0,3,4,41,0,0,0,1
00Q000000005035,Nikhil Singh,BlueIndustries,Coordinator,Individual,Other,65,Referral,1,1,1,0,1,1,0,20,20,1,0,0,0
00Q000000005036,Nikhil Sharma,BluePartners,Engineer,Individual,Technology,320,Referral,2,3,1,1,0,2,1,1,115,1,0,0,1
00Q000000005037,Riya Bose,NovaSolutions,Head of Ops,Director,Technology,543,Web,0,0,1,0,0,0,1,11,14,1,0,0,0
00Q000000005038,Priya Malhotra,QuantaPartners,VP Sales,VP,Retail,89,Referral,4,1,1,0,0,1,0,20,104,1,0,0,0
00Q000000005039,Sneha Rao,HelixWorks,Engineer,Individual,Technology,2227,Web,2,1,0,0,0,3,0,14,1,1,0,0,0
00Q000000005040,Neha Das,VertexIndustries,Sales Manager,Manager,Technology,73,Paid Ad,3,2,0,0,0,2,1,5,24,0,1,0,0
00Q000000005041,Ananya Mehta,BlueNetworks,CFO,C-Level,Technology,12,Cold Outbound,0,0,1,0,0,1,1,15,82,1,0,0,0
00Q000000005042,Vikram Rao,ZenDynamics,Sales Manager,Manager,Education,7,Web,1,2,2,1,0,1,0,9,52,1,0,0,0
00Q000000005043,Divya Mehta,ZenDynamics,Analyst,Individual,Technology,7,Web,0,0,0,0,0,0,0,28,100,1,0,0,0
00Q000000005044,Rahul Gupta,VertexHealth,IT Manager,Manager,Manufacturing,53,Cold Outbound,0,0,1,0,0,0,0,28,40,0,0,0,0
00Q000000005045,Aarav Iyer,CobaltGroup,IT Manager,Manager,Manufacturing,70,Paid Ad,4,1,8,1,1,1,1,6,41,1,0,0,1
00Q000000005046,Sanjay Iyer,OrbitDynamics,Engineer,Individual,Manufacturing,276,Paid Ad,3,1,2,1,0,1,1,7,90,0,1,0,0
00Q000000005047,Neha Gupta,ZenNetworks,Director of Sales,Director,Finance,95,Cold Outbound,0,0,2,1,0,0,0,8,108,1,0,0,0
00Q000000005048,Divya Patel,ApexNetworks,Sales Manager,Manager,Finance,352,Paid Ad,5,1,1,0,0,0,2,13,16,0,1,0,0
00Q000000005049,Priya Khan,CobaltPartners,Director of IT,Director,Other,106,Partner,6,1,5,2,0,2,0,36,114,1,0,0,1
00Q000000005050,Pooja Bose,QuantaIndustries,Director of Sales,Director,Education,101,Event,1,2,5,0,0,1,1,18,102,1,0,0,1
00Q000000005051,Riya Sharma,QuantaHealth,Analyst,Individual,Other,41,Cold Outbound,1,0,1,0,1,0,2,5,63,1,1,0,0
00Q000000005052,Priya Kapoor,ZenIndustries,Engineer,Individual,Retail,840,Paid Ad,7,1,1,0,0,0,1,2,13,0,1,1,0
00Q000000005053,Aarav Iyer,VertexLabs,Engineer,Individual,Education,10,Web,3,0,0,0,1,1,1,15,2,1,0,0,0
00Q000000005054,Divya Kapoor,LumenGroup,Coordinator,Individual,Other,156,Paid Ad,4,0,2,0,0,1,1,20,12,1,0,0,0
00Q000000005055,Vikram Rao,LumenNetworks,Head of Ops,Director,Healthcare,75,Web,5,2,2,1,1,1,1,6,20,1,0,0,0
00Q000000005056,Rohan Rao,CobaltIndustries,Coordinator,Individual,Other,321,Paid Ad,2,0,2,0,1,1,1,8,24,1,0,0,0
00Q000000005057,Aarav Reddy,QuantaGroup,Director of Sales,Director,Technology,96,Web,3,1,1,1,0,2,1,7,74,1,0,0,0
00Q000000005058,Vikram Bose,BlueIndustries,Analyst,Individual,Technology,100,Paid Ad,4,0,2,0,0,2,0,58,48,1,0,1,0
00Q000000005059,Riya Iyer,SummitDynamics,Analyst,Individual,Healthcare,66,Event,1,0,1,0,0,0,0,10,62,1,1,1,0
00Q000000005060,Pooja Nair,ApexHealth,Engineer,Individual,Healthcare,804,Paid Ad,2,0,1,0,0,0,2,25,43,1,0,0,0
00Q000000005061,Sneha Kapoor,HelixGroup,Sales Manager,Manager,Healthcare,99,Paid Ad,0,1,7,2,1,2,0,2,60,0,1,0,0
00Q000000005062,Dev Reddy,VertexDynamics,Director of IT,Director,Manufacturing,1909,Web,4,3,3,0,0,0,2,9,50,1,0,0,1
00Q000000005063,Nikhil Sharma,SummitPartners,VP Engineering,VP,Manufacturing,149,Referral,6,0,2,1,0,2,1,65,72,1,0,0,0
00Q000000005064,Riya Khan,PioneerPartners,Analyst,Individual,Education,102,Event,2,1,2,1,0,1,0,9,76,0,0,0,0
00Q000000005065,Divya Malhotra,NovaPartners,Director of IT,Director,Finance,79,Paid Ad,4,2,2,0,0,0,1,15,80,0,0,1,1
00Q000000005066,Sanjay Kapoor,NovaSolutions,Director of Sales,Director,Finance,231,Cold Outbound,0,0,0,0,0,0,0,6,44,1,0,0,0
00Q000000005067,Rohan Reddy,SummitPartners,IT Manager,Manager,Retail,41,Referral,4,5,2,0,0,3,4,6,36,1,0,0,1
00Q000000005068,Divya Singh,VertexNetworks,Coordinator,Individual,Retail,123,Paid Ad,2,0,1,0,0,0,1,1,6,1,1,0,0
00Q000000005069,Isha Sharma,ZenSystems,Coordinator,Individual,Education,100,Cold Outbound,4,2,4,0,1,0,0,3,74,1,0,1,1
00Q000000005070,Priya Mehta,CobaltIndustries,Analyst,Individual,Finance,162,Paid Ad,4,0,4,0,1,0,1,10,108,0,0,0,0
00Q000000005071,Kavya Sharma,OrbitNetworks,VP Sales,VP,Technology,168,Referral,2,1,3,1,0,1,2,22,115,1,0,0,1
00Q000000005072,Dev Verma,NovaPartners,IT Manager,Manager,Other,181,Event,2,3,5,3,2,1,3,3,116,0,0,1,1
00Q000000005073,Meera Nair,ZenSystems,Sales Manager,Manager,Technology,114,Cold Outbound,3,1,1,0,0,2,0,9,20,0,0,0,0
00Q000000005074,Sanjay Nair,PioneerSystems,Head of Ops,Director,Retail,1046,Event,8,1,4,1,2,4,2,2,8,1,0,0,1
00Q000000005075,Arjun Kapoor,PioneerDynamics,Sales Manager,Manager,Finance,187,Web,3,0,0,0,0,1,1,7,1,1,0,0,0
00Q000000005076,Pooja Rao,HelixDynamics,Director of Sales,Director,Healthcare,4959,Paid Ad,3,1,1,0,0,3,0,15,14,0,0,0,0
00Q000000005077,Kavya Mehta,LumenSystems,Engineer,Individual,Education,107,Web,2,2,4,2,1,3,0,0,5,0,0,0,0
00Q000000005078,Pooja Joshi,NovaIndustries,Ops Manager,Manager,Healthcare,419,Paid Ad,1,1,6,3,1,0,3,14,109,1,0,0,1
00Q000000005079,Vikram Joshi,HelixSolutions,Analyst,Individual,Technology,33,Cold Outbound,1,1,2,2,1,0,1,8,19,0,0,0,0
00Q000000005080,Vikram Bose,NovaIndustries,Engineer,Individual,Retail,813,Cold Outbound,0,1,1,0,2,0,1,10,54,0,1,0,0
00Q000000005081,Priya Joshi,PioneerLabs,Coordinator,Individual,Technology,34,Paid Ad,4,1,2,0,0,1,0,7,116,1,0,0,0
00Q000000005082,Isha Kapoor,OrbitPartners,Director of IT,Director,Finance,197,Cold Outbound,1,0,1,1,0,0,0,4,116,1,0,0,1
00Q000000005083,Riya Mehta,HelixLabs,Director of Sales,Director,Manufacturing,66,Partner,2,0,4,2,0,0,3,3,78,1,0,0,1
00Q000000005084,Priya Khan,HelixPartners,Head of Ops,Director,Healthcare,195,Cold Outbound,1,2,2,1,0,1,2,3,8,1,0,0,0
00Q000000005085,Rahul Malhotra,QuantaLabs,Analyst,Individual,Manufacturing,69,Cold Outbound,4,1,5,1,1,2,2,2,24,1,0,1,0
00Q000000005086,Vikram Gupta,LumenLabs,COO,C-Level,Healthcare,30,Cold Outbound,0,0,2,0,2,0,0,21,37,1,0,0,0
00Q000000005087,Nikhil Singh,VertexNetworks,Coordinator,Individual,Healthcare,66,Web,1,0,1,0,0,2,0,43,103,1,0,0,0
00Q000000005088,Nikhil Rao,ZenPartners,VP Marketing,VP,Finance,1004,Web,2,0,1,1,0,1,0,10,114,1,0,0,0
00Q000000005089,Riya Bose,LumenDynamics,Director of IT,Director,Other,200,Web,6,3,7,4,3,1,1,2,2,1,0,1,1
00Q000000005090,Amit Iyer,VertexIndustries,Sales Manager,Manager,Technology,14,Paid Ad,2,1,4,0,0,3,1,7,87,0,0,0,0
00Q000000005091,Rohan Patel,QuantaWorks,Sales Manager,Manager,Other,514,Cold Outbound,3,2,2,0,2,3,0,2,27,1,0,0,0
00Q000000005092,Nikhil Das,ZenHealth,Director of IT,Director,Finance,26,Cold Outbound,1,0,1,0,0,0,0,19,59,1,0,0,1
00Q000000005093,Priya Patel,LumenSystems,Director of IT,Director,Finance,303,Cold Outbound,4,0,1,0,0,1,0,7,24,1,0,0,1
00Q000000005094,Amit Kapoor,BlueSolutions,Analyst,Individual,Retail,228,Cold Outbound,2,0,4,0,0,0,2,1,87,1,0,0,0
00Q000000005095,Rahul Rao,OrbitGroup,Director of IT,Director,Healthcare,250,Event,0,1,2,1,0,2,1,16,32,1,0,0,0
00Q000000005096,Neha Singh,ZenSolutions,Analyst,Individual,Manufacturing,1603,Event,4,2,8,1,3,4,1,1,117,1,1,1,1
00Q000000005097,Divya Khan,PioneerWorks,IT Manager,Manager,Other,28,Paid Ad,9,6,11,1,1,2,1,3,98,0,1,1,1
00Q000000005098,Riya Verma,NovaNetworks,Director of IT,Director,Education,248,Web,1,1,4,0,0,1,2,8,7,1,0,0,0
00Q000000005099,Arjun Kapoor,NovaLabs,VP Sales,VP,Manufacturing,658,Partner,0,1,2,0,1,0,0,23,62,1,0,0,0
00Q000000005100,Meera Das,SummitNetworks,Sales Manager,Manager,Retail,37,Paid Ad,3,0,2,0,0,0,0,7,39,0,0,0,1
00Q000000005101,Divya Kapoor,ZenLabs,Engineer,Individual,Healthcare,32,Web,8,3,9,1,0,2,3,17,70,1,1,0,1
00Q000000005102,Vikram Sharma,OrbitWorks,IT Manager,Manager,Retail,64,Paid Ad,3,2,3,1,0,2,0,16,69,1,1,0,0
00Q000000005103,Meera Mehta,VertexGroup,Engineer,Individual,Technology,161,Paid Ad,2,2,2,1,1,0,0,8,81,1,0,0,0
00Q000000005104,Nikhil Kapoor,SummitSolutions,IT Manager,Manager,Technology,11,Partner,3,1,2,0,0,0,1,55,77,1,0,1,0
00Q000000005105,Pooja Joshi,SummitWorks,IT Manager,Manager,Manufacturing,227,Cold Outbound,1,0,3,0,0,1,0,8,94,0,0,0,0
00Q000000005106,Amit Mehta,NovaSystems,Head of Ops,Director,Technology,12,Web,3,4,4,2,0,1,1,3,83,1,0,0,0
00Q000000005107,Nikhil Kapoor,BlueNetworks,Coordinator,Individual,Retail,692,Partner,2,0,3,1,0,2,0,52,47,0,1,0,0
00Q000000005108,Pooja Bose,PioneerSystems,Engineer,Individual,Technology,215,Web,1,2,0,0,0,0,0,20,36,1,0,0,0
00Q000000005109,Neha Rao,LumenHealth,Sales Manager,Manager,Technology,1754,Event,4,1,2,0,1,0,0,16,18,1,0,0,0
00Q000000005110,Riya Verma,ApexLabs,Coordinator,Individual,Retail,271,Event,2,0,1,0,0,0,1,19,68,1,0,0,0
00Q000000005111,Karan Singh,LumenPartners,Coordinator,Individual,Manufacturing,62,Partner,1,0,1,1,0,2,0,19,81,1,0,0,0
00Q000000005112,Riya Verma,NovaSolutions,IT Manager,Manager,Other,30,Cold Outbound,1,0,3,0,1,1,0,11,12,1,1,0,0
00Q000000005113,Nikhil Iyer,SummitGroup,IT Manager,Manager,Finance,142,Web,1,1,5,0,0,1,0,3,85,1,0,0,1
00Q000000005114,Amit Iyer,PioneerGroup,Analyst,Individual,Technology,95,Paid Ad,5,2,1,1,0,0,2,1,23,1,0,0,1
00Q000000005115,Ananya Kapoor,PioneerGroup,IT Manager,Manager,Technology,589,Cold Outbound,4,2,4,1,0,0,0,4,98,1,0,0,0
00Q000000005116,Ananya Bose,ApexPartners,VP Engineering,VP,Healthcare,24,Cold Outbound,8,2,4,2,0,1,2,8,85,1,0,0,0
00Q000000005117,Rahul Singh,HelixPartners,IT Manager,Manager,Technology,2061,Web,1,0,0,0,0,2,2,26,10,1,0,0,0
00Q000000005118,Priya Nair,HelixPartners,Engineer,Individual,Retail,673,Web,3,0,3,0,0,0,0,7,95,1,0,0,0
00Q000000005119,Rohan Das,NovaGroup,Analyst,Individual,Technology,73,Event,5,0,1,1,1,0,0,1,91,1,1,0,1
00Q000000005120,Kavya Singh,NovaWorks,Coordinator,Individual,Other,1475,Cold Outbound,4,3,4,0,0,2,1,29,45,1,0,0,0
00Q000000005121,Pooja Sharma,ZenSolutions,IT Manager,Manager,Manufacturing,30,Referral,4,1,1,0,0,1,0,44,62,1,1,0,0
00Q000000005122,Aarav Iyer,ZenNetworks,Director of IT,Director,Retail,135,Event,7,1,3,0,0,1,1,7,7,1,0,0,1
00Q000000005123,Pooja Sharma,VertexDynamics,Coordinator,Individual,Technology,14,Cold Outbound,2,1,2,1,1,3,0,12,27,1,1,0,0
00Q000000005124,Riya Das,NovaHealth,Analyst,Individual,Technology,1587,Event,1,1,2,1,1,2,1,7,88,1,0,0,0
00Q000000005125,Meera Iyer,QuantaNetworks,IT Manager,Manager,Finance,8,Paid Ad,7,1,3,2,0,1,0,1,23,1,0,1,1
00Q000000005126,Arjun Das,QuantaSolutions,IT Manager,Manager,Manufacturing,11,Cold Outbound,3,2,3,2,0,0,1,6,37,0,0,1,1
00Q000000005127,Divya Sharma,LumenWorks,CFO,C-Level,Manufacturing,38,Referral,5,3,5,1,0,3,1,1,52,1,0,0,1
00Q000000005128,Arjun Khan,BluePartners,Engineer,Individual,Finance,723,Web,1,0,3,1,0,2,1,9,119,0,0,0,0
00Q000000005129,Pooja Sharma,ApexLabs,Analyst,Individual,Finance,416,Referral,1,1,3,1,0,1,1,11,26,1,0,0,0
00Q000000005130,Nikhil Nair,QuantaNetworks,Ops Manager,Manager,Other,119,Paid Ad,2,0,2,0,0,0,1,5,106,1,0,0,0
00Q000000005131,Rohan Rao,VertexNetworks,Engineer,Individual,Finance,458,Web,1,1,3,0,0,2,1,19,80,0,0,0,0
00Q000000005132,Sanjay Gupta,SummitWorks,Coordinator,Individual,Technology,83,Web,2,0,3,3,0,0,2,2,14,0,0,0,1
00Q000000005133,Meera Malhotra,VertexPartners,IT Manager,Manager,Finance,187,Web,2,0,0,0,0,0,0,5,55,1,1,0,1
00Q000000005134,Priya Reddy,HelixGroup,Ops Manager,Manager,Finance,1185,Paid Ad,1,0,0,0,2,0,1,21,59,1,0,0,1
00Q000000005135,Vikram Rao,OrbitDynamics,Coordinator,Individual,Healthcare,68,Cold Outbound,4,0,1,0,0,0,1,14,45,1,1,0,0
00Q000000005136,Pooja Bose,CobaltIndustries,Director of Sales,Director,Manufacturing,31,Paid Ad,4,1,2,0,0,2,1,4,1,0,0,0,0
00Q000000005137,Vikram Rao,OrbitGroup,IT Manager,Manager,Manufacturing,201,Partner,5,0,4,0,0,0,1,8,2,1,0,0,1
00Q000000005138,Isha Sharma,BlueWorks,Analyst,Individual,Retail,301,Cold Outbound,2,1,1,0,0,2,1,6,33,0,0,0,0
00Q000000005139,Rohan Patel,ApexNetworks,VP Marketing,VP,Technology,117,Partner,2,3,5,1,0,2,1,4,53,0,0,0,0
00Q000000005140,Nikhil Khan,VertexLabs,Analyst,Individual,Technology,448,Paid Ad,7,1,4,0,0,0,0,12,64,1,0,1,1
00Q000000005141,Vikram Bose,OrbitSolutions,CFO,C-Level,Education,73,Web,0,0,0,0,0,0,0,19,90,1,0,0,0
00Q000000005142,Dev Patel,OrbitIndustries,CFO,C-Level,Technology,120,Event,1,0,2,0,0,0,0,7,93,0,0,0,1
00Q000000005143,Riya Nair,CobaltNetworks,Ops Manager,Manager,Finance,174,Web,7,2,2,1,1,5,2,4,104,1,0,0,1
00Q000000005144,Ananya Malhotra,PioneerLabs,Engineer,Individual,Healthcare,153,Event,0,0,1,0,0,2,1,90,39,1,0,0,0
00Q000000005145,Vikram Joshi,CobaltIndustries,VP Engineering,VP,Retail,1118,Cold Outbound,1,2,5,2,0,4,1,16,57,1,0,0,1
00Q000000005146,Meera Rao,HelixLabs,Ops Manager,Manager,Technology,173,Referral,10,3,2,1,2,0,0,3,81,1,1,1,1
00Q000000005147,Vikram Singh,VertexLabs,Engineer,Individual,Other,63,Web,0,0,2,2,0,0,1,4,41,1,0,0,0
00Q000000005148,Rahul Mehta,VertexIndustries,Sales Manager,Manager,Finance,219,Cold Outbound,2,1,2,0,0,1,1,8,50,1,0,0,0
00Q000000005149,Neha Iyer,BluePartners,Sales Manager,Manager,Other,451,Cold Outbound,2,0,0,0,0,0,0,3,66,1,0,0,0
00Q000000005150,Karan Malhotra,QuantaLabs,VP Marketing,VP,Finance,317,Partner,4,3,4,1,2,3,1,16,78,1,0,0,1
00Q000000005151,Sneha Verma,OrbitNetworks,Head of Ops,Director,Retail,292,Web,4,0,0,0,0,4,4,5,43,0,0,0,0
00Q000000005152,Pooja Malhotra,ApexWorks,VP Sales,VP,Finance,10,Paid Ad,3,2,3,1,0,2,0,8,60,1,0,0,0
00Q000000005153,Sanjay Reddy,ZenWorks,Head of Ops,Director,Education,2,Event,7,0,4,2,0,2,3,13,45,1,0,0,0
00Q000000005154,Dev Gupta,PioneerSystems,Director of Sales,Director,Healthcare,673,Paid Ad,2,1,0,0,1,0,1,28,105,1,1,0,1
00Q000000005155,Isha Malhotra,ApexSolutions,IT Manager,Manager,Education,192,Paid Ad,3,0,2,1,0,1,1,6,4,1,0,0,0
00Q000000005156,Ananya Sharma,QuantaSolutions,CFO,C-Level,Retail,96,Partner,2,1,2,1,0,1,1,20,104,0,0,1,1
00Q000000005157,Divya Rao,BlueGroup,CEO,C-Level,Manufacturing,281,Web,3,0,3,0,0,4,1,46,80,0,0,0,1
00Q000000005158,Isha Rao,VertexHealth,VP Marketing,VP,Finance,1791,Cold Outbound,2,1,2,0,0,0,0,2,21,0,0,0,0
00Q000000005159,Nikhil Iyer,SummitSystems,Director of Sales,Director,Finance,829,Web,1,0,2,0,0,0,2,9,71,1,0,0,0
00Q000000005160,Pooja Iyer,CobaltPartners,Sales Manager,Manager,Other,421,Web,2,2,3,1,0,1,0,12,53,1,1,0,1
00Q000000005161,Rahul Gupta,HelixIndustries,Engineer,Individual,Other,26,Cold Outbound,1,1,2,0,0,2,0,6,86,1,0,0,0
00Q000000005162,Isha Gupta,BlueNetworks,VP Sales,VP,Technology,31,Event,3,4,2,2,1,1,1,3,103,1,0,0,1
00Q000000005163,Divya Singh,HelixGroup,Coordinator,Individual,Technology,2,Event,9,1,2,2,0,1,1,14,51,1,0,0,0
00Q000000005164,Rohan Iyer,BlueLabs,Analyst,Individual,Technology,257,Referral,1,0,1,0,0,5,0,43,83,1,0,0,0
00Q000000005165,Rahul Iyer,SummitSystems,Ops Manager,Manager,Technology,524,Web,1,0,2,1,1,0,2,35,5,1,0,0,0
00Q000000005166,Sanjay Nair,NovaNetworks,IT Manager,Manager,Finance,593,Web,2,0,2,0,0,0,0,8,34,1,0,0,1
00Q000000005167,Aarav Joshi,QuantaLabs,Ops Manager,Manager,Education,274,Partner,1,0,0,0,0,2,2,11,51,0,0,0,0
00Q000000005168,Ananya Rao,VertexSystems,Analyst,Individual,Technology,78,Web,7,2,5,0,1,2,3,2,57,1,0,0,0
00Q000000005169,Kavya Das,ZenWorks,Analyst,Individual,Other,42,Cold Outbound,8,8,9,1,2,2,2,18,37,1,1,1,1
00Q000000005170,Meera Kapoor,PioneerLabs,Coordinator,Individual,Other,28,Partner,2,3,3,0,0,3,2,10,41,1,0,0,0
00Q000000005171,Priya Singh,QuantaHealth,Sales Manager,Manager,Finance,77,Cold Outbound,5,2,3,1,1,2,1,8,20,0,1,0,1
00Q000000005172,Meera Patel,OrbitDynamics,Analyst,Individual,Healthcare,22,Cold Outbound,2,0,1,0,2,3,0,10,13,1,0,0,0
00Q000000005173,Ananya Iyer,VertexWorks,Head of Ops,Director,Manufacturing,1385,Paid Ad,1,2,5,0,0,2,0,10,85,0,0,0,0
00Q000000005174,Isha Khan,SummitWorks,Analyst,Individual,Technology,14,Event,9,4,11,3,2,3,5,2,69,0,1,0,1
00Q000000005175,Rahul Mehta,BlueIndustries,Ops Manager,Manager,Retail,74,Cold Outbound,3,0,1,1,0,2,1,7,106,1,0,1,0
00Q000000005176,Rahul Mehta,OrbitSystems,Ops Manager,Manager,Manufacturing,5,Event,11,1,8,3,0,1,1,2,114,0,0,1,1
00Q000000005177,Sanjay Bose,HelixIndustries,Ops Manager,Manager,Technology,155,Web,7,3,3,1,2,1,0,8,99,0,0,0,1
00Q000000005178,Kavya Sharma,BluePartners,VP Sales,VP,Other,99,Paid Ad,1,0,2,0,0,0,0,5,37,0,0,0,0
00Q000000005179,Arjun Khan,HelixNetworks,Analyst,Individual,Finance,58,Web,2,1,0,0,0,2,0,14,111,1,0,0,0
00Q000000005180,Riya Bose,HelixPartners,Ops Manager,Manager,Technology,24,Paid Ad,4,0,2,0,0,4,1,2,98,1,1,0,0
00Q000000005181,Karan Iyer,NovaSolutions,Director of IT,Director,Other,99,Cold Outbound,2,0,4,0,0,2,1,16,60,1,0,0,0
00Q000000005182,Rahul Nair,SummitNetworks,Coordinator,Individual,Technology,43,Paid Ad,4,1,2,0,1,2,0,3,104,1,0,0,1
00Q000000005183,Rahul Kapoor,ZenWorks,VP Engineering,VP,Technology,81,Web,15,7,11,4,2,5,1,1,29,1,0,1,1
00Q000000005184,Arjun Bose,BlueLabs,CEO,C-Level,Technology,1874,Web,2,1,2,0,1,0,0,10,107,1,0,0,0
00Q000000005185,Neha Das,PioneerGroup,Director of Sales,Director,Finance,128,Referral,1,2,2,2,0,0,1,5,103,1,0,0,1
00Q000000005186,Arjun Reddy,VertexLabs,CFO,C-Level,Healthcare,221,Web,5,1,4,0,0,1,1,69,2,0,0,1,1
00Q000000005187,Meera Joshi,QuantaHealth,Ops Manager,Manager,Retail,49,Paid Ad,0,0,2,1,0,0,0,4,3,1,0,0,0
00Q000000005188,Rahul Gupta,ZenIndustries,Ops Manager,Manager,Finance,30,Partner,2,0,2,1,1,1,1,7,97,1,0,0,1
00Q000000005189,Riya Mehta,PioneerLabs,Coordinator,Individual,Manufacturing,96,Paid Ad,3,2,1,0,0,0,1,4,30,0,0,0,0
00Q000000005190,Nikhil Nair,ApexSystems,Coordinator,Individual,Technology,4255,Paid Ad,2,2,1,0,0,1,1,45,72,1,0,0,0
00Q000000005191,Rohan Sharma,LumenNetworks,Engineer,Individual,Healthcare,64,Event,4,3,5,1,0,0,0,6,106,1,0,0,1
00Q000000005192,Dev Mehta,PioneerSolutions,IT Manager,Manager,Other,171,Web,0,0,2,0,0,1,2,2,58,1,0,0,0
00Q000000005193,Divya Sharma,NovaSolutions,IT Manager,Manager,Retail,28,Paid Ad,6,1,8,2,3,1,2,29,77,1,0,0,0
00Q000000005194,Pooja Joshi,PioneerSolutions,Coordinator,Individual,Retail,2,Event,1,2,5,1,1,3,1,9,8,1,0,0,0
00Q000000005195,Ananya Gupta,SummitDynamics,Director of IT,Director,Finance,30,Referral,8,3,7,0,0,0,2,6,102,1,0,0,1
00Q000000005196,Sanjay Bose,CobaltDynamics,Coordinator,Individual,Healthcare,3537,Paid Ad,1,1,4,0,1,1,0,8,51,1,0,0,1
00Q000000005197,Rohan Malhotra,LumenLabs,Ops Manager,Manager,Education,243,Referral,2,0,1,0,0,1,1,14,89,0,0,0,0
00Q000000005198,Rohan Mehta,SummitIndustries,Analyst,Individual,Other,1166,Web,0,0,1,0,0,2,1,29,65,1,0,0,0
00Q000000005199,Kavya Rao,VertexLabs,Director of Sales,Director,Retail,59,Event,3,1,1,0,0,1,0,30,99,1,0,0,0
00Q000000005200,Neha Joshi,PioneerWorks,Ops Manager,Manager,Healthcare,2,Referral,10,1,4,2,0,4,0,0,112,1,0,0,1
00Q000000005201,Meera Joshi,QuantaIndustries,Director of IT,Director,Technology,18,Paid Ad,5,0,0,0,0,0,0,6,41,1,0,0,0
00Q000000005202,Dev Khan,HelixIndustries,Coordinator,Individual,Technology,180,Web,0,0,0,0,0,0,0,12,49,1,0,0,0
00Q000000005203,Aarav Patel,CobaltHealth,IT Manager,Manager,Technology,142,Cold Outbound,1,0,3,0,0,0,0,6,95,1,1,0,0
00Q000000005204,Nikhil Mehta,ApexSystems,CEO,C-Level,Finance,97,Event,2,1,0,0,0,1,0,7,106,1,0,0,0
00Q000000005205,Riya Singh,VertexPartners,Engineer,Individual,Technology,44,Web,3,2,1,0,0,2,1,15,4,1,0,0,0
00Q000000005206,Riya Rao,BlueSystems,IT Manager,Manager,Healthcare,407,Web,0,0,2,0,0,0,0,60,27,1,0,0,0
00Q000000005207,Rohan Malhotra,LumenWorks,Analyst,Individual,Manufacturing,46,Cold Outbound,3,0,1,0,0,2,1,12,31,1,1,0,0
00Q000000005208,Divya Kapoor,QuantaHealth,Coordinator,Individual,Manufacturing,157,Paid Ad,3,0,2,0,0,4,1,7,57,1,0,0,0
00Q000000005209,Nikhil Reddy,HelixHealth,Sales Manager,Manager,Manufacturing,133,Partner,1,0,2,0,1,0,0,4,111,0,0,0,0
00Q000000005210,Rohan Joshi,QuantaWorks,Analyst,Individual,Technology,57,Cold Outbound,3,0,1,0,0,2,1,30,102,1,0,0,0
00Q000000005211,Sanjay Kapoor,NovaLabs,IT Manager,Manager,Manufacturing,26,Referral,1,0,2,0,1,4,1,9,89,1,0,0,1
00Q000000005212,Kavya Iyer,BlueWorks,CFO,C-Level,Other,52,Paid Ad,1,0,3,0,0,2,1,13,59,0,0,0,0
00Q000000005213,Neha Rao,OrbitLabs,Analyst,Individual,Healthcare,1653,Paid Ad,2,0,2,1,0,2,0,12,22,1,0,0,0
00Q000000005214,Aarav Reddy,QuantaWorks,Coordinator,Individual,Education,527,Cold Outbound,2,0,2,0,0,1,1,18,65,0,0,0,0
00Q000000005215,Amit Sharma,ZenHealth,VP Engineering,VP,Healthcare,459,Event,0,0,1,1,0,0,0,8,77,0,0,0,0
00Q000000005216,Amit Das,VertexDynamics,Sales Manager,Manager,Manufacturing,30,Cold Outbound,1,0,1,1,0,0,0,21,90,1,0,0,0
00Q000000005217,Sanjay Khan,ApexSystems,VP Sales,VP,Healthcare,11,Paid Ad,6,0,3,1,0,2,3,4,48,0,0,0,1
00Q000000005218,Arjun Verma,NovaNetworks,Ops Manager,Manager,Retail,515,Cold Outbound,3,3,3,0,0,3,1,3,101,1,0,0,0
00Q000000005219,Sanjay Iyer,ApexHealth,Director of Sales,Director,Other,386,Web,2,1,2,2,2,4,2,3,108,0,0,0,1
00Q000000005220,Sneha Verma,VertexNetworks,CEO,C-Level,Healthcare,122,Event,2,0,4,0,0,0,1,2,57,0,0,1,1
00Q000000005221,Sneha Das,HelixIndustries,Analyst,Individual,Retail,57,Web,2,0,0,0,0,2,1,3,67,1,1,0,0
00Q000000005222,Karan Reddy,OrbitIndustries,VP Sales,VP,Other,11,Cold Outbound,7,2,3,1,0,2,3,23,71,0,0,0,1
00Q000000005223,Arjun Joshi,SummitWorks,Director of Sales,Director,Education,365,Web,5,1,2,0,0,1,0,21,1,0,0,0,1
00Q000000005224,Ananya Gupta,VertexIndustries,VP Marketing,VP,Technology,589,Paid Ad,3,1,5,0,0,1,1,4,26,1,0,0,1
00Q000000005225,Sanjay Nair,QuantaHealth,Coordinator,Individual,Technology,35,Web,2,0,3,0,0,1,1,7,98,1,0,0,0
00Q000000005226,Karan Sharma,QuantaPartners,Ops Manager,Manager,Other,31,Web,3,0,3,1,0,1,1,9,35,1,0,1,1
00Q000000005227,Vikram Reddy,LumenWorks,Analyst,Individual,Retail,640,Referral,1,2,2,0,2,1,0,17,106,1,1,0,1
00Q000000005228,Divya Verma,QuantaDynamics,CEO,C-Level,Other,37,Partner,1,1,3,0,1,1,0,19,28,1,0,0,1
00Q000000005229,Nikhil Gupta,VertexWorks,Analyst,Individual,Finance,1434,Web,2,1,0,0,0,0,0,17,67,1,1,0,0
00Q000000005230,Sneha Khan,QuantaSystems,Engineer,Individual,Education,84,Partner,5,0,5,1,0,1,0,2,11,1,0,0,0
00Q000000005231,Sanjay Joshi,ZenWorks,VP Marketing,VP,Education,55,Partner,0,0,2,0,0,1,0,11,111,1,0,0,0
00Q000000005232,Arjun Singh,PioneerSystems,Sales Manager,Manager,Education,106,Cold Outbound,2,0,1,0,0,1,1,7,35,1,0,0,0
00Q000000005233,Isha Mehta,HelixNetworks,Sales Manager,Manager,Retail,55,Paid Ad,6,4,4,2,3,1,1,0,36,0,1,1,0
00Q000000005234,Karan Mehta,ApexSolutions,Analyst,Individual,Technology,538,Paid Ad,3,0,2,0,0,0,1,12,105,1,0,0,0
00Q000000005235,Amit Das,NovaWorks,Director of IT,Director,Retail,375,Paid Ad,4,0,3,0,0,1,0,0,93,1,0,0,1
00Q000000005236,Karan Verma,SummitLabs,Coordinator,Individual,Manufacturing,508,Web,1,0,1,0,0,0,1,49,4,1,0,0,0
00Q000000005237,Meera Bose,ApexDynamics,Sales Manager,Manager,Finance,131,Event,3,2,1,0,0,1,2,2,99,1,0,0,0
00Q000000005238,Rahul Bose,QuantaLabs,Ops Manager,Manager,Technology,50,Cold Outbound,3,0,3,1,1,1,2,10,2,1,0,0,0
00Q000000005239,Divya Gupta,ApexGroup,Ops Manager,Manager,Other,98,Web,1,2,5,0,0,1,0,30,87,0,1,1,0
00Q000000005240,Neha Das,PioneerPartners,Analyst,Individual,Technology,52,Web,5,0,3,1,0,1,0,2,46,1,1,0,0
00Q000000005241,Dev Mehta,ApexDynamics,Coordinator,Individual,Healthcare,897,Paid Ad,3,0,2,0,1,1,0,14,6,1,1,0,0
00Q000000005242,Neha Kapoor,SummitHealth,Head of Ops,Director,Manufacturing,447,Cold Outbound,1,1,3,1,2,3,3,2,11,1,0,0,1
00Q000000005243,Karan Bose,OrbitPartners,Coordinator,Individual,Other,86,Referral,3,3,4,0,2,0,2,5,55,0,1,0,1
00Q000000005244,Dev Mehta,NovaSystems,Engineer,Individual,Retail,24,Cold Outbound,2,0,3,0,2,2,1,3,114,1,1,0,0
00Q000000005245,Sneha Verma,CobaltSolutions,IT Manager,Manager,Finance,1003,Referral,3,0,4,1,0,2,1,14,75,1,0,0,1
00Q000000005246,Rohan Khan,ApexDynamics,Sales Manager,Manager,Technology,122,Event,9,1,17,4,4,3,2,3,106,0,0,1,1
00Q000000005247,Ananya Malhotra,LumenPartners,Director of IT,Director,Finance,81,Cold Outbound,5,0,2,1,0,0,0,9,115,1,0,0,1
00Q000000005248,Arjun Das,SummitDynamics,Ops Manager,Manager,Finance,1016,Event,5,0,1,1,0,0,1,8,21,1,1,0,0
00Q000000005249,Vikram Sharma,OrbitIndustries,VP Engineering,VP,Education,46,Paid Ad,0,0,5,0,0,2,1,6,100,0,0,0,0
00Q000000005250,Neha Nair,PioneerNetworks,Director of Sales,Director,Finance,61,Cold Outbound,0,1,3,0,0,2,0,15,32,1,0,0,0
00Q000000005251,Arjun Khan,HelixWorks,VP Marketing,VP,Technology,70,Web,11,3,6,1,0,5,0,7,106,1,0,1,1
00Q000000005252,Aarav Kapoor,OrbitNetworks,Director of Sales,Director,Education,13,Web,5,2,2,1,1,1,2,1,1,1,0,0,1
00Q000000005253,Neha Verma,HelixDynamics,Analyst,Individual,Technology,159,Cold Outbound,4,2,5,2,0,1,3,11,99,1,1,0,1
00Q000000005254,Priya Khan,ApexGroup,CFO,C-Level,Technology,31,Paid Ad,1,1,1,1,1,1,0,12,87,1,0,0,1
00Q000000005255,Neha Joshi,BlueSystems,Director of Sales,Director,Healthcare,42,Cold Outbound,1,2,0,0,0,0,0,33,49,1,0,0,0
00Q000000005256,Karan Verma,ZenPartners,Sales Manager,Manager,Technology,34,Cold Outbound,4,0,4,0,0,1,0,11,40,1,0,0,0
00Q000000005257,Rohan Reddy,HelixGroup,Engineer,Individual,Technology,41,Paid Ad,0,0,2,0,0,0,2,6,88,1,0,0,0
00Q000000005258,Karan Iyer,VertexDynamics,Coordinator,Individual,Other,28,Event,1,0,0,0,0,0,0,15,9,0,0,0,0
00Q000000005259,Neha Reddy,BlueIndustries,Director of IT,Director,Education,144,Event,5,0,4,0,0,2,1,2,98,1,0,1,1
00Q000000005260,Karan Bose,BlueNetworks,Sales Manager,Manager,Retail,78,Web,2,1,2,1,0,0,1,13,22,0,0,0,0
00Q000000005261,Riya Gupta,QuantaSolutions,Head of Ops,Director,Retail,106,Event,2,3,5,1,0,0,0,20,88,0,0,0,1
00Q000000005262,Arjun Reddy,VertexGroup,Ops Manager,Manager,Technology,3397,Cold Outbound,2,1,4,0,0,2,0,48,90,0,0,0,0
00Q000000005263,Riya Bose,VertexIndustries,Ops Manager,Manager,Education,78,Cold Outbound,3,1,3,0,1,3,0,5,41,1,0,0,0
00Q000000005264,Neha Bose,VertexSystems,Analyst,Individual,Healthcare,246,Cold Outbound,2,0,0,0,0,0,0,2,107,1,1,0,1
00Q000000005265,Divya Das,NovaIndustries,Engineer,Individual,Technology,292,Cold Outbound,1,1,0,0,0,2,0,4,52,1,1,0,0
00Q000000005266,Neha Khan,VertexPartners,Engineer,Individual,Finance,90,Web,0,1,0,0,1,0,0,7,92,0,0,0,0
00Q000000005267,Rohan Das,VertexSolutions,VP Engineering,VP,Manufacturing,150,Event,0,0,1,1,0,0,0,10,19,1,0,0,0
00Q000000005268,Neha Singh,NovaDynamics,Ops Manager,Manager,Technology,102,Web,4,0,5,0,0,3,1,33,92,1,1,1,1
00Q000000005269,Sneha Rao,OrbitSolutions,CEO,C-Level,Finance,134,Paid Ad,0,0,0,0,0,0,1,14,19,1,0,0,0
00Q000000005270,Kavya Nair,ZenGroup,Director of Sales,Director,Finance,41,Cold Outbound,4,1,4,1,3,0,0,23,32,1,0,0,1
00Q000000005271,Amit Nair,ApexDynamics,Head of Ops,Director,Healthcare,47,Cold Outbound,2,2,5,1,0,4,3,14,34,0,0,0,0
00Q000000005272,Neha Das,BlueSystems,IT Manager,Manager,Technology,102,Cold Outbound,1,0,1,0,0,0,1,23,29,0,1,0,0
00Q000000005273,Rahul Das,PioneerNetworks,VP Marketing,VP,Manufacturing,5,Referral,4,1,4,0,0,1,0,11,106,0,0,1,1
00Q000000005274,Nikhil Malhotra,NovaDynamics,CFO,C-Level,Technology,938,Event,1,1,1,0,0,0,0,7,21,1,0,0,0
00Q000000005275,Kavya Das,CobaltSolutions,Director of Sales,Director,Manufacturing,2543,Referral,0,0,2,0,0,0,0,28,17,1,0,0,1
00Q000000005276,Riya Joshi,ZenIndustries,Engineer,Individual,Technology,128,Paid Ad,3,3,1,0,0,1,5,58,64,1,0,0,0
00Q000000005277,Neha Das,OrbitPartners,Director of Sales,Director,Healthcare,269,Referral,3,1,1,0,0,0,1,11,28,1,0,0,1
00Q000000005278,Dev Rao,BluePartners,Engineer,Individual,Manufacturing,503,Partner,4,0,3,0,0,1,1,14,22,1,0,0,0
00Q000000005279,Sanjay Reddy,VertexDynamics,Coordinator,Individual,Retail,13,Event,6,4,3,3,1,2,0,2,116,0,1,0,0
00Q000000005280,Amit Nair,ApexNetworks,Director of Sales,Director,Technology,400,Paid Ad,2,0,1,0,0,1,0,11,115,1,0,0,0
00Q000000005281,Vikram Mehta,OrbitGroup,VP Sales,VP,Manufacturing,52,Cold Outbound,6,2,3,0,0,4,2,5,72,1,1,0,1
00Q000000005282,Karan Rao,BlueIndustries,Engineer,Individual,Education,3090,Referral,1,0,1,0,0,0,0,59,12,1,0,0,0
00Q000000005283,Arjun Rao,ZenPartners,Engineer,Individual,Technology,75,Paid Ad,3,1,1,1,0,1,1,5,85,1,0,0,0
00Q000000005284,Meera Nair,QuantaLabs,VP Sales,VP,Manufacturing,388,Cold Outbound,4,0,2,1,0,0,1,10,45,0,0,0,1
00Q000000005285,Meera Rao,ZenHealth,Engineer,Individual,Healthcare,76,Cold Outbound,1,1,5,1,0,2,1,34,11,1,0,0,0
00Q000000005286,Ananya Rao,CobaltHealth,Coordinator,Individual,Education,2683,Web,2,2,0,0,1,0,0,24,82,1,0,0,0
00Q000000005287,Meera Das,CobaltDynamics,Head of Ops,Director,Healthcare,46,Paid Ad,0,0,2,0,0,0,0,13,73,1,0,0,0
00Q000000005288,Divya Iyer,VertexSolutions,VP Marketing,VP,Other,571,Event,5,3,4,1,0,1,0,8,55,1,0,0,1
00Q000000005289,Ananya Singh,LumenSolutions,Ops Manager,Manager,Retail,254,Referral,5,4,6,2,1,4,0,5,46,0,0,1,1
00Q000000005290,Dev Kapoor,SummitGroup,Ops Manager,Manager,Manufacturing,182,Web,3,0,2,1,0,3,0,20,31,0,1,0,0
00Q000000005291,Sneha Gupta,VertexSolutions,Ops Manager,Manager,Finance,140,Paid Ad,2,1,2,0,0,0,2,8,17,0,1,0,0
00Q000000005292,Aarav Kapoor,CobaltLabs,Coordinator,Individual,Manufacturing,36,Referral,4,0,3,2,1,2,0,6,47,1,0,0,0
00Q000000005293,Rahul Das,BlueIndustries,Director of Sales,Director,Technology,2,Paid Ad,2,3,6,3,1,5,0,2,48,1,0,0,1
00Q000000005294,Karan Khan,NovaSystems,VP Marketing,VP,Healthcare,498,Referral,2,0,4,1,0,1,0,24,20,0,0,0,1
00Q000000005295,Sanjay Mehta,OrbitIndustries,Ops Manager,Manager,Finance,47,Web,2,3,7,4,1,1,0,16,69,1,0,1,1
00Q000000005296,Karan Nair,NovaIndustries,Coordinator,Individual,Retail,575,Partner,0,1,0,0,0,0,0,12,57,0,1,0,0
00Q000000005297,Karan Reddy,CobaltPartners,Analyst,Individual,Retail,168,Web,3,0,0,0,0,4,1,11,86,0,1,0,0
00Q000000005298,Sanjay Das,OrbitGroup,Coordinator,Individual,Other,602,Web,4,0,1,0,0,0,1,31,20,0,0,0,1
00Q000000005299,Vikram Das,NovaGroup,Coordinator,Individual,Technology,331,Web,3,1,6,0,0,0,0,14,10,0,0,0,0
00Q000000005300,Pooja Patel,HelixHealth,Engineer,Individual,Other,2,Referral,3,0,2,0,1,3,1,6,96,1,0,0,0
00Q000000005301,Amit Bose,ApexIndustries,Director of IT,Director,Education,250,Event,1,1,2,0,0,5,0,6,40,1,1,0,0
00Q000000005302,Meera Mehta,HelixIndustries,Analyst,Individual,Education,59,Partner,5,1,2,1,0,0,1,8,16,0,0,0,0
00Q000000005303,Pooja Rao,NovaNetworks,Director of IT,Director,Retail,571,Paid Ad,6,1,3,3,1,2,1,21,107,0,0,0,1
00Q000000005304,Divya Iyer,PioneerDynamics,Ops Manager,Manager,Finance,241,Web,7,0,9,1,0,1,2,8,57,1,0,1,1
00Q000000005305,Riya Joshi,HelixWorks,VP Engineering,VP,Education,245,Web,6,4,7,5,1,0,1,3,115,0,0,1,1
00Q000000005306,Sanjay Singh,VertexHealth,CEO,C-Level,Manufacturing,66,Cold Outbound,3,1,3,1,0,1,1,26,40,1,0,0,1
00Q000000005307,Sneha Bose,VertexPartners,IT Manager,Manager,Retail,25,Web,2,0,1,1,0,2,0,6,91,1,1,0,0
00Q000000005308,Kavya Malhotra,CobaltSolutions,Engineer,Individual,Technology,51,Web,9,0,6,2,1,2,0,5,20,1,1,1,1
00Q000000005309,Divya Nair,PioneerSolutions,Director of IT,Director,Technology,6,Web,4,3,3,0,1,2,1,65,70,1,0,0,0
00Q000000005310,Rahul Sharma,LumenDynamics,Analyst,Individual,Finance,41,Partner,2,0,2,0,0,1,0,8,10,1,0,0,0
00Q000000005311,Arjun Kapoor,SummitGroup,Coordinator,Individual,Manufacturing,11,Paid Ad,5,0,0,0,0,1,0,14,30,1,0,0,0
00Q000000005312,Karan Khan,NovaGroup,Coordinator,Individual,Healthcare,11,Referral,2,0,3,0,2,2,0,10,68,1,0,0,0
00Q000000005313,Rahul Singh,NovaGroup,VP Engineering,VP,Other,118,Web,4,0,2,0,0,0,0,3,106,1,0,0,0
00Q000000005314,Neha Reddy,PioneerHealth,Coordinator,Individual,Technology,221,Partner,2,0,4,0,0,2,2,23,117,1,1,0,0
00Q000000005315,Karan Gupta,SummitIndustries,Ops Manager,Manager,Technology,94,Web,4,0,8,2,0,1,2,6,111,1,0,0,1
00Q000000005316,Meera Nair,HelixGroup,Ops Manager,Manager,Finance,47,Event,0,1,4,1,0,4,0,9,69,1,1,0,1
00Q000000005317,Amit Sharma,SummitIndustries,Head of Ops,Director,Technology,24,Cold Outbound,1,2,7,0,0,3,1,5,117,0,0,0,0
00Q000000005318,Sanjay Bose,BlueGroup,Engineer,Individual,Healthcare,61,Web,1,1,1,1,0,1,0,6,35,1,1,0,0
00Q000000005319,Arjun Kapoor,NovaNetworks,VP Marketing,VP,Retail,28,Referral,4,1,1,1,0,2,0,17,81,1,0,0,1
00Q000000005320,Sneha Khan,ZenIndustries,Director of IT,Director,Other,90,Paid Ad,4,2,9,0,0,2,3,23,47,1,0,1,1
00Q000000005321,Riya Mehta,QuantaLabs,Ops Manager,Manager,Technology,10,Paid Ad,0,0,3,0,0,1,0,5,100,0,0,0,0
00Q000000005322,Riya Joshi,BlueIndustries,Sales Manager,Manager,Finance,284,Event,0,0,3,0,0,1,0,12,112,1,0,0,1
00Q000000005323,Neha Verma,ZenDynamics,VP Sales,VP,Retail,42,Event,0,0,4,1,1,0,1,32,116,1,0,0,0
00Q000000005324,Isha Joshi,NovaWorks,Director of IT,Director,Finance,174,Event,1,0,2,0,0,2,0,7,102,1,0,0,0
00Q000000005325,Isha Kapoor,PioneerHealth,Ops Manager,Manager,Retail,376,Event,3,1,4,0,0,0,2,4,78,0,0,0,1
00Q000000005326,Isha Singh,LumenLabs,Ops Manager,Manager,Manufacturing,162,Referral,7,3,7,3,0,3,1,6,44,1,1,0,1
00Q000000005327,Rahul Singh,HelixIndustries,Coordinator,Individual,Education,329,Web,1,1,1,0,0,2,2,9,73,0,0,0,0
00Q000000005328,Pooja Iyer,HelixGroup,Engineer,Individual,Technology,4,Referral,4,2,4,1,0,0,3,10,86,1,0,0,0
00Q000000005329,Riya Das,HelixGroup,Engineer,Individual,Other,47,Event,4,0,2,1,0,1,1,4,78,0,1,1,0
00Q000000005330,Arjun Joshi,HelixIndustries,Analyst,Individual,Other,520,Event,3,1,6,1,0,1,0,10,40,1,0,0,0
00Q000000005331,Karan Verma,VertexSolutions,Engineer,Individual,Technology,213,Paid Ad,7,0,3,0,0,3,0,6,66,1,0,0,1
00Q000000005332,Vikram Reddy,BlueLabs,VP Engineering,VP,Healthcare,1591,Paid Ad,3,0,2,1,1,2,1,9,117,1,0,0,1
00Q000000005333,Nikhil Khan,VertexNetworks,Director of IT,Director,Healthcare,1282,Cold Outbound,4,2,6,2,0,2,0,8,26,1,0,1,1
00Q000000005334,Riya Joshi,BlueIndustries,VP Sales,VP,Finance,155,Paid Ad,4,1,3,3,2,1,1,3,27,1,0,0,1
00Q000000005335,Nikhil Khan,VertexWorks,Head of Ops,Director,Other,68,Paid Ad,2,1,2,0,1,1,0,7,55,1,0,0,0
00Q000000005336,Meera Nair,HelixPartners,Director of IT,Director,Technology,23,Web,5,1,3,1,0,4,1,7,50,1,0,0,1
00Q000000005337,Karan Das,LumenNetworks,Engineer,Individual,Finance,48,Partner,5,1,2,1,1,3,0,2,84,1,0,0,0
00Q000000005338,Karan Gupta,OrbitDynamics,Head of Ops,Director,Technology,53,Event,5,0,3,0,0,1,0,5,82,1,1,1,1
00Q000000005339,Pooja Nair,CobaltPartners,Engineer,Individual,Manufacturing,40,Cold Outbound,6,3,3,1,1,0,0,2,87,1,1,0,0
00Q000000005340,Riya Sharma,VertexSolutions,Ops Manager,Manager,Education,25,Cold Outbound,5,0,2,1,0,0,1,8,3,1,0,0,0
00Q000000005341,Sanjay Bose,OrbitNetworks,CFO,C-Level,Manufacturing,181,Web,5,1,3,0,1,1,1,15,55,1,0,0,0
00Q000000005342,Neha Gupta,HelixDynamics,VP Sales,VP,Retail,1267,Cold Outbound,1,0,0,0,1,0,2,20,41,0,0,0,1
00Q000000005343,Riya Rao,LumenDynamics,Analyst,Individual,Technology,403,Paid Ad,0,0,0,0,0,2,0,63,113,0,0,0,0
00Q000000005344,Vikram Iyer,QuantaSystems,Director of IT,Director,Retail,61,Paid Ad,0,1,3,0,1,2,1,11,50,0,0,0,0
00Q000000005345,Dev Mehta,ZenIndustries,Coordinator,Individual,Healthcare,455,Event,2,0,0,0,0,0,0,4,5,1,0,0,0
00Q000000005346,Dev Kapoor,LumenSolutions,Engineer,Individual,Healthcare,167,Referral,1,0,1,0,0,1,2,4,37,1,0,0,0
00Q000000005347,Rohan Malhotra,PioneerGroup,Coordinator,Individual,Manufacturing,93,Partner,3,2,0,0,0,3,2,8,89,0,0,0,0
00Q000000005348,Pooja Singh,VertexNetworks,Coordinator,Individual,Other,85,Web,2,2,3,0,0,2,3,5,33,0,0,0,1
00Q000000005349,Riya Joshi,ZenLabs,Director of Sales,Director,Retail,73,Paid Ad,3,0,3,0,0,3,0,4,119,0,0,0,1
00Q000000005350,Riya Joshi,SummitNetworks,Sales Manager,Manager,Retail,264,Web,3,0,1,0,0,0,0,25,59,1,0,0,0
00Q000000005351,Kavya Rao,BlueIndustries,Coordinator,Individual,Healthcare,122,Web,1,1,2,0,1,0,1,34,107,1,0,0,0
00Q000000005352,Arjun Gupta,VertexDynamics,CFO,C-Level,Technology,33,Paid Ad,4,3,3,0,2,3,3,9,60,1,1,0,0
00Q000000005353,Pooja Kapoor,ApexPartners,IT Manager,Manager,Manufacturing,31,Partner,1,1,0,0,1,2,0,27,9,1,0,0,0
00Q000000005354,Amit Joshi,ZenSolutions,Sales Manager,Manager,Retail,157,Cold Outbound,3,2,2,0,0,0,1,5,19,0,0,0,0
00Q000000005355,Pooja Rao,ZenGroup,Sales Manager,Manager,Retail,189,Paid Ad,3,2,4,0,0,0,1,4,101,0,0,0,1
00Q000000005356,Aarav Sharma,BluePartners,Sales Manager,Manager,Manufacturing,62,Paid Ad,2,1,1,1,0,2,0,1,32,0,1,0,0
00Q000000005357,Nikhil Rao,LumenPartners,Sales Manager,Manager,Finance,18,Cold Outbound,3,1,3,1,0,2,1,24,108,0,0,0,0
00Q000000005358,Divya Mehta,NovaSolutions,Director of IT,Director,Technology,649,Paid Ad,0,1,2,0,0,1,1,20,75,1,0,0,0
00Q000000005359,Isha Kapoor,ZenPartners,VP Sales,VP,Technology,472,Paid Ad,0,0,4,0,1,1,4,9,23,1,1,1,1
00Q000000005360,Vikram Malhotra,LumenSystems,Ops Manager,Manager,Retail,5,Cold Outbound,3,2,2,1,0,3,2,35,10,1,0,0,0
00Q000000005361,Priya Verma,NovaPartners,Sales Manager,Manager,Other,742,Partner,1,2,0,0,0,1,2,13,67,0,0,0,1
00Q000000005362,Neha Reddy,SummitLabs,Coordinator,Individual,Manufacturing,72,Partner,8,0,7,0,3,1,3,5,61,1,0,0,1
00Q000000005363,Vikram Khan,LumenLabs,VP Engineering,VP,Retail,132,Paid Ad,3,1,2,0,1,1,0,29,51,1,0,0,0
00Q000000005364,Riya Malhotra,ZenLabs,Ops Manager,Manager,Retail,548,Paid Ad,2,1,4,1,0,0,0,5,72,1,0,0,1
00Q000000005365,Pooja Khan,VertexNetworks,Analyst,Individual,Technology,1186,Paid Ad,5,5,3,2,2,3,0,3,74,1,0,0,1
00Q000000005366,Amit Khan,BlueWorks,CFO,C-Level,Technology,447,Paid Ad,0,1,3,1,0,1,0,7,80,1,0,0,1
00Q000000005367,Priya Sharma,LumenIndustries,IT Manager,Manager,Technology,142,Paid Ad,6,3,9,0,0,2,3,1,115,1,0,1,1
00Q000000005368,Nikhil Iyer,OrbitDynamics,Analyst,Individual,Other,12,Web,1,0,2,1,0,0,0,47,112,1,1,0,0
00Q000000005369,Rohan Malhotra,OrbitSolutions,Engineer,Individual,Technology,4,Web,7,3,7,1,0,2,2,2,98,1,0,0,0
00Q000000005370,Nikhil Bose,HelixGroup,IT Manager,Manager,Manufacturing,371,Event,3,1,4,1,0,3,2,5,48,1,0,1,0
00Q000000005371,Sanjay Singh,PioneerSolutions,COO,C-Level,Finance,744,Web,5,3,3,0,1,1,1,11,50,1,0,0,1
00Q000000005372,Isha Khan,ApexLabs,Sales Manager,Manager,Retail,29,Event,4,1,1,1,0,0,1,15,65,0,0,0,0
00Q000000005373,Amit Verma,HelixPartners,Engineer,Individual,Technology,66,Web,1,2,1,0,0,3,0,19,20,1,0,0,0
00Q000000005374,Priya Patel,ApexGroup,IT Manager,Manager,Other,43,Web,3,0,2,1,0,2,1,2,18,0,0,1,0
00Q000000005375,Isha Rao,ZenSolutions,Sales Manager,Manager,Finance,41,Cold Outbound,4,0,2,0,0,2,0,2,10,1,1,1,1
00Q000000005376,Kavya Khan,SummitPartners,Engineer,Individual,Other,498,Paid Ad,4,1,2,1,0,3,2,13,108,0,0,0,0
00Q000000005377,Priya Bose,ZenDynamics,VP Sales,VP,Manufacturing,138,Partner,3,1,1,0,0,1,0,41,52,1,0,0,0
00Q000000005378,Ananya Verma,BlueWorks,Engineer,Individual,Healthcare,70,Web,5,2,2,0,0,0,0,38,29,1,0,0,0
00Q000000005379,Neha Kapoor,OrbitSolutions,VP Engineering,VP,Retail,5357,Referral,5,4,6,1,0,2,0,18,40,0,0,1,0
00Q000000005380,Divya Nair,SummitSolutions,Head of Ops,Director,Manufacturing,11,Web,1,1,6,3,1,1,1,5,88,0,0,0,1
00Q000000005381,Sanjay Nair,VertexSolutions,Analyst,Individual,Technology,226,Web,0,0,3,0,0,1,0,7,107,1,0,0,0
00Q000000005382,Rahul Joshi,OrbitLabs,Director of Sales,Director,Retail,20,Web,3,2,0,0,0,1,1,4,101,1,0,0,0
00Q000000005383,Priya Malhotra,LumenSystems,Director of Sales,Director,Manufacturing,78,Paid Ad,1,2,1,1,2,0,0,13,64,1,0,0,1
00Q000000005384,Rohan Malhotra,ZenSolutions,Director of Sales,Director,Manufacturing,124,Web,2,0,5,2,2,2,1,11,45,1,0,0,1
00Q000000005385,Dev Joshi,VertexWorks,Ops Manager,Manager,Retail,353,Partner,3,3,4,0,1,2,3,7,5,0,0,0,1
00Q000000005386,Isha Joshi,HelixSystems,Engineer,Individual,Retail,67,Event,4,0,3,0,0,1,0,38,60,1,0,0,0
00Q000000005387,Rohan Das,LumenSolutions,Analyst,Individual,Finance,57,Web,2,1,2,1,0,2,1,18,52,0,0,0,0
00Q000000005388,Neha Das,LumenLabs,Head of Ops,Director,Finance,65,Cold Outbound,1,0,1,0,0,1,0,19,14,1,0,0,0
00Q000000005389,Sanjay Rao,ApexHealth,Analyst,Individual,Finance,19,Event,1,1,1,0,0,0,0,9,57,0,0,0,0
00Q000000005390,Neha Verma,QuantaLabs,Analyst,Individual,Manufacturing,256,Referral,5,1,3,0,2,1,2,1,45,1,0,0,1
00Q000000005391,Kavya Joshi,VertexSolutions,IT Manager,Manager,Finance,151,Paid Ad,2,0,2,0,0,2,0,15,70,0,1,0,0
00Q000000005392,Isha Das,VertexPartners,Engineer,Individual,Technology,191,Paid Ad,0,1,1,0,0,0,1,4,87,1,0,0,0
00Q000000005393,Aarav Iyer,HelixSolutions,Head of Ops,Director,Education,89,Paid Ad,1,1,1,0,0,1,0,12,2,1,0,0,0
00Q000000005394,Karan Kapoor,QuantaNetworks,VP Engineering,VP,Technology,74,Cold Outbound,4,1,4,0,0,0,0,0,65,1,0,0,0
00Q000000005395,Vikram Sharma,CobaltLabs,VP Engineering,VP,Technology,580,Referral,5,2,3,3,0,0,0,5,46,1,0,0,1
00Q000000005396,Isha Das,QuantaSolutions,Analyst,Individual,Education,460,Event,1,0,2,1,0,1,1,13,99,0,0,0,0
00Q000000005397,Divya Nair,NovaHealth,Ops Manager,Manager,Retail,830,Cold Outbound,4,1,3,1,1,4,1,1,44,0,1,0,0
00Q000000005398,Aarav Kapoor,LumenNetworks,VP Engineering,VP,Retail,173,Paid Ad,3,2,1,0,0,1,1,27,50,0,0,0,0
00Q000000005399,Rohan Singh,QuantaGroup,IT Manager,Manager,Finance,756,Cold Outbound,3,1,5,0,0,3,2,2,29,0,0,0,1
00Q000000005400,Arjun Gupta,PioneerLabs,Head of Ops,Director,Manufacturing,53,Partner,1,0,2,0,0,1,0,13,45,1,0,0,0
00Q000000005401,Divya Patel,LumenDynamics,Ops Manager,Manager,Other,73,Event,7,1,1,0,0,1,3,5,48,1,0,0,1
00Q000000005402,Kavya Gupta,HelixSystems,IT Manager,Manager,Finance,597,Paid Ad,0,0,0,0,0,1,0,12,110,1,0,0,0
00Q000000005403,Sneha Patel,VertexGroup,Analyst,Individual,Technology,352,Event,2,2,3,1,0,2,1,27,99,0,0,0,1
00Q000000005404,Ananya Khan,SummitPartners,Director of IT,Director,Technology,64,Web,3,0,3,1,0,2,2,15,104,1,0,0,1
00Q000000005405,Kavya Nair,BlueHealth,Analyst,Individual,Other,20,Event,6,7,2,0,1,3,0,1,52,1,0,0,0
00Q000000005406,Amit Verma,QuantaSolutions,VP Marketing,VP,Finance,73,Referral,4,1,1,0,0,1,1,7,71,1,0,0,0
00Q000000005407,Priya Khan,BlueSystems,Sales Manager,Manager,Healthcare,35,Paid Ad,2,1,5,1,0,0,1,5,116,0,0,0,0
00Q000000005408,Amit Malhotra,HelixHealth,Engineer,Individual,Manufacturing,1321,Paid Ad,0,0,0,0,0,1,0,44,108,1,0,0,0
00Q000000005409,Rohan Joshi,HelixGroup,Director of Sales,Director,Other,311,Cold Outbound,1,0,0,0,0,2,0,5,91,1,0,1,1
00Q000000005410,Vikram Singh,NovaIndustries,Sales Manager,Manager,Finance,31,Web,3,4,0,0,0,4,1,2,113,1,0,0,1
00Q000000005411,Rohan Rao,PioneerHealth,Analyst,Individual,Manufacturing,20,Event,4,2,3,0,0,1,1,4,35,0,0,0,0
00Q000000005412,Amit Khan,CobaltHealth,CFO,C-Level,Other,30,Event,0,1,3,0,0,0,2,6,20,0,0,0,0
00Q000000005413,Kavya Joshi,NovaWorks,Director of IT,Director,Technology,43,Paid Ad,3,0,3,0,1,1,2,3,43,1,0,0,0
00Q000000005414,Nikhil Mehta,PioneerDynamics,Sales Manager,Manager,Manufacturing,77,Web,3,4,5,2,0,3,1,5,107,1,1,1,1
00Q000000005415,Ananya Das,OrbitWorks,VP Marketing,VP,Technology,529,Event,3,0,1,0,0,0,2,31,6,1,0,0,0
00Q000000005416,Pooja Singh,LumenWorks,IT Manager,Manager,Finance,23,Paid Ad,5,1,2,0,0,1,0,12,69,0,0,0,0
00Q000000005417,Sanjay Rao,ZenSystems,IT Manager,Manager,Technology,3084,Referral,5,1,2,1,0,2,3,26,2,0,1,0,1
00Q000000005418,Karan Rao,LumenWorks,Analyst,Individual,Finance,24,Paid Ad,1,0,0,0,1,0,1,14,104,1,1,0,0
00Q000000005419,Vikram Patel,BlueIndustries,Coordinator,Individual,Technology,12,Web,2,0,0,0,0,2,1,23,42,1,0,0,0
00Q000000005420,Sanjay Gupta,CobaltNetworks,IT Manager,Manager,Education,1251,Referral,5,0,1,0,0,1,0,7,116,1,0,0,1
00Q000000005421,Karan Bose,CobaltWorks,IT Manager,Manager,Healthcare,721,Cold Outbound,1,0,0,0,1,0,0,7,69,0,0,0,0
00Q000000005422,Sneha Sharma,OrbitSystems,Head of Ops,Director,Healthcare,75,Web,0,1,1,1,0,1,0,5,38,1,0,0,1
00Q000000005423,Rahul Mehta,ZenPartners,Sales Manager,Manager,Retail,176,Web,1,0,1,0,0,5,1,3,8,0,1,0,0
00Q000000005424,Karan Joshi,PioneerIndustries,IT Manager,Manager,Other,183,Cold Outbound,1,0,5,0,0,3,0,1,112,1,0,0,0
00Q000000005425,Vikram Mehta,VertexLabs,VP Marketing,VP,Finance,122,Web,1,1,2,1,0,0,0,18,37,0,0,1,1
00Q000000005426,Kavya Reddy,BlueSystems,CFO,C-Level,Technology,14,Event,2,0,1,0,0,1,1,14,17,1,0,0,0
00Q000000005427,Priya Verma,PioneerLabs,IT Manager,Manager,Technology,2,Event,3,2,2,1,0,0,1,2,56,1,0,0,0
00Q000000005428,Nikhil Kapoor,ZenGroup,VP Sales,VP,Education,28,Paid Ad,6,0,4,1,0,2,2,8,7,1,0,0,0
00Q000000005429,Riya Khan,HelixDynamics,VP Marketing,VP,Education,1516,Paid Ad,4,2,9,2,0,2,1,5,82,0,0,0,1
00Q000000005430,Sneha Gupta,SummitHealth,Engineer,Individual,Healthcare,1608,Paid Ad,0,0,0,0,0,0,0,28,89,1,0,0,0
00Q000000005431,Riya Malhotra,QuantaSolutions,Ops Manager,Manager,Technology,67,Cold Outbound,2,0,4,0,0,0,1,5,34,1,0,0,0
00Q000000005432,Nikhil Verma,LumenDynamics,Coordinator,Individual,Manufacturing,23,Event,0,0,1,0,0,0,0,7,100,1,0,0,0
00Q000000005433,Neha Gupta,PioneerDynamics,Director of IT,Director,Retail,150,Event,3,4,6,0,0,3,2,3,82,0,0,0,1
00Q000000005434,Sneha Mehta,QuantaSolutions,Ops Manager,Manager,Finance,192,Cold Outbound,2,1,2,0,0,2,1,25,26,1,0,0,0
00Q000000005435,Vikram Sharma,SummitPartners,Ops Manager,Manager,Technology,244,Web,1,0,3,0,0,1,0,25,111,1,0,0,0
00Q000000005436,Sneha Reddy,LumenHealth,Director of IT,Director,Finance,2,Cold Outbound,0,1,3,0,0,0,0,5,10,0,0,0,0
00Q000000005437,Karan Kapoor,HelixWorks,Ops Manager,Manager,Retail,11346,Cold Outbound,3,2,0,0,0,1,0,9,11,1,1,0,0
00Q000000005438,Arjun Bose,OrbitGroup,Ops Manager,Manager,Other,543,Cold Outbound,2,2,3,0,2,2,1,5,45,1,1,0,0
00Q000000005439,Sanjay Gupta,OrbitDynamics,VP Engineering,VP,Technology,73,Web,2,1,9,0,0,2,0,4,115,1,0,0,1
00Q000000005440,Rohan Nair,PioneerGroup,COO,C-Level,Other,33,Paid Ad,1,1,2,0,0,1,2,12,21,0,0,0,0
00Q000000005441,Divya Gupta,VertexHealth,Director of Sales,Director,Healthcare,437,Cold Outbound,3,0,2,0,0,1,2,16,61,1,0,0,0
00Q000000005442,Ananya Bose,OrbitSolutions,Analyst,Individual,Retail,209,Referral,2,1,2,1,0,1,1,0,105,1,0,0,0
00Q000000005443,Isha Rao,ZenSolutions,Coordinator,Individual,Education,114,Paid Ad,1,2,1,1,1,3,1,11,114,1,0,0,0
00Q000000005444,Nikhil Kapoor,QuantaGroup,Engineer,Individual,Manufacturing,197,Web,5,0,5,0,0,2,2,22,45,0,0,0,0
00Q000000005445,Nikhil Khan,SummitLabs,Ops Manager,Manager,Technology,84,Web,0,1,0,0,0,1,0,11,112,1,0,0,0
00Q000000005446,Dev Khan,PioneerWorks,Engineer,Individual,Finance,181,Cold Outbound,0,1,1,0,1,0,1,56,72,0,1,0,0
00Q000000005447,Sanjay Bose,ZenSolutions,VP Engineering,VP,Education,295,Cold Outbound,1,1,3,1,0,3,2,11,30,0,0,0,0
00Q000000005448,Nikhil Khan,ApexSystems,Director of Sales,Director,Manufacturing,166,Web,5,2,6,3,0,4,1,34,12,0,0,1,1
00Q000000005449,Isha Singh,NovaSystems,Sales Manager,Manager,Finance,153,Web,0,1,2,0,0,3,0,51,103,1,0,0,0
00Q000000005450,Karan Verma,SummitNetworks,Analyst,Individual,Manufacturing,803,Paid Ad,2,1,4,0,0,0,0,58,119,0,0,0,0
00Q000000005451,Rahul Verma,QuantaHealth,Ops Manager,Manager,Finance,9,Web,4,2,3,0,0,1,0,22,72,0,1,0,0
00Q000000005452,Priya Sharma,ZenSystems,IT Manager,Manager,Finance,30,Paid Ad,4,4,6,1,3,0,1,6,5,1,0,1,1
00Q000000005453,Nikhil Nair,CobaltLabs,Director of Sales,Director,Education,103,Paid Ad,0,1,0,0,0,4,1,4,117,1,0,0,1
00Q000000005454,Arjun Mehta,CobaltNetworks,Coordinator,Individual,Healthcare,33,Event,2,1,5,1,0,0,0,3,23,0,0,0,0
00Q000000005455,Amit Singh,HelixGroup,VP Marketing,VP,Finance,54,Partner,6,1,7,0,0,1,1,25,102,1,0,0,1
00Q000000005456,Ananya Rao,QuantaSolutions,Coordinator,Individual,Healthcare,686,Web,1,0,0,0,0,0,0,8,109,1,0,0,0
00Q000000005457,Dev Das,OrbitNetworks,Coordinator,Individual,Other,79,Referral,5,1,1,0,1,4,0,22,59,0,0,0,0
00Q000000005458,Rahul Verma,OrbitLabs,CTO,C-Level,Technology,6,Partner,3,0,3,1,1,1,3,3,59,1,1,0,0
00Q000000005459,Isha Mehta,BlueHealth,Analyst,Individual,Technology,52,Web,3,2,1,1,0,0,1,1,3,0,0,0,0
00Q000000005460,Dev Sharma,BluePartners,Analyst,Individual,Finance,108,Referral,5,1,5,0,0,2,0,3,51,1,1,0,1
00Q000000005461,Arjun Nair,SummitSystems,Director of Sales,Director,Technology,105,Paid Ad,2,0,2,0,0,1,0,2,58,1,0,1,0
00Q000000005462,Sneha Bose,SummitLabs,IT Manager,Manager,Technology,229,Web,3,0,2,0,0,0,0,48,98,1,0,0,0
00Q000000005463,Priya Das,QuantaWorks,Engineer,Individual,Technology,202,Event,2,0,1,1,0,2,1,7,27,1,0,0,1
00Q000000005464,Divya Das,ApexIndustries,Engineer,Individual,Technology,80,Cold Outbound,3,1,2,0,0,1,2,9,21,1,0,0,0
00Q000000005465,Kavya Mehta,CobaltSystems,Coordinator,Individual,Retail,16,Web,6,0,4,1,1,2,0,4,10,0,0,0,0
00Q000000005466,Riya Joshi,QuantaLabs,Sales Manager,Manager,Technology,51,Event,6,3,4,2,0,1,1,6,72,1,0,0,1
00Q000000005467,Meera Verma,BlueIndustries,Coordinator,Individual,Finance,39,Web,5,2,1,1,0,1,2,6,57,1,0,0,0
00Q000000005468,Dev Iyer,QuantaWorks,Director of IT,Director,Retail,64,Paid Ad,1,0,0,0,0,0,1,4,45,0,0,0,0
00Q000000005469,Vikram Sharma,SummitPartners,VP Marketing,VP,Technology,280,Referral,5,1,7,0,1,1,1,1,103,1,0,1,1
00Q000000005470,Pooja Khan,LumenWorks,Analyst,Individual,Technology,182,Cold Outbound,6,2,3,1,1,1,1,2,112,1,0,0,0
00Q000000005471,Arjun Joshi,HelixWorks,Ops Manager,Manager,Other,342,Web,2,0,1,1,0,1,1,4,74,1,0,0,1
00Q000000005472,Divya Joshi,VertexIndustries,Coordinator,Individual,Manufacturing,55,Partner,4,0,3,1,0,1,0,1,104,1,1,0,1
00Q000000005473,Pooja Verma,VertexSolutions,Analyst,Individual,Retail,955,Partner,2,1,2,0,0,1,0,33,72,1,0,0,0
00Q000000005474,Kavya Gupta,NovaGroup,Coordinator,Individual,Manufacturing,272,Partner,0,1,3,1,0,1,0,5,24,1,0,0,1
00Q000000005475,Rahul Rao,VertexPartners,Director of Sales,Director,Other,117,Paid Ad,2,0,2,1,1,1,0,2,35,1,0,0,0
00Q000000005476,Ananya Verma,PioneerLabs,IT Manager,Manager,Technology,245,Web,1,1,3,1,1,1,4,17,117,1,1,0,0
00Q000000005477,Amit Nair,ApexWorks,Sales Manager,Manager,Technology,36,Event,3,2,5,0,1,3,0,3,55,1,0,1,1
00Q000000005478,Priya Sharma,HelixPartners,Head of Ops,Director,Education,4,Event,6,2,2,2,0,1,0,16,41,1,0,0,1
00Q000000005479,Isha Malhotra,HelixNetworks,VP Marketing,VP,Technology,40,Web,1,0,1,0,0,0,2,6,36,1,0,0,0
00Q000000005480,Rahul Bose,SummitLabs,Ops Manager,Manager,Manufacturing,305,Event,5,1,3,1,0,1,1,4,34,1,0,0,1
00Q000000005481,Karan Reddy,CobaltNetworks,Coordinator,Individual,Technology,112,Paid Ad,2,2,3,0,0,0,0,81,40,0,0,0,0
00Q000000005482,Rohan Sharma,ApexLabs,CTO,C-Level,Finance,81,Event,3,0,1,1,0,0,1,9,40,1,0,0,0
00Q000000005483,Ananya Patel,QuantaSystems,Ops Manager,Manager,Retail,27,Cold Outbound,3,4,2,0,2,1,1,5,70,0,0,0,0
00Q000000005484,Nikhil Patel,BlueLabs,Director of IT,Director,Manufacturing,5,Paid Ad,3,0,2,2,1,0,2,7,96,1,0,0,0
00Q000000005485,Riya Singh,NovaSystems,Head of Ops,Director,Manufacturing,843,Event,5,1,0,0,0,1,0,3,59,1,0,0,1
00Q000000005486,Arjun Gupta,OrbitNetworks,Sales Manager,Manager,Technology,72,Event,5,3,11,2,1,2,0,30,76,1,0,1,1
00Q000000005487,Dev Rao,PioneerPartners,Engineer,Individual,Finance,52,Paid Ad,1,1,1,0,0,3,0,5,83,0,0,0,0
00Q000000005488,Karan Singh,VertexHealth,Engineer,Individual,Retail,36,Event,2,2,1,1,0,0,0,39,46,1,1,0,0
00Q000000005489,Vikram Kapoor,ZenDynamics,Sales Manager,Manager,Technology,653,Web,1,0,3,0,0,0,0,8,47,1,0,0,0
00Q000000005490,Nikhil Das,NovaDynamics,Sales Manager,Manager,Manufacturing,373,Paid Ad,1,1,1,1,0,1,0,6,41,1,0,0,0
00Q000000005491,Sneha Das,LumenLabs,Director of Sales,Director,Manufacturing,23,Paid Ad,2,1,2,0,0,0,0,11,75,0,0,0,0
00Q000000005492,Karan Gupta,LumenNetworks,Head of Ops,Director,Finance,570,Referral,0,1,2,1,0,0,0,1,12,1,0,0,1
00Q000000005493,Priya Bose,QuantaDynamics,VP Sales,VP,Finance,80,Referral,3,0,4,0,0,0,2,7,113,1,0,0,1
00Q000000005494,Priya Rao,CobaltIndustries,CTO,C-Level,Education,39,Web,6,1,2,0,1,0,3,14,32,1,0,0,1
00Q000000005495,Rahul Nair,SummitSystems,Director of IT,Director,Healthcare,64,Referral,1,0,1,0,1,2,2,7,61,1,0,1,1
00Q000000005496,Vikram Das,SummitHealth,Analyst,Individual,Technology,30,Web,1,0,5,0,0,2,0,3,50,0,0,0,0
00Q000000005497,Arjun Singh,ZenPartners,IT Manager,Manager,Other,13,Partner,1,1,1,1,1,0,4,12,110,1,0,0,0
00Q000000005498,Priya Nair,QuantaHealth,Director of IT,Director,Technology,318,Paid Ad,2,1,2,2,0,0,1,6,80,1,0,0,1
00Q000000005499,Nikhil Rao,HelixGroup,Ops Manager,Manager,Education,71,Referral,2,1,7,0,0,1,0,9,22,1,0,0,0
00Q000000005500,Kavya Patel,NovaHealth,Engineer,Individual,Technology,251,Cold Outbound,4,1,1,0,1,1,0,2,43,1,0,0,1
00Q000000005501,Priya Sharma,CobaltWorks,Sales Manager,Manager,Finance,153,Paid Ad,0,0,0,0,0,0,0,11,30,0,0,0,0
00Q000000005502,Sneha Reddy,CobaltSystems,Sales Manager,Manager,Manufacturing,226,Web,1,0,0,0,0,2,1,11,52,1,1,0,0
00Q000000005503,Riya Joshi,PioneerWorks,Ops Manager,Manager,Technology,4,Cold Outbound,1,2,1,1,0,0,0,10,90,0,0,0,0
00Q000000005504,Rohan Khan,CobaltPartners,VP Marketing,VP,Retail,27,Partner,1,0,3,0,1,1,1,18,21,1,0,0,0
00Q000000005505,Rahul Bose,HelixSolutions,IT Manager,Manager,Finance,233,Event,0,1,0,0,1,1,0,2,118,0,0,0,0
00Q000000005506,Pooja Kapoor,CobaltHealth,Sales Manager,Manager,Manufacturing,14,Web,1,1,0,0,0,0,0,4,47,1,0,0,0
00Q000000005507,Amit Khan,NovaPartners,Ops Manager,Manager,Education,174,Partner,4,2,2,1,0,0,2,10,105,1,1,0,0
00Q000000005508,Isha Reddy,OrbitGroup,IT Manager,Manager,Manufacturing,12,Web,3,1,0,0,0,2,1,12,117,0,0,0,0
00Q000000005509,Arjun Das,OrbitWorks,Coordinator,Individual,Healthcare,101,Event,0,0,3,0,0,0,1,8,95,0,0,0,0
00Q000000005510,Amit Joshi,NovaPartners,Ops Manager,Manager,Finance,1113,Partner,2,0,5,1,0,1,0,6,19,0,0,0,0
00Q000000005511,Isha Patel,CobaltSolutions,Ops Manager,Manager,Technology,317,Partner,8,1,0,0,0,2,2,22,107,1,0,0,1
00Q000000005512,Arjun Singh,ZenSolutions,Director of IT,Director,Other,6,Paid Ad,2,1,1,0,0,0,0,90,90,0,0,0,0
00Q000000005513,Isha Mehta,VertexLabs,Engineer,Individual,Manufacturing,355,Web,3,1,2,0,0,0,0,9,61,1,0,0,0
00Q000000005514,Divya Bose,HelixNetworks,COO,C-Level,Manufacturing,1530,Referral,3,1,2,1,1,1,0,38,115,1,0,0,0
00Q000000005515,Riya Sharma,NovaHealth,Director of Sales,Director,Healthcare,6604,Cold Outbound,2,0,1,0,0,1,2,52,93,1,0,0,0
00Q000000005516,Isha Patel,PioneerIndustries,Ops Manager,Manager,Finance,202,Paid Ad,5,0,3,2,1,1,0,5,86,1,1,0,0
00Q000000005517,Aarav Singh,LumenLabs,Sales Manager,Manager,Technology,12,Partner,4,3,2,0,0,2,1,6,78,1,1,0,0
00Q000000005518,Riya Das,VertexNetworks,Sales Manager,Manager,Technology,190,Web,4,2,4,1,0,2,2,1,68,1,0,0,0
00Q000000005519,Neha Reddy,BlueNetworks,Head of Ops,Director,Healthcare,1090,Cold Outbound,0,0,1,0,0,2,0,9,48,1,0,0,0
00Q000000005520,Riya Reddy,ApexDynamics,Director of Sales,Director,Finance,75,Web,1,1,7,0,0,1,2,12,80,1,0,0,0
00Q000000005521,Kavya Mehta,VertexIndustries,Director of Sales,Director,Technology,475,Referral,3,1,8,0,0,0,1,5,7,0,0,0,1
00Q000000005522,Amit Sharma,ZenLabs,VP Sales,VP,Manufacturing,28,Cold Outbound,1,2,0,0,0,4,0,13,45,1,0,0,0
00Q000000005523,Meera Bose,SummitHealth,IT Manager,Manager,Healthcare,173,Event,5,5,5,1,0,1,2,10,83,1,0,0,1
00Q000000005524,Riya Rao,CobaltIndustries,Director of Sales,Director,Healthcare,2,Paid Ad,3,0,1,1,0,1,0,12,10,0,0,0,0
00Q000000005525,Neha Nair,ApexDynamics,Ops Manager,Manager,Education,23,Paid Ad,0,0,2,0,0,0,0,18,103,0,0,0,0
00Q000000005526,Sanjay Rao,OrbitGroup,Director of Sales,Director,Manufacturing,98,Cold Outbound,0,0,2,0,0,1,0,9,63,1,0,0,0
00Q000000005527,Ananya Mehta,PioneerDynamics,Sales Manager,Manager,Technology,57,Web,3,1,3,0,2,1,0,11,63,1,0,0,1
00Q000000005528,Kavya Sharma,NovaSystems,Director of Sales,Director,Retail,14,Web,1,1,1,0,0,0,2,11,1,0,0,0,0
00Q000000005529,Isha Rao,NovaDynamics,Analyst,Individual,Healthcare,47,Paid Ad,6,0,1,0,1,0,0,4,14,0,1,0,0
00Q000000005530,Sanjay Malhotra,ZenIndustries,Analyst,Individual,Manufacturing,163,Cold Outbound,0,0,1,0,0,1,0,4,13,1,0,0,0
00Q000000005531,Amit Das,CobaltGroup,Engineer,Individual,Other,87,Cold Outbound,2,3,2,1,0,1,0,7,46,1,0,1,0
00Q000000005532,Amit Verma,CobaltGroup,COO,C-Level,Technology,109,Event,2,1,2,0,0,2,0,5,96,0,0,0,1
00Q000000005533,Karan Khan,LumenLabs,Ops Manager,Manager,Manufacturing,298,Paid Ad,2,0,2,1,1,1,0,30,44,1,1,0,0
00Q000000005534,Karan Reddy,CobaltSystems,Ops Manager,Manager,Finance,59,Event,1,0,3,0,0,1,2,1,60,1,0,0,0
00Q000000005535,Ananya Das,BlueSystems,Sales Manager,Manager,Technology,764,Referral,0,0,2,0,0,0,0,8,73,1,0,0,0
00Q000000005536,Pooja Bose,VertexLabs,Sales Manager,Manager,Healthcare,22,Web,0,0,1,0,0,0,0,23,86,1,0,0,0
00Q000000005537,Arjun Iyer,BlueSystems,VP Sales,VP,Finance,1793,Web,1,0,0,0,0,0,0,5,93,1,0,0,0
00Q000000005538,Riya Gupta,VertexSystems,CEO,C-Level,Technology,528,Web,7,0,2,0,1,0,1,3,21,1,0,1,1
00Q000000005539,Divya Verma,CobaltIndustries,VP Sales,VP,Healthcare,58,Web,2,1,1,0,0,1,1,9,58,1,0,0,0
00Q000000005540,Ananya Khan,ZenLabs,VP Sales,VP,Finance,64,Referral,0,1,3,1,1,2,0,42,76,0,1,0,0
00Q000000005541,Amit Rao,LumenHealth,Coordinator,Individual,Healthcare,135,Cold Outbound,1,1,0,0,0,2,0,5,49,1,0,0,0
00Q000000005542,Pooja Kapoor,ZenWorks,Coordinator,Individual,Technology,244,Web,3,1,3,0,1,1,2,10,43,1,0,0,1
00Q000000005543,Rahul Khan,SummitLabs,Sales Manager,Manager,Healthcare,513,Partner,4,1,0,0,0,3,0,11,106,0,0,0,1
00Q000000005544,Divya Iyer,OrbitHealth,Director of Sales,Director,Healthcare,13,Cold Outbound,0,1,1,1,0,0,0,6,81,0,0,0,0
00Q000000005545,Rahul Patel,ApexPartners,Engineer,Individual,Healthcare,191,Event,4,3,3,3,0,1,1,16,65,1,1,0,0
00Q000000005546,Riya Mehta,OrbitPartners,Director of Sales,Director,Retail,4,Paid Ad,5,3,8,2,0,3,3,1,88,1,0,0,1
00Q000000005547,Amit Iyer,CobaltWorks,Coordinator,Individual,Other,76,Referral,6,2,3,1,2,2,0,6,33,1,0,0,1
00Q000000005548,Kavya Iyer,BluePartners,Engineer,Individual,Technology,880,Web,5,3,0,0,0,0,2,9,73,1,0,0,1
00Q000000005549,Karan Das,NovaDynamics,Sales Manager,Manager,Healthcare,11,Paid Ad,1,1,2,0,0,1,0,40,97,1,0,0,0
00Q000000005550,Priya Iyer,QuantaNetworks,VP Engineering,VP,Education,9,Paid Ad,2,1,0,0,0,1,1,5,3,1,0,0,0
00Q000000005551,Rohan Sharma,CobaltSystems,Director of Sales,Director,Manufacturing,138,Event,4,0,1,0,0,0,2,2,31,1,0,0,0
00Q000000005552,Karan Khan,BlueLabs,IT Manager,Manager,Other,797,Cold Outbound,2,0,2,2,1,1,0,2,97,0,0,0,0
00Q000000005553,Meera Bose,ApexGroup,VP Sales,VP,Retail,162,Paid Ad,1,1,1,0,0,0,2,4,104,0,0,0,1
00Q000000005554,Priya Sharma,SummitIndustries,VP Marketing,VP,Retail,5,Event,2,2,2,1,0,3,1,20,45,1,0,0,0
00Q000000005555,Ananya Gupta,HelixWorks,Sales Manager,Manager,Technology,7,Web,2,1,5,0,1,2,0,5,79,1,1,0,0
00Q000000005556,Aarav Das,QuantaSolutions,Head of Ops,Director,Finance,115,Cold Outbound,3,1,0,0,0,2,1,13,76,0,0,0,0
00Q000000005557,Priya Sharma,BlueSolutions,Engineer,Individual,Manufacturing,16,Cold Outbound,5,2,1,0,0,2,1,35,7,1,1,0,0
00Q000000005558,Ananya Patel,ZenNetworks,Sales Manager,Manager,Manufacturing,122,Paid Ad,0,0,2,2,0,2,1,21,40,1,0,0,0
00Q000000005559,Rohan Nair,QuantaSolutions,Engineer,Individual,Retail,133,Partner,1,1,2,0,1,0,2,31,93,1,1,0,0
00Q000000005560,Ananya Singh,HelixPartners,Ops Manager,Manager,Other,47,Event,9,6,4,0,0,4,1,6,97,1,1,1,1
00Q000000005561,Neha Nair,LumenPartners,Sales Manager,Manager,Technology,1513,Web,10,5,6,3,1,2,1,1,50,1,0,1,1
00Q000000005562,Vikram Nair,ApexNetworks,Engineer,Individual,Healthcare,241,Cold Outbound,2,2,3,2,1,1,2,48,98,1,0,0,1
00Q000000005563,Ananya Sharma,OrbitNetworks,Ops Manager,Manager,Education,612,Paid Ad,1,0,0,0,0,1,0,7,15,0,0,0,0
00Q000000005564,Meera Mehta,BlueHealth,Director of Sales,Director,Education,395,Paid Ad,1,0,0,0,1,2,0,27,12,1,0,0,0
00Q000000005565,Amit Nair,ApexWorks,Head of Ops,Director,Education,79,Paid Ad,3,0,4,2,1,2,1,17,55,1,0,0,0
00Q000000005566,Arjun Kapoor,ApexSolutions,Analyst,Individual,Manufacturing,74,Event,0,1,6,0,0,2,0,1,11,1,0,1,1
00Q000000005567,Ananya Gupta,NovaHealth,Analyst,Individual,Other,63,Web,2,0,0,0,0,1,0,3,65,1,0,0,0
00Q000000005568,Arjun Mehta,QuantaHealth,Sales Manager,Manager,Finance,276,Paid Ad,6,1,1,0,0,2,0,15,81,0,0,0,1
00Q000000005569,Priya Gupta,QuantaNetworks,VP Marketing,VP,Technology,37,Web,0,0,0,0,0,0,0,3,97,1,0,0,0
00Q000000005570,Nikhil Singh,VertexHealth,VP Sales,VP,Technology,1322,Web,2,0,2,0,0,4,0,23,88,1,0,1,1
00Q000000005571,Pooja Rao,PioneerSystems,IT Manager,Manager,Healthcare,32,Web,0,0,2,0,0,1,1,6,95,1,0,0,0
00Q000000005572,Pooja Iyer,BlueIndustries,Director of IT,Director,Education,137,Referral,0,0,2,0,0,2,1,43,107,1,0,0,0
00Q000000005573,Dev Gupta,BlueLabs,Sales Manager,Manager,Healthcare,70,Cold Outbound,5,1,2,0,0,0,2,19,41,1,0,0,0
00Q000000005574,Aarav Bose,NovaPartners,CTO,C-Level,Manufacturing,50,Web,7,2,4,2,1,1,0,7,51,1,0,0,1
00Q000000005575,Pooja Malhotra,LumenGroup,Analyst,Individual,Finance,2587,Referral,0,1,4,0,0,0,1,8,85,1,0,0,1
00Q000000005576,Pooja Sharma,SummitIndustries,IT Manager,Manager,Retail,51,Partner,2,0,5,0,2,2,0,12,85,0,0,0,0
00Q000000005577,Neha Patel,SummitPartners,Ops Manager,Manager,Technology,62,Cold Outbound,2,0,2,0,1,2,3,9,62,1,0,0,0
00Q000000005578,Isha Malhotra,ApexSystems,Ops Manager,Manager,Manufacturing,36,Paid Ad,1,1,1,1,0,2,0,9,66,1,1,0,0
00Q000000005579,Amit Kapoor,BluePartners,Engineer,Individual,Technology,105,Cold Outbound,4,2,7,0,0,2,0,2,114,0,0,0,0
00Q000000005580,Karan Das,PioneerPartners,Analyst,Individual,Healthcare,85,Paid Ad,2,0,4,1,0,0,1,16,119,1,0,0,0
00Q000000005581,Amit Singh,BlueNetworks,Sales Manager,Manager,Healthcare,18,Partner,3,1,3,1,1,1,0,5,118,1,0,0,0
00Q000000005582,Vikram Mehta,PioneerDynamics,Director of IT,Director,Manufacturing,52,Event,8,1,2,2,1,0,4,9,74,1,0,1,1
00Q000000005583,Vikram Verma,SummitGroup,Director of IT,Director,Manufacturing,248,Referral,2,1,2,0,0,1,0,20,38,0,0,0,1
00Q000000005584,Kavya Gupta,CobaltHealth,Engineer,Individual,Other,464,Event,3,0,1,1,0,2,0,3,19,1,1,0,0
00Q000000005585,Isha Joshi,VertexSolutions,VP Marketing,VP,Other,103,Partner,4,1,4,0,0,0,0,12,9,1,0,0,0
00Q000000005586,Neha Sharma,VertexIndustries,IT Manager,Manager,Finance,108,Paid Ad,1,1,2,0,1,1,0,20,98,0,0,0,0
00Q000000005587,Rahul Sharma,HelixLabs,CEO,C-Level,Technology,57,Partner,6,2,3,1,0,1,1,7,9,1,0,0,1
00Q000000005588,Isha Khan,SummitLabs,Coordinator,Individual,Technology,46,Paid Ad,2,1,2,1,0,2,1,14,64,1,0,0,1
00Q000000005589,Priya Das,LumenPartners,VP Sales,VP,Technology,25,Paid Ad,1,2,1,1,0,1,1,17,37,1,0,0,1
00Q000000005590,Ananya Rao,BlueSystems,VP Marketing,VP,Technology,9,Web,0,0,2,0,0,0,0,41,101,1,0,1,0
00Q000000005591,Sneha Gupta,VertexWorks,VP Sales,VP,Other,34,Referral,7,2,3,1,0,1,0,9,64,0,0,0,1
00Q000000005592,Pooja Patel,QuantaHealth,VP Engineering,VP,Other,386,Paid Ad,5,1,5,2,1,1,1,16,42,0,0,1,1
00Q000000005593,Nikhil Verma,VertexPartners,Sales Manager,Manager,Technology,52,Web,0,0,2,0,0,0,0,2,83,1,0,0,0
00Q000000005594,Amit Kapoor,QuantaSolutions,Head of Ops,Director,Retail,59,Cold Outbound,1,2,2,0,0,1,1,6,82,1,0,0,1
00Q000000005595,Sanjay Patel,ZenSolutions,Sales Manager,Manager,Education,57,Web,4,2,1,0,1,1,0,13,105,0,1,0,0
00Q000000005596,Meera Singh,ZenLabs,Ops Manager,Manager,Finance,643,Web,5,2,4,0,0,1,1,7,116,1,0,0,1
00Q000000005597,Isha Verma,VertexPartners,COO,C-Level,Education,24,Paid Ad,2,0,2,0,0,2,0,18,26,0,0,0,1
00Q000000005598,Aarav Rao,VertexSolutions,Analyst,Individual,Other,150,Web,0,0,7,1,1,2,1,13,38,1,0,0,0
00Q000000005599,Karan Kapoor,ApexHealth,Ops Manager,Manager,Other,89,Paid Ad,3,1,6,0,0,0,1,16,97,0,0,0,0
00Q000000005600,Karan Nair,NovaDynamics,VP Engineering,VP,Retail,110,Web,3,3,12,0,0,4,0,2,24,0,0,1,1
00Q000000005601,Sneha Malhotra,ApexLabs,Engineer,Individual,Finance,143,Web,6,0,7,2,0,1,1,8,13,1,0,0,1
00Q000000005602,Rohan Gupta,ApexIndustries,Coordinator,Individual,Technology,108,Paid Ad,3,2,9,1,1,3,1,3,56,1,0,0,0
00Q000000005603,Divya Malhotra,PioneerDynamics,Ops Manager,Manager,Other,326,Event,4,1,2,1,0,0,0,5,7,0,0,0,0
00Q000000005604,Arjun Reddy,VertexPartners,Director of IT,Director,Finance,95,Paid Ad,2,1,1,0,1,1,0,44,35,1,0,0,0
00Q000000005605,Dev Singh,NovaIndustries,VP Engineering,VP,Healthcare,1361,Web,2,0,0,0,0,0,0,31,93,0,0,0,0
00Q000000005606,Neha Joshi,BlueIndustries,Engineer,Individual,Finance,106,Paid Ad,2,0,2,0,0,1,0,10,35,0,0,0,0
00Q000000005607,Ananya Rao,QuantaGroup,Head of Ops,Director,Healthcare,7,Event,1,0,0,0,1,2,1,8,38,0,1,0,0
00Q000000005608,Riya Nair,BlueHealth,Sales Manager,Manager,Technology,259,Web,2,0,2,0,0,2,0,17,115,1,0,0,0
00Q000000005609,Isha Bose,OrbitWorks,Head of Ops,Director,Education,179,Paid Ad,2,1,5,2,1,1,2,22,72,1,0,0,1
00Q000000005610,Rohan Kapoor,SummitDynamics,Director of IT,Director,Manufacturing,104,Paid Ad,5,1,3,1,0,0,1,9,53,0,0,0,1
00Q000000005611,Sanjay Kapoor,NovaHealth,CEO,C-Level,Healthcare,67,Cold Outbound,4,0,1,0,0,0,0,32,111,1,0,0,0
00Q000000005612,Arjun Joshi,QuantaHealth,Sales Manager,Manager,Finance,4,Partner,1,1,2,1,0,0,0,11,108,1,0,0,1
00Q000000005613,Arjun Das,LumenSolutions,Engineer,Individual,Manufacturing,5,Paid Ad,8,1,3,1,0,0,0,9,41,1,0,0,1
00Q000000005614,Amit Singh,PioneerSystems,Sales Manager,Manager,Retail,1177,Web,5,3,6,0,0,2,0,4,74,1,0,0,1
00Q000000005615,Karan Gupta,OrbitDynamics,Sales Manager,Manager,Other,41,Partner,1,0,1,0,1,2,2,10,54,0,0,0,0
00Q000000005616,Neha Bose,PioneerDynamics,Sales Manager,Manager,Education,423,Paid Ad,3,1,4,0,0,0,0,2,70,1,1,0,0
00Q000000005617,Arjun Malhotra,SummitLabs,Coordinator,Individual,Healthcare,8,Cold Outbound,5,2,1,0,1,0,0,5,38,1,0,0,1
00Q000000005618,Isha Kapoor,LumenWorks,Coordinator,Individual,Education,20,Paid Ad,2,1,1,0,1,3,1,5,52,1,0,0,0
00Q000000005619,Divya Nair,SummitSolutions,COO,C-Level,Manufacturing,275,Web,5,3,2,0,1,2,1,7,45,0,0,1,1
00Q000000005620,Karan Mehta,PioneerGroup,Engineer,Individual,Manufacturing,85,Partner,7,2,5,2,1,3,4,2,19,0,0,1,1
00Q000000005621,Kavya Sharma,ZenSystems,Sales Manager,Manager,Retail,222,Partner,4,1,2,0,0,0,1,1,84,1,0,0,0
00Q000000005622,Divya Khan,NovaWorks,Head of Ops,Director,Healthcare,97,Web,6,0,6,0,0,0,2,20,61,1,0,0,0
00Q000000005623,Arjun Bose,PioneerDynamics,Engineer,Individual,Healthcare,72,Paid Ad,3,0,0,0,0,1,3,17,95,1,1,0,0
00Q000000005624,Arjun Patel,ApexHealth,Analyst,Individual,Retail,35,Paid Ad,3,2,1,1,0,0,1,18,23,1,0,0,0
00Q000000005625,Kavya Singh,LumenHealth,IT Manager,Manager,Finance,16,Paid Ad,3,4,6,0,0,1,0,10,109,1,0,0,0
00Q000000005626,Sneha Joshi,CobaltGroup,IT Manager,Manager,Retail,815,Cold Outbound,4,1,1,1,0,3,3,3,96,1,0,0,0
00Q000000005627,Sneha Singh,SummitWorks,IT Manager,Manager,Finance,1044,Web,0,0,0,0,0,0,0,32,30,1,0,0,0
00Q000000005628,Amit Sharma,QuantaHealth,Head of Ops,Director,Manufacturing,20,Web,5,0,4,0,1,3,1,8,57,0,0,0,0
00Q000000005629,Vikram Reddy,BlueIndustries,Coordinator,Individual,Education,18,Web,10,2,6,2,1,1,2,6,58,1,0,0,1
00Q000000005630,Vikram Kapoor,OrbitDynamics,Coordinator,Individual,Technology,59,Cold Outbound,0,0,1,0,0,0,0,49,9,1,1,0,0
00Q000000005631,Sanjay Bose,SummitLabs,Coordinator,Individual,Finance,165,Web,3,2,7,2,1,0,1,16,96,0,0,0,1
00Q000000005632,Arjun Rao,LumenSystems,IT Manager,Manager,Manufacturing,75,Paid Ad,1,0,2,0,0,0,2,90,10,1,0,0,0
00Q000000005633,Divya Patel,HelixHealth,IT Manager,Manager,Technology,210,Partner,5,0,1,1,1,2,0,5,118,0,0,1,1
00Q000000005634,Ananya Gupta,ZenIndustries,CFO,C-Level,Technology,92,Partner,2,1,2,0,0,0,0,1,19,1,0,0,1
00Q000000005635,Isha Nair,OrbitSystems,Engineer,Individual,Retail,83,Web,1,1,0,0,0,1,0,46,64,1,1,0,0
00Q000000005636,Karan Rao,HelixPartners,Ops Manager,Manager,Technology,3713,Web,1,0,2,0,0,6,0,10,49,1,0,0,0
00Q000000005637,Rahul Singh,ZenIndustries,Ops Manager,Manager,Manufacturing,45,Cold Outbound,8,3,5,0,0,0,1,2,58,0,0,1,1
00Q000000005638,Rahul Joshi,BlueGroup,Director of Sales,Director,Technology,1164,Paid Ad,3,3,2,0,1,2,0,3,19,0,0,0,1
00Q000000005639,Karan Gupta,NovaWorks,Head of Ops,Director,Technology,871,Web,4,3,1,0,2,3,0,5,105,0,0,0,1
00Q000000005640,Dev Singh,HelixIndustries,Analyst,Individual,Healthcare,211,Web,1,0,1,0,1,0,1,9,19,1,0,0,0
00Q000000005641,Amit Singh,VertexHealth,Director of IT,Director,Other,5,Partner,0,0,1,0,0,1,0,8,97,0,0,0,0
00Q000000005642,Riya Verma,ZenDynamics,IT Manager,Manager,Manufacturing,104,Cold Outbound,3,1,2,0,0,2,0,13,69,1,0,0,0
00Q000000005643,Isha Singh,PioneerSolutions,Director of IT,Director,Finance,45,Paid Ad,5,3,6,1,0,0,0,8,66,1,0,1,1
00Q000000005644,Rahul Gupta,LumenWorks,Coordinator,Individual,Healthcare,102,Referral,2,3,4,0,2,0,2,6,44,0,0,0,1
00Q000000005645,Sanjay Gupta,LumenSolutions,Director of Sales,Director,Manufacturing,20,Paid Ad,0,1,2,0,0,1,0,6,18,1,0,0,0
00Q000000005646,Kavya Verma,ApexSystems,Head of Ops,Director,Manufacturing,309,Web,1,0,0,0,2,0,2,20,76,0,0,0,0
00Q000000005647,Divya Mehta,BlueWorks,Director of Sales,Director,Finance,435,Cold Outbound,2,0,1,0,0,1,1,9,109,1,0,0,0
00Q000000005648,Kavya Khan,NovaLabs,Engineer,Individual,Technology,575,Web,1,0,1,0,0,2,0,2,25,1,0,0,0
00Q000000005649,Riya Kapoor,ApexPartners,Director of Sales,Director,Healthcare,56,Web,1,2,1,0,0,1,3,14,41,1,0,0,1
00Q000000005650,Pooja Malhotra,BlueSystems,Director of IT,Director,Retail,20,Referral,5,4,4,0,0,1,1,3,34,0,0,0,0
00Q000000005651,Isha Iyer,ApexNetworks,Ops Manager,Manager,Education,168,Web,2,1,1,0,0,3,0,9,32,1,0,0,0
00Q000000005652,Rahul Rao,LumenPartners,Ops Manager,Manager,Manufacturing,1385,Event,3,1,5,1,1,3,4,5,75,1,0,0,1
00Q000000005653,Vikram Sharma,OrbitHealth,Analyst,Individual,Retail,110,Paid Ad,3,1,3,1,1,2,2,1,70,0,0,0,1
00Q000000005654,Rohan Bose,ApexPartners,Engineer,Individual,Healthcare,196,Event,0,0,1,1,0,2,0,16,14,1,0,0,0
00Q000000005655,Rohan Gupta,VertexSystems,Director of IT,Director,Manufacturing,69,Paid Ad,1,0,4,0,1,0,0,9,20,1,0,0,0
00Q000000005656,Sneha Nair,OrbitIndustries,Ops Manager,Manager,Manufacturing,46,Web,1,1,1,1,0,2,0,20,3,1,0,0,0
00Q000000005657,Meera Verma,LumenIndustries,Director of Sales,Director,Technology,267,Event,4,2,1,0,1,1,0,5,117,1,0,0,1
00Q000000005658,Sneha Iyer,LumenSolutions,Director of Sales,Director,Other,84,Event,3,1,1,0,1,2,0,11,9,1,0,0,0
00Q000000005659,Arjun Gupta,BlueGroup,Director of Sales,Director,Finance,182,Paid Ad,1,0,3,0,1,0,2,11,95,1,0,0,1
00Q000000005660,Rahul Mehta,NovaGroup,Director of Sales,Director,Manufacturing,212,Web,7,0,4,0,0,0,1,7,102,1,0,0,1
00Q000000005661,Vikram Bose,BlueDynamics,Director of Sales,Director,Manufacturing,167,Partner,4,2,0,0,1,3,0,13,29,0,0,0,1
00Q000000005662,Nikhil Iyer,NovaSolutions,Ops Manager,Manager,Education,229,Web,2,3,3,1,0,2,1,9,2,1,0,0,0
00Q000000005663,Arjun Khan,QuantaIndustries,Analyst,Individual,Technology,27,Web,0,1,1,0,1,1,0,1,93,0,0,0,0
00Q000000005664,Vikram Singh,QuantaSystems,VP Marketing,VP,Other,25,Web,6,0,6,2,1,2,1,4,68,0,0,0,1
00Q000000005665,Ananya Bose,OrbitLabs,COO,C-Level,Technology,93,Paid Ad,1,1,3,0,0,3,1,6,117,1,0,0,0
00Q000000005666,Isha Rao,NovaLabs,Ops Manager,Manager,Technology,96,Web,6,0,2,1,0,2,1,10,60,1,1,0,1
00Q000000005667,Vikram Iyer,VertexPartners,CEO,C-Level,Education,45,Web,3,0,2,0,0,0,0,6,6,1,0,0,0
00Q000000005668,Sanjay Reddy,BlueNetworks,COO,C-Level,Finance,142,Event,2,0,1,0,0,1,0,8,117,1,0,0,1
00Q000000005669,Nikhil Joshi,ZenIndustries,Sales Manager,Manager,Manufacturing,388,Referral,3,0,2,0,0,1,2,11,15,1,0,0,0
00Q000000005670,Kavya Kapoor,VertexSystems,Director of IT,Director,Healthcare,590,Web,1,2,2,0,0,0,0,20,56,1,0,0,0
00Q000000005671,Isha Das,SummitIndustries,Director of IT,Director,Other,827,Paid Ad,0,1,3,3,2,3,2,11,28,0,0,0,0
00Q000000005672,Dev Sharma,QuantaPartners,Analyst,Individual,Education,13,Paid Ad,1,1,4,0,2,2,1,11,46,1,0,0,0
00Q000000005673,Sneha Sharma,PioneerLabs,Engineer,Individual,Finance,17,Web,3,0,3,0,1,3,0,13,117,1,0,0,0
00Q000000005674,Arjun Joshi,ZenDynamics,Ops Manager,Manager,Education,64,Web,0,1,5,1,0,1,0,76,70,1,0,0,0
00Q000000005675,Kavya Das,HelixIndustries,Director of IT,Director,Technology,112,Referral,1,1,1,0,0,0,1,15,48,1,0,0,0
00Q000000005676,Rohan Rao,LumenSystems,Sales Manager,Manager,Manufacturing,69,Cold Outbound,0,1,2,0,0,0,0,13,111,0,0,0,0
00Q000000005677,Sanjay Joshi,VertexGroup,Head of Ops,Director,Retail,43,Partner,3,0,3,2,1,1,1,6,86,1,0,0,1
00Q000000005678,Meera Gupta,BlueWorks,Director of Sales,Director,Retail,63,Referral,3,0,1,0,0,0,0,29,11,1,0,0,0
00Q000000005679,Sneha Rao,VertexSolutions,Head of Ops,Director,Retail,205,Cold Outbound,4,0,3,0,1,3,2,3,58,1,0,0,0
00Q000000005680,Priya Verma,CobaltSolutions,Engineer,Individual,Education,13,Event,4,1,2,0,0,0,1,10,2,1,0,0,0
00Q000000005681,Meera Khan,ZenNetworks,Sales Manager,Manager,Manufacturing,3344,Event,5,2,4,1,2,1,0,8,56,0,1,0,0
00Q000000005682,Rahul Mehta,HelixLabs,Analyst,Individual,Other,102,Cold Outbound,2,0,1,0,1,0,1,22,95,0,1,0,0
00Q000000005683,Karan Khan,SummitNetworks,Engineer,Individual,Technology,481,Paid Ad,0,1,0,0,0,0,0,2,101,0,1,0,0
00Q000000005684,Riya Das,BlueHealth,Coordinator,Individual,Finance,41,Paid Ad,2,1,2,0,0,1,0,16,1,1,0,0,0
00Q000000005685,Dev Sharma,CobaltPartners,Engineer,Individual,Education,235,Paid Ad,2,1,0,0,0,0,0,5,29,1,1,0,0
00Q000000005686,Nikhil Rao,BlueLabs,Coordinator,Individual,Finance,115,Cold Outbound,4,4,4,1,1,2,0,69,15,0,0,1,0
00Q000000005687,Isha Mehta,SummitDynamics,Ops Manager,Manager,Healthcare,359,Web,7,0,5,1,0,2,0,4,14,1,0,1,1
00Q000000005688,Isha Sharma,LumenSolutions,Sales Manager,Manager,Retail,73,Referral,1,1,0,0,0,4,0,5,11,1,1,1,1
00Q000000005689,Sneha Sharma,QuantaIndustries,Engineer,Individual,Manufacturing,1019,Event,2,1,1,0,0,2,1,81,83,0,1,0,0
00Q000000005690,Pooja Patel,SummitWorks,VP Engineering,VP,Technology,10,Cold Outbound,6,3,5,1,0,3,1,3,40,1,0,0,1
00Q000000005691,Sanjay Singh,HelixPartners,IT Manager,Manager,Technology,413,Web,1,1,4,1,0,0,1,4,88,0,0,0,0
00Q000000005692,Riya Verma,SummitWorks,CFO,C-Level,Finance,118,Web,2,1,2,0,0,1,2,34,56,0,0,0,0
00Q000000005693,Kavya Malhotra,HelixHealth,Head of Ops,Director,Finance,21,Event,5,4,4,0,0,0,1,47,69,1,0,0,1
00Q000000005694,Rahul Iyer,QuantaLabs,Engineer,Individual,Technology,1859,Web,4,3,2,0,0,1,0,7,115,1,0,0,1
00Q000000005695,Nikhil Joshi,CobaltDynamics,VP Marketing,VP,Education,1592,Paid Ad,5,2,13,2,1,4,2,4,79,1,0,1,1
00Q000000005696,Meera Sharma,OrbitSolutions,VP Marketing,VP,Finance,4,Referral,1,2,3,0,0,3,1,2,109,0,0,1,1
00Q000000005697,Pooja Kapoor,HelixPartners,Director of Sales,Director,Education,129,Cold Outbound,1,2,0,0,0,1,0,40,31,1,0,0,0
00Q000000005698,Vikram Sharma,ZenSolutions,Ops Manager,Manager,Other,286,Partner,0,0,3,0,0,1,0,8,104,0,1,0,0
00Q000000005699,Sanjay Iyer,OrbitDynamics,Ops Manager,Manager,Finance,192,Event,1,0,1,0,0,0,1,8,61,1,1,0,0
00Q000000005700,Isha Patel,SummitDynamics,IT Manager,Manager,Other,966,Cold Outbound,1,0,1,1,0,0,2,27,59,1,1,0,0
00Q000000005701,Sanjay Khan,QuantaSystems,Director of IT,Director,Technology,707,Web,3,1,4,1,1,1,2,1,107,0,0,0,1
00Q000000005702,Priya Reddy,SummitIndustries,Ops Manager,Manager,Retail,148,Paid Ad,1,2,2,0,0,0,1,12,25,1,0,0,0
00Q000000005703,Pooja Nair,HelixPartners,Engineer,Individual,Other,3027,Paid Ad,2,0,4,2,0,1,1,1,19,1,0,0,1
00Q000000005704,Nikhil Rao,QuantaGroup,Coordinator,Individual,Education,405,Web,0,1,3,0,0,1,1,24,111,0,1,0,0
00Q000000005705,Sanjay Verma,ZenSolutions,Coordinator,Individual,Technology,58,Web,2,1,5,0,1,0,0,8,14,1,0,0,0
00Q000000005706,Pooja Reddy,HelixPartners,Engineer,Individual,Finance,43,Paid Ad,5,1,2,0,1,3,2,14,46,1,0,1,1
00Q000000005707,Sneha Sharma,ZenHealth,Ops Manager,Manager,Finance,642,Event,3,2,1,0,0,2,0,2,67,1,0,0,0
00Q000000005708,Amit Malhotra,QuantaPartners,VP Marketing,VP,Other,30,Paid Ad,2,1,5,0,0,3,0,7,24,0,0,0,1
00Q000000005709,Kavya Nair,ApexIndustries,Engineer,Individual,Finance,53,Web,3,2,1,0,1,0,0,4,81,1,0,0,0
00Q000000005710,Dev Bose,PioneerLabs,Ops Manager,Manager,Manufacturing,69,Web,2,1,1,0,1,2,1,2,100,1,0,0,0
00Q000000005711,Priya Das,HelixHealth,Engineer,Individual,Finance,169,Cold Outbound,0,0,0,0,0,0,0,42,93,0,0,0,0
00Q000000005712,Rohan Gupta,ApexNetworks,Sales Manager,Manager,Finance,74,Web,3,1,4,1,1,0,3,18,49,1,0,0,0
00Q000000005713,Karan Das,SummitLabs,Director of IT,Director,Healthcare,13,Cold Outbound,11,7,8,2,4,1,2,0,93,1,0,1,1
00Q000000005714,Rohan Verma,BlueDynamics,Sales Manager,Manager,Finance,568,Paid Ad,0,0,0,0,0,2,0,42,8,1,1,0,0
00Q000000005715,Nikhil Nair,CobaltSolutions,COO,C-Level,Manufacturing,54,Paid Ad,3,0,2,2,0,2,0,37,101,1,0,0,0
00Q000000005716,Sanjay Reddy,ZenLabs,CFO,C-Level,Healthcare,2058,Referral,2,1,3,1,3,1,0,59,115,1,0,0,1
00Q000000005717,Rahul Iyer,BluePartners,VP Sales,VP,Healthcare,156,Cold Outbound,1,1,1,0,0,0,0,1,96,1,0,0,0
00Q000000005718,Karan Das,SummitLabs,VP Sales,VP,Manufacturing,665,Cold Outbound,2,2,6,2,0,0,2,21,94,1,0,0,1
00Q000000005719,Pooja Patel,QuantaWorks,IT Manager,Manager,Finance,256,Paid Ad,7,1,3,1,1,2,1,9,21,0,0,0,0
00Q000000005720,Riya Patel,HelixIndustries,Sales Manager,Manager,Retail,715,Paid Ad,1,1,5,1,0,2,1,6,44,1,0,0,0
00Q000000005721,Meera Das,PioneerDynamics,Sales Manager,Manager,Manufacturing,234,Event,5,0,4,1,0,0,1,35,104,1,1,1,0
00Q000000005722,Rohan Bose,OrbitIndustries,Director of IT,Director,Manufacturing,141,Web,4,3,3,0,0,1,2,8,46,0,0,0,0
00Q000000005723,Isha Sharma,NovaIndustries,Coordinator,Individual,Technology,512,Cold Outbound,15,7,11,5,4,5,1,3,59,1,0,1,1
00Q000000005724,Priya Joshi,BlueDynamics,Engineer,Individual,Technology,4142,Web,2,1,4,0,1,1,1,1,41,0,0,0,1
00Q000000005725,Ananya Verma,VertexIndustries,Analyst,Individual,Education,66,Event,2,1,1,0,0,1,1,1,66,0,0,0,0
00Q000000005726,Rohan Das,OrbitLabs,Director of Sales,Director,Education,327,Referral,2,1,0,0,0,0,0,18,72,1,0,0,0
00Q000000005727,Vikram Khan,BlueSystems,Director of IT,Director,Finance,98,Partner,4,1,1,0,0,2,1,65,18,0,0,0,0
00Q000000005728,Ananya Reddy,HelixPartners,Engineer,Individual,Finance,212,Paid Ad,3,3,2,0,0,1,1,16,88,0,0,0,0
00Q000000005729,Pooja Das,BlueWorks,Sales Manager,Manager,Finance,105,Paid Ad,2,0,1,0,0,1,1,34,69,1,1,0,0
00Q000000005730,Rohan Das,ApexIndustries,Sales Manager,Manager,Retail,3,Web,1,0,0,0,0,1,0,5,112,0,0,0,0
00Q000000005731,Amit Das,PioneerWorks,Director of Sales,Director,Technology,73,Web,2,1,2,0,0,1,0,15,97,0,0,0,0
00Q000000005732,Amit Nair,PioneerGroup,Analyst,Individual,Other,445,Web,5,2,5,1,2,1,0,15,71,0,1,0,1
00Q000000005733,Neha Gupta,VertexLabs,Analyst,Individual,Technology,31,Cold Outbound,3,1,1,1,0,3,1,12,28,1,0,0,0
00Q000000005734,Arjun Malhotra,OrbitWorks,Head of Ops,Director,Other,396,Web,0,0,1,1,0,0,0,2,29,0,0,0,0
00Q000000005735,Nikhil Rao,HelixSystems,IT Manager,Manager,Technology,131,Cold Outbound,0,0,0,0,0,0,0,90,106,1,0,0,0
00Q000000005736,Ananya Das,HelixPartners,VP Engineering,VP,Finance,74,Web,0,1,2,0,0,1,1,10,94,1,0,0,0
00Q000000005737,Priya Das,HelixNetworks,IT Manager,Manager,Finance,387,Cold Outbound,5,1,6,0,0,3,0,2,16,1,0,0,0
00Q000000005738,Karan Bose,SummitIndustries,CFO,C-Level,Finance,276,Paid Ad,0,1,1,0,0,0,0,77,81,0,0,0,0
00Q000000005739,Amit Joshi,HelixSolutions,Sales Manager,Manager,Other,186,Cold Outbound,2,1,3,1,0,2,2,5,53,1,0,1,1
00Q000000005740,Amit Malhotra,LumenGroup,Ops Manager,Manager,Healthcare,456,Paid Ad,6,2,1,0,0,2,1,13,79,0,1,0,0
00Q000000005741,Aarav Malhotra,HelixGroup,CEO,C-Level,Technology,134,Partner,3,2,1,1,0,0,3,3,55,0,0,1,1
00Q000000005742,Arjun Iyer,OrbitHealth,Engineer,Individual,Other,8,Paid Ad,3,1,5,2,0,2,2,3,48,1,1,0,0
00Q000000005743,Isha Singh,VertexPartners,Director of Sales,Director,Finance,56,Web,7,0,4,1,2,3,0,15,91,1,0,0,0
00Q000000005744,Sanjay Gupta,LumenSolutions,Analyst,Individual,Technology,6,Cold Outbound,3,3,1,0,1,4,3,2,54,1,0,0,0
00Q000000005745,Sanjay Patel,OrbitGroup,Sales Manager,Manager,Technology,266,Paid Ad,3,0,7,0,0,1,2,33,81,1,0,0,1
00Q000000005746,Isha Joshi,OrbitSystems,Analyst,Individual,Healthcare,381,Web,1,0,2,0,0,1,0,15,110,1,0,0,0
00Q000000005747,Arjun Gupta,NovaGroup,IT Manager,Manager,Other,408,Referral,0,0,2,0,0,3,0,15,53,0,0,0,0
00Q000000005748,Nikhil Singh,VertexWorks,Head of Ops,Director,Technology,207,Paid Ad,1,0,2,0,0,1,0,11,42,0,0,0,1
00Q000000005749,Arjun Joshi,HelixHealth,Coordinator,Individual,Retail,424,Cold Outbound,2,2,0,0,0,2,2,14,100,0,0,0,0
00Q000000005750,Sneha Verma,VertexIndustries,Engineer,Individual,Finance,9,Partner,0,1,6,2,0,2,1,3,111,0,0,1,1
00Q000000005751,Arjun Nair,PioneerWorks,IT Manager,Manager,Technology,84,Referral,2,0,1,1,1,0,1,7,104,1,0,0,0
00Q000000005752,Rahul Gupta,SummitSolutions,Analyst,Individual,Retail,11,Paid Ad,2,0,3,2,0,5,1,39,64,0,0,0,0
00Q000000005753,Nikhil Joshi,HelixDynamics,Sales Manager,Manager,Retail,58,Web,5,3,6,3,0,2,0,12,83,1,0,1,0
00Q000000005754,Ananya Sharma,PioneerWorks,CTO,C-Level,Manufacturing,1123,Referral,2,1,2,0,0,0,1,8,15,1,0,0,1
00Q000000005755,Karan Singh,LumenWorks,Analyst,Individual,Technology,512,Cold Outbound,5,1,0,0,0,0,0,3,113,0,0,0,1
00Q000000005756,Rahul Mehta,ZenNetworks,Ops Manager,Manager,Technology,268,Web,2,2,3,0,0,2,0,2,41,0,0,0,0
00Q000000005757,Arjun Patel,BlueNetworks,Ops Manager,Manager,Retail,75,Referral,4,1,3,0,0,0,0,18,86,0,0,1,1
00Q000000005758,Isha Verma,HelixLabs,Analyst,Individual,Manufacturing,22,Web,4,1,2,0,0,3,0,3,78,0,0,0,0
00Q000000005759,Ananya Nair,NovaDynamics,Engineer,Individual,Healthcare,131,Web,2,0,0,0,0,0,0,67,95,1,0,0,0
00Q000000005760,Dev Mehta,OrbitLabs,Director of Sales,Director,Technology,526,Web,15,6,8,0,0,2,4,4,116,0,0,1,1
00Q000000005761,Ananya Nair,PioneerDynamics,Director of Sales,Director,Retail,183,Web,6,0,2,0,0,1,4,8,53,0,0,0,1
00Q000000005762,Vikram Khan,QuantaPartners,VP Sales,VP,Technology,9,Event,4,0,1,1,0,0,0,8,90,1,0,0,1
00Q000000005763,Nikhil Nair,ZenGroup,Ops Manager,Manager,Retail,116,Cold Outbound,5,6,6,2,1,2,3,2,92,0,1,1,0
00Q000000005764,Karan Rao,CobaltWorks,Director of IT,Director,Retail,5,Web,4,0,4,1,0,1,3,5,66,0,0,0,1
00Q000000005765,Rohan Mehta,LumenDynamics,VP Engineering,VP,Technology,332,Cold Outbound,1,0,1,0,0,1,0,13,56,1,0,0,0
00Q000000005766,Amit Rao,ZenDynamics,VP Engineering,VP,Healthcare,35,Paid Ad,2,1,2,0,0,2,1,4,13,0,0,0,0
00Q000000005767,Ananya Rao,CobaltLabs,CFO,C-Level,Manufacturing,15,Web,7,1,7,0,2,1,3,3,13,1,0,1,1
00Q000000005768,Divya Singh,ApexNetworks,Coordinator,Individual,Manufacturing,339,Referral,0,0,1,0,0,1,0,4,63,1,0,0,0
00Q000000005769,Amit Singh,QuantaWorks,CEO,C-Level,Other,230,Web,2,1,1,0,0,2,0,34,21,1,0,0,1
00Q000000005770,Rohan Iyer,BlueDynamics,VP Engineering,VP,Manufacturing,140,Partner,4,3,0,0,0,5,0,0,58,1,0,0,1
00Q000000005771,Meera Reddy,NovaIndustries,Director of IT,Director,Technology,2663,Paid Ad,2,3,3,0,1,1,1,12,100,1,0,0,1
00Q000000005772,Riya Nair,VertexLabs,Head of Ops,Director,Finance,257,Referral,4,1,1,1,1,0,1,62,87,0,0,0,0
00Q000000005773,Rahul Rao,CobaltLabs,CEO,C-Level,Manufacturing,37,Web,8,2,5,1,3,3,0,0,33,0,0,1,1
00Q000000005774,Neha Patel,NovaNetworks,Ops Manager,Manager,Finance,216,Web,9,7,9,4,2,3,3,5,73,0,1,1,1
00Q000000005775,Arjun Patel,HelixPartners,Director of Sales,Director,Retail,64,Paid Ad,1,1,0,0,0,2,0,3,22,0,0,0,1
00Q000000005776,Dev Sharma,QuantaLabs,Director of Sales,Director,Technology,665,Web,1,0,3,0,0,1,1,18,9,1,0,0,0
00Q000000005777,Rahul Kapoor,VertexGroup,Director of IT,Director,Technology,151,Paid Ad,2,2,3,0,0,5,2,2,52,1,0,0,1
00Q000000005778,Riya Bose,SummitHealth,Director of IT,Director,Technology,175,Paid Ad,6,3,5,3,0,3,0,13,30,1,0,0,1
00Q000000005779,Amit Gupta,BlueGroup,Coordinator,Individual,Education,11,Paid Ad,3,1,4,0,0,0,0,6,76,1,0,0,0
00Q000000005780,Pooja Nair,CobaltDynamics,Sales Manager,Manager,Retail,109,Web,3,2,2,1,0,2,0,3,14,1,1,0,0
00Q000000005781,Vikram Patel,QuantaSolutions,Sales Manager,Manager,Manufacturing,91,Event,1,1,1,0,0,0,0,14,81,1,0,0,0
00Q000000005782,Vikram Sharma,VertexPartners,Head of Ops,Director,Finance,21,Event,1,0,1,0,0,1,1,7,1,1,1,0,0
00Q000000005783,Rahul Kapoor,OrbitIndustries,Head of Ops,Director,Other,71,Cold Outbound,3,0,0,0,0,2,0,1,110,1,0,0,1
00Q000000005784,Vikram Reddy,ApexSystems,VP Engineering,VP,Other,191,Event,4,0,3,0,0,1,0,2,18,0,0,0,0
00Q000000005785,Vikram Das,QuantaHealth,Head of Ops,Director,Healthcare,98,Event,13,2,10,1,0,3,2,17,5,1,0,1,1
00Q000000005786,Divya Reddy,VertexSolutions,IT Manager,Manager,Retail,11,Web,4,2,2,0,0,2,2,6,70,1,0,0,0
00Q000000005787,Rahul Das,ZenLabs,Engineer,Individual,Other,66,Paid Ad,0,1,0,0,0,1,0,21,65,1,0,0,0
00Q000000005788,Kavya Malhotra,OrbitIndustries,Head of Ops,Director,Finance,49,Paid Ad,3,0,0,0,0,0,1,4,5,1,0,0,0
00Q000000005789,Divya Iyer,PioneerSystems,VP Engineering,VP,Finance,132,Paid Ad,2,3,2,1,1,0,2,9,28,1,0,0,1
00Q000000005790,Riya Singh,NovaPartners,Director of Sales,Director,Manufacturing,113,Paid Ad,7,2,6,2,1,0,2,6,51,1,0,0,1
00Q000000005791,Rohan Mehta,OrbitIndustries,VP Engineering,VP,Healthcare,53,Cold Outbound,3,1,0,0,0,0,0,29,38,1,0,0,0
00Q000000005792,Rohan Nair,QuantaLabs,CFO,C-Level,Retail,50,Cold Outbound,2,1,3,1,0,1,0,11,51,1,0,0,1
00Q000000005793,Meera Khan,SummitIndustries,IT Manager,Manager,Manufacturing,110,Referral,3,3,3,2,0,2,0,4,7,1,0,0,1
00Q000000005794,Riya Sharma,OrbitGroup,Head of Ops,Director,Technology,421,Web,2,0,3,0,0,3,0,9,67,1,0,0,0
00Q000000005795,Rahul Kapoor,VertexNetworks,Ops Manager,Manager,Finance,151,Cold Outbound,4,1,4,0,0,1,0,6,80,1,0,0,0
00Q000000005796,Ananya Sharma,HelixSystems,Sales Manager,Manager,Retail,841,Paid Ad,15,3,5,3,2,2,3,6,32,1,0,0,1
00Q000000005797,Meera Verma,VertexPartners,Analyst,Individual,Technology,544,Cold Outbound,3,3,2,1,0,1,0,12,115,1,1,0,0
00Q000000005798,Kavya Bose,BlueWorks,Coordinator,Individual,Finance,939,Event,5,1,4,0,0,1,0,4,54,1,0,0,1
00Q000000005799,Divya Reddy,OrbitNetworks,Engineer,Individual,Technology,775,Cold Outbound,3,0,5,1,0,1,1,27,15,0,0,1,0
00Q000000005800,Sneha Gupta,HelixDynamics,Director of Sales,Director,Education,1037,Web,2,0,3,1,0,2,1,3,44,0,0,0,0
00Q000000005801,Dev Malhotra,NovaSolutions,Engineer,Individual,Technology,17,Paid Ad,2,1,0,0,1,2,1,12,11,1,0,0,0
00Q000000005802,Meera Verma,CobaltIndustries,Ops Manager,Manager,Technology,262,Event,5,0,3,0,1,3,0,6,106,1,0,0,1
00Q000000005803,Riya Verma,VertexSolutions,IT Manager,Manager,Education,618,Web,6,0,2,0,0,6,0,5,89,0,0,0,0
00Q000000005804,Arjun Malhotra,BlueLabs,Ops Manager,Manager,Technology,811,Web,4,0,5,1,0,2,1,10,21,0,0,1,1
00Q000000005805,Rohan Singh,CobaltHealth,VP Engineering,VP,Retail,31,Web,3,0,2,1,0,2,0,4,113,1,0,0,0
00Q000000005806,Pooja Das,CobaltWorks,IT Manager,Manager,Finance,266,Web,2,1,1,0,0,1,1,13,93,1,0,0,0
00Q000000005807,Karan Rao,PioneerSystems,Engineer,Individual,Education,111,Cold Outbound,5,0,0,0,0,0,0,7,49,0,0,0,0
00Q000000005808,Arjun Bose,VertexSystems,CEO,C-Level,Technology,1588,Cold Outbound,0,1,1,1,0,0,0,40,29,1,0,0,0
00Q000000005809,Ananya Reddy,ZenLabs,VP Marketing,VP,Technology,12,Cold Outbound,0,0,1,0,1,1,0,10,52,1,0,0,0
00Q000000005810,Dev Gupta,HelixIndustries,Head of Ops,Director,Technology,31,Cold Outbound,6,2,7,2,3,3,2,18,114,1,0,1,1
00Q000000005811,Riya Khan,PioneerLabs,Director of IT,Director,Other,6,Cold Outbound,3,1,5,0,0,1,1,10,109,0,0,0,0
00Q000000005812,Nikhil Kapoor,PioneerWorks,Coordinator,Individual,Education,123,Cold Outbound,2,0,3,1,0,0,0,5,6,1,0,0,1
00Q000000005813,Ananya Gupta,SummitWorks,Head of Ops,Director,Finance,2968,Web,3,1,4,0,1,0,0,25,42,0,0,1,0
00Q000000005814,Meera Kapoor,OrbitSolutions,Engineer,Individual,Technology,93,Web,7,0,3,2,0,1,1,33,91,0,1,0,0
00Q000000005815,Pooja Kapoor,QuantaSolutions,Ops Manager,Manager,Technology,115,Cold Outbound,1,1,0,0,0,0,1,7,113,1,0,0,0
00Q000000005816,Rahul Mehta,ApexLabs,Engineer,Individual,Technology,227,Event,5,1,4,0,1,2,0,9,96,0,0,0,1
00Q000000005817,Aarav Mehta,BlueSystems,Head of Ops,Director,Technology,83,Paid Ad,2,0,1,0,0,2,0,19,39,0,0,0,0
00Q000000005818,Nikhil Khan,PioneerNetworks,Analyst,Individual,Other,172,Paid Ad,5,1,6,0,0,2,1,8,59,0,0,0,0
00Q000000005819,Arjun Bose,LumenWorks,Coordinator,Individual,Technology,179,Referral,2,2,2,2,0,0,1,5,8,1,0,0,0
00Q000000005820,Rohan Kapoor,HelixIndustries,Analyst,Individual,Other,27,Referral,2,1,1,0,0,0,0,7,12,1,1,0,0
00Q000000005821,Arjun Sharma,HelixSystems,Director of IT,Director,Technology,86,Partner,0,1,0,0,0,1,1,56,86,1,0,0,0
00Q000000005822,Sneha Das,NovaNetworks,Analyst,Individual,Education,302,Paid Ad,2,1,3,1,0,3,1,30,103,1,0,0,0
00Q000000005823,Sanjay Gupta,SummitDynamics,Ops Manager,Manager,Healthcare,400,Referral,3,1,2,0,0,2,2,6,106,1,0,0,0
00Q000000005824,Divya Gupta,SummitSystems,Ops Manager,Manager,Technology,697,Paid Ad,0,0,1,0,1,0,0,14,42,1,0,0,0
00Q000000005825,Kavya Malhotra,CobaltSystems,Director of Sales,Director,Education,164,Event,6,1,2,1,0,2,3,4,16,1,0,1,1
00Q000000005826,Sneha Gupta,ZenIndustries,Engineer,Individual,Finance,169,Event,3,0,4,0,0,2,1,25,106,1,0,1,1
00Q000000005827,Arjun Mehta,CobaltSystems,COO,C-Level,Education,306,Paid Ad,6,7,13,1,1,6,1,2,42,1,0,1,1
00Q000000005828,Pooja Iyer,QuantaSystems,IT Manager,Manager,Retail,40,Event,3,0,2,0,0,2,0,14,88,0,0,0,0
00Q000000005829,Rohan Malhotra,ZenLabs,Coordinator,Individual,Other,38,Cold Outbound,0,1,4,0,0,1,0,30,10,1,0,0,0
00Q000000005830,Pooja Kapoor,ApexSolutions,Analyst,Individual,Education,82,Event,1,0,2,0,0,0,0,2,89,1,0,0,0
00Q000000005831,Sneha Malhotra,HelixSolutions,Coordinator,Individual,Finance,14,Cold Outbound,3,3,4,0,0,2,1,8,11,1,0,0,0
00Q000000005832,Meera Singh,BlueNetworks,Sales Manager,Manager,Healthcare,183,Cold Outbound,0,1,0,0,0,1,1,1,84,1,0,0,0
00Q000000005833,Ananya Kapoor,QuantaNetworks,Analyst,Individual,Retail,479,Cold Outbound,0,0,0,0,1,1,0,50,28,0,0,0,0
00Q000000005834,Pooja Kapoor,ApexPartners,VP Sales,VP,Finance,34,Partner,0,1,3,1,0,2,0,2,83,0,0,0,0
00Q000000005835,Aarav Das,VertexGroup,IT Manager,Manager,Manufacturing,191,Paid Ad,4,1,1,0,0,0,0,2,12,1,1,0,0
00Q000000005836,Riya Nair,ZenSystems,Analyst,Individual,Technology,38,Paid Ad,2,2,2,0,0,0,2,31,35,1,0,0,0
00Q000000005837,Rahul Gupta,PioneerLabs,Sales Manager,Manager,Retail,21,Paid Ad,0,1,2,0,0,1,0,6,118,0,0,0,0
00Q000000005838,Meera Rao,ApexSystems,Coordinator,Individual,Finance,2171,Web,1,0,4,0,0,1,0,2,29,0,0,0,0
00Q000000005839,Aarav Sharma,HelixSystems,Coordinator,Individual,Technology,22,Web,1,0,0,0,0,0,0,3,13,1,0,0,0
00Q000000005840,Aarav Mehta,NovaDynamics,Ops Manager,Manager,Other,14,Web,2,1,2,0,0,1,1,15,55,0,0,0,0
00Q000000005841,Arjun Reddy,PioneerHealth,Coordinator,Individual,Education,137,Partner,0,0,4,0,0,1,1,13,89,0,0,0,0
00Q000000005842,Priya Gupta,HelixSolutions,Engineer,Individual,Finance,148,Web,6,1,4,1,0,2,1,15,64,1,0,0,0
00Q000000005843,Rahul Iyer,CobaltSystems,CEO,C-Level,Technology,270,Paid Ad,5,1,5,0,3,3,0,6,56,1,0,1,1
00Q000000005844,Rohan Mehta,SummitDynamics,Director of Sales,Director,Retail,2001,Web,7,6,4,1,0,2,1,34,111,1,0,0,1
00Q000000005845,Vikram Patel,PioneerSystems,CTO,C-Level,Technology,31,Web,2,3,3,0,0,1,1,7,117,1,0,0,0
00Q000000005846,Arjun Gupta,HelixHealth,Engineer,Individual,Manufacturing,41,Paid Ad,1,2,5,1,1,4,2,5,66,0,1,0,0
00Q000000005847,Nikhil Nair,VertexLabs,VP Sales,VP,Retail,1111,Cold Outbound,4,1,6,1,1,1,0,1,20,1,1,1,1
00Q000000005848,Pooja Mehta,LumenGroup,IT Manager,Manager,Finance,406,Referral,4,0,2,0,0,2,1,2,71,1,1,0,1
00Q000000005849,Neha Joshi,OrbitNetworks,Analyst,Individual,Finance,330,Cold Outbound,4,2,2,0,0,2,0,63,36,1,1,0,0
00Q000000005850,Divya Mehta,SummitNetworks,VP Sales,VP,Technology,41,Web,5,3,6,2,1,3,2,1,23,1,0,0,1
00Q000000005851,Isha Reddy,PioneerIndustries,Coordinator,Individual,Finance,538,Event,5,2,1,1,0,2,4,2,23,0,1,0,1
00Q000000005852,Meera Joshi,PioneerWorks,Sales Manager,Manager,Manufacturing,331,Web,4,2,2,0,0,0,0,7,78,1,0,0,0
00Q000000005853,Dev Iyer,NovaLabs,VP Sales,VP,Technology,132,Referral,1,0,0,0,1,2,0,62,20,1,0,0,0
00Q000000005854,Amit Joshi,ApexPartners,Director of Sales,Director,Other,41,Web,5,1,2,0,0,1,1,4,107,0,0,0,0
00Q000000005855,Priya Sharma,PioneerDynamics,IT Manager,Manager,Retail,116,Web,5,0,2,2,0,2,0,8,56,1,1,0,0
00Q000000005856,Dev Bose,CobaltIndustries,IT Manager,Manager,Technology,1179,Paid Ad,2,0,4,0,1,1,1,9,86,1,0,0,0
00Q000000005857,Amit Reddy,BlueNetworks,Engineer,Individual,Manufacturing,19,Paid Ad,2,2,0,0,1,2,1,11,84,1,1,0,0
00Q000000005858,Dev Kapoor,HelixIndustries,CEO,C-Level,Healthcare,29,Web,4,2,3,1,0,2,0,20,106,1,0,1,1
00Q000000005859,Arjun Khan,ApexPartners,Coordinator,Individual,Healthcare,38,Cold Outbound,4,2,4,1,1,3,1,9,29,0,1,0,0
00Q000000005860,Aarav Malhotra,ZenNetworks,Coordinator,Individual,Manufacturing,53,Paid Ad,8,1,4,0,0,2,1,51,78,1,0,1,1
00Q000000005861,Sanjay Malhotra,LumenIndustries,Coordinator,Individual,Technology,97,Referral,3,1,7,1,0,4,1,10,76,1,0,0,1
00Q000000005862,Priya Bose,PioneerLabs,VP Sales,VP,Technology,418,Event,5,1,3,2,0,0,1,18,92,0,0,0,1
00Q000000005863,Amit Bose,HelixWorks,Head of Ops,Director,Technology,198,Referral,0,0,2,0,0,2,0,2,109,1,0,0,0
00Q000000005864,Riya Nair,PioneerWorks,Ops Manager,Manager,Technology,108,Cold Outbound,3,0,0,0,1,1,0,15,7,1,0,0,0
00Q000000005865,Arjun Bose,VertexIndustries,CEO,C-Level,Retail,150,Event,1,0,0,0,1,1,1,7,69,1,0,0,0
00Q000000005866,Priya Reddy,OrbitNetworks,Analyst,Individual,Other,253,Web,1,2,2,1,0,0,0,8,77,1,0,0,0
00Q000000005867,Priya Iyer,NovaNetworks,VP Engineering,VP,Retail,7,Web,6,2,6,0,1,3,0,7,64,1,0,0,1
00Q000000005868,Pooja Rao,HelixGroup,Analyst,Individual,Other,496,Referral,0,1,5,1,1,2,1,12,106,1,0,1,1
00Q000000005869,Meera Iyer,HelixPartners,Sales Manager,Manager,Manufacturing,28,Event,7,6,8,2,0,1,2,5,18,0,0,0,1
00Q000000005870,Rahul Kapoor,CobaltGroup,Engineer,Individual,Finance,51,Paid Ad,3,1,1,1,0,1,0,3,12,1,1,1,1
00Q000000005871,Ananya Nair,OrbitWorks,CTO,C-Level,Education,165,Cold Outbound,7,3,8,5,1,3,1,1,33,1,0,1,1
00Q000000005872,Sanjay Gupta,SummitWorks,VP Marketing,VP,Technology,88,Web,3,1,4,1,0,0,1,2,104,1,0,1,0
00Q000000005873,Dev Khan,VertexIndustries,Sales Manager,Manager,Technology,206,Referral,1,0,1,0,0,2,2,14,52,0,1,1,1
00Q000000005874,Kavya Patel,QuantaNetworks,Analyst,Individual,Other,123,Web,0,0,2,0,1,0,0,11,81,1,1,0,0
00Q000000005875,Pooja Das,NovaLabs,Analyst,Individual,Retail,64,Referral,2,2,4,1,1,4,3,8,83,1,0,0,0
00Q000000005876,Karan Das,VertexGroup,Sales Manager,Manager,Other,985,Paid Ad,0,0,1,0,0,2,0,3,98,1,0,0,0
00Q000000005877,Meera Sharma,OrbitIndustries,Ops Manager,Manager,Technology,287,Cold Outbound,0,1,1,0,0,1,1,6,45,0,0,0,0
00Q000000005878,Rohan Sharma,CobaltWorks,Engineer,Individual,Retail,156,Partner,1,2,2,2,0,1,3,18,12,1,0,1,1
00Q000000005879,Karan Joshi,NovaPartners,Director of IT,Director,Technology,281,Web,4,0,10,0,0,2,0,4,64,1,0,0,0
00Q000000005880,Aarav Gupta,CobaltDynamics,Director of IT,Director,Finance,34,Cold Outbound,1,2,6,1,3,3,1,26,105,1,0,0,1
00Q000000005881,Amit Gupta,CobaltIndustries,VP Marketing,VP,Other,2597,Cold Outbound,0,1,2,0,0,1,0,18,89,1,0,0,0
00Q000000005882,Karan Joshi,ZenSystems,Sales Manager,Manager,Healthcare,19,Web,0,0,2,0,0,1,0,6,83,1,0,0,0
00Q000000005883,Meera Rao,PioneerPartners,Sales Manager,Manager,Retail,117,Cold Outbound,1,0,1,0,1,1,0,26,21,1,0,0,0
00Q000000005884,Sneha Gupta,ZenSystems,IT Manager,Manager,Other,64,Paid Ad,2,3,1,1,0,0,0,8,22,1,0,0,0
00Q000000005885,Riya Verma,LumenHealth,Coordinator,Individual,Education,61,Partner,3,4,2,2,0,0,2,1,33,1,0,0,0
00Q000000005886,Sneha Kapoor,HelixGroup,Director of Sales,Director,Technology,50,Event,4,1,1,0,0,1,1,8,72,1,0,0,0
00Q000000005887,Aarav Reddy,OrbitWorks,Director of IT,Director,Technology,31,Web,8,3,7,6,2,0,4,4,45,1,0,1,1
00Q000000005888,Rahul Das,NovaHealth,Engineer,Individual,Other,591,Partner,7,2,2,1,1,2,2,3,95,0,0,0,1
00Q000000005889,Priya Rao,NovaPartners,IT Manager,Manager,Manufacturing,16,Event,6,0,2,1,0,4,0,6,86,1,0,0,0
00Q000000005890,Rohan Verma,VertexIndustries,VP Sales,VP,Healthcare,434,Cold Outbound,5,1,1,1,2,2,2,1,17,1,0,1,1
00Q000000005891,Sneha Bose,NovaHealth,Sales Manager,Manager,Technology,263,Web,8,1,6,2,1,4,0,5,84,1,1,1,1
00Q000000005892,Rahul Singh,ZenIndustries,Sales Manager,Manager,Technology,56,Referral,6,2,7,1,1,3,3,2,56,1,0,0,1
00Q000000005893,Rahul Verma,ApexIndustries,Director of IT,Director,Other,221,Paid Ad,4,2,7,3,0,2,3,3,111,0,0,0,1
00Q000000005894,Rohan Patel,NovaIndustries,Ops Manager,Manager,Healthcare,78,Paid Ad,1,1,2,0,0,2,2,17,93,0,0,0,0
00Q000000005895,Aarav Joshi,HelixWorks,Coordinator,Individual,Education,19,Event,4,1,3,0,0,1,0,90,66,1,1,0,0
00Q000000005896,Aarav Rao,CobaltPartners,VP Marketing,VP,Technology,19,Paid Ad,3,0,5,0,1,1,0,5,60,1,0,0,1
00Q000000005897,Amit Malhotra,BlueSolutions,COO,C-Level,Technology,265,Paid Ad,8,3,5,1,0,0,1,7,64,1,0,0,1
00Q000000005898,Vikram Khan,PioneerNetworks,Engineer,Individual,Manufacturing,246,Paid Ad,0,1,4,0,2,0,1,20,28,0,0,0,0
00Q000000005899,Dev Rao,QuantaWorks,Engineer,Individual,Education,143,Referral,2,1,2,1,0,1,1,11,23,0,1,0,0
00Q000000005900,Priya Iyer,VertexSystems,Director of Sales,Director,Finance,55,Paid Ad,3,1,2,2,0,2,0,9,74,1,0,0,1
00Q000000005901,Priya Iyer,NovaPartners,Director of IT,Director,Finance,74,Paid Ad,4,0,2,0,0,1,1,14,80,1,0,0,1
00Q000000005902,Meera Iyer,ZenHealth,Sales Manager,Manager,Manufacturing,61,Partner,1,0,2,0,0,3,0,12,56,0,0,0,0
00Q000000005903,Neha Nair,VertexLabs,Ops Manager,Manager,Technology,7,Paid Ad,4,0,2,0,1,1,0,5,52,1,0,0,0
00Q000000005904,Ananya Sharma,BlueSolutions,Director of IT,Director,Finance,109,Event,2,3,7,3,0,1,2,9,49,1,0,1,1
00Q000000005905,Vikram Reddy,CobaltLabs,Sales Manager,Manager,Manufacturing,217,Web,0,1,2,0,0,1,0,10,89,1,0,0,0
00Q000000005906,Ananya Patel,LumenHealth,Analyst,Individual,Technology,110,Web,4,1,2,0,0,0,1,8,26,0,0,0,0
00Q000000005907,Sneha Gupta,QuantaNetworks,Engineer,Individual,Manufacturing,1413,Referral,0,1,0,0,0,1,0,9,46,1,1,0,0
00Q000000005908,Aarav Mehta,CobaltDynamics,IT Manager,Manager,Technology,22,Paid Ad,4,0,4,3,0,0,2,12,11,1,0,0,0
00Q000000005909,Neha Malhotra,VertexDynamics,COO,C-Level,Retail,36,Partner,6,4,3,2,1,1,1,4,96,1,0,1,1
00Q000000005910,Meera Singh,ApexDynamics,Sales Manager,Manager,Education,121,Cold Outbound,6,1,6,0,1,4,1,18,107,0,1,1,1
00Q000000005911,Dev Mehta,NovaLabs,Sales Manager,Manager,Education,143,Paid Ad,6,1,3,0,1,2,2,4,73,0,0,0,0
00Q000000005912,Vikram Khan,CobaltLabs,VP Marketing,VP,Retail,5,Paid Ad,3,1,5,0,1,1,2,9,65,1,0,0,0
00Q000000005913,Nikhil Rao,CobaltSystems,Sales Manager,Manager,Manufacturing,245,Paid Ad,2,2,0,0,0,1,2,67,11,0,1,0,0
00Q000000005914,Rohan Malhotra,LumenNetworks,Ops Manager,Manager,Finance,144,Event,6,0,1,0,0,3,1,6,7,1,0,0,0
00Q000000005915,Arjun Patel,LumenSolutions,Coordinator,Individual,Healthcare,4,Paid Ad,4,0,6,0,0,2,2,2,99,0,0,0,0
00Q000000005916,Rahul Khan,SummitPartners,Head of Ops,Director,Technology,83,Event,2,1,2,0,0,1,1,16,23,1,0,0,1
00Q000000005917,Meera Khan,LumenPartners,Head of Ops,Director,Retail,29,Event,5,2,3,1,0,3,1,3,53,1,0,0,1
00Q000000005918,Rohan Khan,BlueDynamics,Director of Sales,Director,Technology,50,Cold Outbound,1,0,2,1,0,1,0,33,25,0,0,0,0
00Q000000005919,Sneha Nair,HelixHealth,Sales Manager,Manager,Healthcare,13,Paid Ad,2,0,3,2,1,0,0,8,8,1,0,0,0
00Q000000005920,Pooja Singh,NovaGroup,Ops Manager,Manager,Manufacturing,185,Web,0,1,2,0,0,2,0,8,65,0,0,0,0
00Q000000005921,Amit Gupta,HelixHealth,Analyst,Individual,Retail,1397,Paid Ad,4,4,6,2,2,1,1,4,76,1,0,0,1
00Q000000005922,Aarav Mehta,BlueSolutions,CTO,C-Level,Finance,148,Cold Outbound,12,5,9,4,1,5,3,2,59,1,0,0,1
00Q000000005923,Rohan Kapoor,PioneerSystems,Coordinator,Individual,Healthcare,3,Web,3,0,0,0,0,0,0,11,31,0,0,0,0
00Q000000005924,Kavya Iyer,SummitHealth,Director of IT,Director,Manufacturing,152,Cold Outbound,0,0,1,1,1,3,0,10,38,1,0,0,0
00Q000000005925,Kavya Verma,QuantaNetworks,Director of IT,Director,Other,74,Cold Outbound,0,0,0,0,0,0,0,11,95,1,0,0,0
00Q000000005926,Kavya Kapoor,CobaltIndustries,Coordinator,Individual,Retail,19,Paid Ad,5,2,2,2,0,0,1,13,11,0,1,0,0
00Q000000005927,Isha Sharma,BlueGroup,Sales Manager,Manager,Finance,169,Referral,4,2,5,1,0,1,0,5,77,0,1,0,0
00Q000000005928,Neha Verma,VertexHealth,Engineer,Individual,Education,372,Web,5,1,6,1,2,1,2,90,10,1,0,0,0
00Q000000005929,Sanjay Iyer,PioneerNetworks,Ops Manager,Manager,Technology,36,Web,1,0,4,0,0,0,1,9,84,0,0,0,0
00Q000000005930,Priya Verma,VertexSystems,CFO,C-Level,Finance,8,Event,3,1,3,0,2,1,0,16,19,1,0,0,1
00Q000000005931,Pooja Nair,HelixHealth,IT Manager,Manager,Technology,4,Partner,4,0,3,0,0,3,1,5,109,1,1,0,0
00Q000000005932,Riya Kapoor,OrbitPartners,COO,C-Level,Healthcare,36,Cold Outbound,1,1,3,0,0,0,1,8,55,0,0,0,1
00Q000000005933,Neha Iyer,VertexSystems,Coordinator,Individual,Manufacturing,78,Web,1,2,1,0,1,2,0,6,32,0,0,0,0
00Q000000005934,Rahul Bose,SummitHealth,Ops Manager,Manager,Manufacturing,45,Event,1,0,0,0,0,1,0,87,16,1,0,0,0
00Q000000005935,Sneha Patel,ApexLabs,VP Sales,VP,Education,35,Event,0,0,1,0,0,2,0,19,19,1,0,0,0
00Q000000005936,Ananya Bose,SummitPartners,VP Sales,VP,Manufacturing,233,Event,1,0,2,0,0,0,0,8,62,1,0,0,0
00Q000000005937,Riya Verma,VertexHealth,IT Manager,Manager,Technology,199,Paid Ad,4,4,1,0,0,1,0,1,91,0,0,0,0
00Q000000005938,Sneha Rao,VertexSolutions,Director of IT,Director,Manufacturing,134,Cold Outbound,2,2,3,0,0,2,0,14,90,1,0,1,1
00Q000000005939,Pooja Mehta,LumenDynamics,VP Sales,VP,Retail,338,Event,3,0,1,0,1,0,2,11,105,1,0,0,1
00Q000000005940,Meera Malhotra,VertexDynamics,Director of IT,Director,Manufacturing,37,Web,1,0,1,0,0,2,0,50,52,1,0,0,0
00Q000000005941,Neha Singh,NovaGroup,Director of IT,Director,Healthcare,19,Paid Ad,1,0,2,0,0,2,1,11,94,1,0,0,0
00Q000000005942,Vikram Reddy,OrbitSolutions,Engineer,Individual,Manufacturing,45,Web,5,2,2,0,2,1,1,9,34,0,0,0,0
00Q000000005943,Pooja Bose,NovaHealth,Engineer,Individual,Manufacturing,40,Cold Outbound,0,1,0,0,0,1,1,48,1,1,1,0,0
00Q000000005944,Nikhil Iyer,QuantaIndustries,Head of Ops,Director,Finance,4,Cold Outbound,8,1,5,1,0,3,1,2,115,1,1,0,0
00Q000000005945,Ananya Verma,LumenSystems,IT Manager,Manager,Education,43,Web,0,0,0,0,0,0,1,50,35,1,0,0,0
00Q000000005946,Nikhil Bose,VertexNetworks,Coordinator,Individual,Technology,521,Paid Ad,2,1,4,2,0,1,3,1,69,1,0,0,1
00Q000000005947,Rohan Mehta,QuantaIndustries,Engineer,Individual,Technology,330,Partner,1,2,6,0,0,1,0,20,111,0,1,0,0
00Q000000005948,Rahul Khan,PioneerWorks,IT Manager,Manager,Retail,218,Event,4,5,4,0,0,1,0,4,116,0,0,0,1
00Q000000005949,Amit Joshi,LumenHealth,Ops Manager,Manager,Education,121,Event,4,5,12,3,3,4,2,2,113,1,0,1,1
00Q000000005950,Karan Nair,NovaGroup,IT Manager,Manager,Retail,874,Cold Outbound,0,0,0,0,0,1,1,40,29,1,1,0,0
00Q000000005951,Arjun Nair,QuantaSystems,Sales Manager,Manager,Healthcare,20,Web,3,3,2,0,0,0,1,23,62,1,0,1,0
00Q000000005952,Neha Nair,CobaltHealth,Coordinator,Individual,Other,23,Paid Ad,1,0,0,0,0,1,0,22,2,1,0,0,0
00Q000000005953,Aarav Rao,HelixPartners,VP Engineering,VP,Finance,537,Web,3,0,4,1,0,1,0,6,64,1,0,0,1
00Q000000005954,Divya Sharma,QuantaHealth,Director of IT,Director,Healthcare,103,Referral,0,1,2,0,0,0,0,5,46,1,0,0,0
00Q000000005955,Karan Nair,SummitHealth,Engineer,Individual,Manufacturing,36,Cold Outbound,2,3,4,1,0,1,1,2,60,0,0,0,0
00Q000000005956,Aarav Verma,VertexDynamics,Ops Manager,Manager,Healthcare,227,Paid Ad,1,1,0,0,0,0,0,7,33,1,0,0,0
00Q000000005957,Ananya Mehta,CobaltPartners,Ops Manager,Manager,Manufacturing,51,Paid Ad,5,1,5,0,1,1,0,11,22,1,0,0,0
00Q000000005958,Ananya Gupta,ApexWorks,Director of IT,Director,Other,28,Web,2,1,0,0,0,1,0,22,108,1,0,0,1
00Q000000005959,Rohan Singh,CobaltPartners,Director of Sales,Director,Technology,27,Cold Outbound,5,1,7,2,1,1,0,5,19,1,0,1,1
00Q000000005960,Neha Kapoor,BlueLabs,Director of Sales,Director,Technology,161,Referral,2,1,2,1,1,3,0,8,33,1,0,0,1
00Q000000005961,Divya Patel,BlueIndustries,Head of Ops,Director,Healthcare,135,Paid Ad,0,0,0,0,0,0,2,41,96,0,0,0,0
00Q000000005962,Rohan Khan,OrbitDynamics,Analyst,Individual,Manufacturing,967,Web,5,5,7,1,0,0,0,9,98,1,0,0,1
00Q000000005963,Aarav Reddy,VertexDynamics,IT Manager,Manager,Retail,64,Paid Ad,3,1,4,3,1,3,1,13,9,1,1,0,0
00Q000000005964,Rahul Sharma,PioneerNetworks,Coordinator,Individual,Other,62,Paid Ad,10,2,1,1,3,1,2,1,82,1,0,1,1
00Q000000005965,Neha Gupta,ApexWorks,Ops Manager,Manager,Retail,862,Referral,6,1,3,2,0,2,0,4,81,1,0,1,1
00Q000000005966,Pooja Reddy,ZenLabs,Ops Manager,Manager,Other,436,Event,3,1,2,0,1,1,0,44,34,0,0,0,0
00Q000000005967,Riya Sharma,BlueGroup,Director of IT,Director,Finance,123,Event,5,1,0,0,0,2,0,13,100,0,0,0,1
00Q000000005968,Nikhil Reddy,ApexHealth,Analyst,Individual,Technology,9,Paid Ad,2,1,1,1,0,1,0,1,83,0,1,0,0
00Q000000005969,Rohan Nair,ZenGroup,Director of IT,Director,Finance,29,Paid Ad,5,4,7,1,1,1,0,6,97,1,0,0,0
00Q000000005970,Priya Mehta,SummitHealth,IT Manager,Manager,Education,20,Cold Outbound,5,2,5,0,0,3,1,16,68,1,0,0,0
00Q000000005971,Dev Rao,VertexDynamics,IT Manager,Manager,Technology,105,Web,3,2,7,0,0,1,1,6,114,1,0,0,1
00Q000000005972,Aarav Das,QuantaWorks,Director of Sales,Director,Technology,46,Web,0,0,2,0,0,1,0,13,6,0,0,0,0
00Q000000005973,Rohan Gupta,ApexLabs,Coordinator,Individual,Healthcare,1101,Web,3,1,4,0,1,2,1,76,18,1,0,0,0
00Q000000005974,Dev Rao,QuantaWorks,Sales Manager,Manager,Finance,9,Web,5,2,6,1,0,3,3,1,15,1,0,0,1
00Q000000005975,Arjun Verma,QuantaSystems,IT Manager,Manager,Retail,17,Paid Ad,0,0,3,0,1,1,0,2,114,1,1,0,0
00Q000000005976,Rohan Khan,LumenGroup,Director of Sales,Director,Other,143,Web,4,1,2,1,0,1,1,5,12,1,0,0,0
00Q000000005977,Amit Khan,HelixSystems,Coordinator,Individual,Technology,217,Web,2,0,0,0,0,0,1,3,27,0,1,1,0
00Q000000005978,Riya Rao,SummitPartners,CTO,C-Level,Manufacturing,2,Referral,1,1,2,0,0,1,2,16,41,0,0,0,0
00Q000000005979,Neha Bose,VertexIndustries,CTO,C-Level,Technology,7,Event,1,0,0,0,0,0,1,19,11,0,0,0,0
00Q000000005980,Rohan Singh,SummitLabs,VP Sales,VP,Technology,66,Paid Ad,2,0,1,0,0,1,0,11,62,1,0,0,1
00Q000000005981,Sneha Verma,CobaltNetworks,Engineer,Individual,Finance,760,Event,5,4,5,4,3,1,0,4,66,1,0,0,1
00Q000000005982,Sneha Rao,PioneerSolutions,Head of Ops,Director,Manufacturing,1688,Cold Outbound,1,1,3,1,0,2,1,10,5,1,0,0,0
00Q000000005983,Rahul Rao,CobaltWorks,Analyst,Individual,Manufacturing,53,Web,5,3,2,1,0,2,2,7,57,0,1,0,1
00Q000000005984,Ananya Gupta,QuantaLabs,VP Marketing,VP,Retail,77,Event,0,1,1,0,0,0,0,10,101,1,0,0,0
00Q000000005985,Ananya Nair,VertexNetworks,IT Manager,Manager,Education,28,Web,5,0,2,0,0,2,1,8,112,1,0,0,0
00Q000000005986,Kavya Mehta,VertexWorks,Coordinator,Individual,Technology,257,Partner,1,1,3,0,0,0,0,28,63,1,0,0,0
00Q000000005987,Priya Sharma,PioneerLabs,Sales Manager,Manager,Retail,985,Web,2,0,1,1,0,0,0,16,97,0,0,0,0
00Q000000005988,Rohan Malhotra,SummitSolutions,VP Sales,VP,Retail,654,Cold Outbound,1,2,5,3,0,1,1,3,16,0,0,1,1
00Q000000005989,Aarav Khan,HelixNetworks,VP Sales,VP,Technology,95,Paid Ad,1,1,1,0,0,0,0,11,18,1,0,0,0
00Q000000005990,Neha Rao,BlueLabs,Ops Manager,Manager,Finance,28,Paid Ad,1,1,0,0,0,1,0,3,9,1,0,0,0
00Q000000005991,Isha Reddy,LumenGroup,Ops Manager,Manager,Technology,100,Paid Ad,2,0,4,1,0,3,3,0,60,1,1,0,1
00Q000000005992,Divya Singh,BlueLabs,Director of Sales,Director,Technology,789,Referral,4,3,4,0,0,1,0,7,48,0,0,0,1
00Q000000005993,Arjun Khan,LumenSystems,VP Sales,VP,Finance,54,Web,3,2,1,1,0,0,0,18,113,1,0,0,1
00Q000000005994,Divya Singh,BlueIndustries,Director of Sales,Director,Finance,6,Cold Outbound,2,1,1,0,0,1,0,24,96,1,1,0,0
00Q000000005995,Kavya Nair,LumenHealth,IT Manager,Manager,Other,57,Partner,1,0,0,0,1,0,0,1,99,1,1,0,0
00Q000000005996,Neha Iyer,CobaltLabs,Director of Sales,Director,Other,65,Web,7,3,1,1,0,1,2,84,59,1,0,0,0
00Q000000005997,Dev Nair,HelixIndustries,VP Sales,VP,Manufacturing,6,Web,5,5,1,0,0,2,0,3,95,1,0,0,0
00Q000000005998,Divya Kapoor,CobaltLabs,Engineer,Individual,Retail,140,Referral,4,1,4,2,0,4,0,9,38,0,0,0,0
00Q000000005999,Meera Sharma,QuantaGroup,Ops Manager,Manager,Other,212,Partner,1,0,0,0,0,0,0,11,68,1,0,0,0
